"blueWins","blueKills","blueDeaths","blueAssists","blueEliteMonsters","blueTowersDestroyed","blueTotalGold","blueAvgLevel","blueGoldDiff","blueExperienceDiff","blueCSPerMin","blueGoldPerMin","redKills","redDeaths","redAssists","redEliteMonsters","redTowersDestroyed","redTotalGold","redAvgLevel","redGoldDiff","redExperienceDiff","redCSPerMin","redGoldPerMin"
0,9,6,11,0,0,17210,6.6,643,-8,19.5,1721,6,9,8,0,0,16567,6.8,-643,8,19.7,1656.7
0,5,5,5,0,0,14712,6.6,-2908,-1173,17.4,1471.2,5,5,2,2,0,17620,6.8,2908,1173,24,1762
0,7,11,4,1,0,16113,6.4,-1172,-1033,18.6,1611.3,11,7,14,0,0,17285,6.8,1172,1033,20.3,1728.5
0,4,5,5,1,0,15157,7,-1321,-7,20.1,1515.7,5,4,10,0,0,16478,7,1321,7,23.5,1647.8
0,6,6,6,0,0,16400,7,-1004,230,21,1640,6,6,7,1,0,17404,7,1004,-230,22.5,1740.4
1,5,3,6,1,0,15899,7,698,101,22.5,1589.9,3,5,2,0,0,15201,7,-698,-101,22.1,1520.1
1,7,6,7,1,0,16874,6.8,2411,1563,22.5,1687.4,6,7,9,0,0,14463,6.4,-2411,-1563,16.4,1446.3
0,5,13,3,0,0,15305,6.4,-2615,-800,20.9,1530.5,13,5,11,1,0,17920,6.6,2615,800,21.8,1792
0,7,7,8,0,0,16401,7.2,-1979,-771,18.9,1640.1,7,7,5,2,0,18380,7.2,1979,771,24,1838
1,4,5,5,1,0,15057,6.8,-1548,-1574,22,1505.7,5,4,4,0,0,16605,6.8,1548,1574,24.7,1660.5
0,4,4,6,0,0,15474,6.6,331,-1585,23.1,1547.4,4,4,5,1,0,15143,7.2,-331,1585,21.6,1514.3
0,11,11,7,1,0,16695,7,-1505,-635,15.7,1669.5,11,11,9,0,0,18200,7,1505,635,18.8,1820
1,7,1,11,1,0,17865,7.4,3274,1659,23.8,1786.5,1,7,1,0,0,14591,6.8,-3274,-1659,24,1459.1
0,4,9,1,1,0,14979,6.6,-3414,-1141,21,1497.9,9,4,11,0,0,18393,7.2,3414,1141,22.9,1839.3
1,4,4,4,0,0,15722,6.8,-470,-187,22.4,1572.2,4,4,3,0,0,16192,7,470,187,24.2,1619.2
0,3,7,3,0,0,15015,6.8,-1996,-1804,20.9,1501.5,7,3,13,0,0,17011,7.2,1996,1804,23.7,1701.1
1,10,2,8,0,0,19733,7.6,5228,3378,26.3,1973.3,2,10,2,1,0,14505,6.8,-5228,-3378,21,1450.5
0,3,7,3,1,0,14852,6.8,-1975,-1345,20.3,1485.2,7,3,6,0,0,16827,6.8,1975,1345,21.8,1682.7
1,5,4,11,0,0,16282,6.8,882,512,21.3,1628.2,4,5,3,2,0,15400,6.6,-882,-512,22.8,1540
0,5,9,5,0,0,14994,7,-3155,-2773,18.8,1499.4,9,5,9,0,0,18149,7.4,3155,2773,21.9,1814.9
1,11,6,15,1,0,18606,7.2,2526,1625,21.4,1860.6,6,11,4,0,0,16080,7,-2526,-1625,22.5,1608
0,4,13,5,0,0,15878,6.8,-2835,-2821,20.3,1587.8,13,4,14,1,0,18713,7.2,2835,2821,20.9,1871.3
0,4,6,3,0,0,15773,7,-1254,-567,23.8,1577.3,6,4,10,1,0,17027,7,1254,567,23.1,1702.7
0,4,3,4,2,0,15906,6.8,406,1283,23.8,1590.6,3,4,3,0,0,15500,7,-406,-1283,22,1550
1,6,9,10,0,0,16515,6.8,-1020,493,20.8,1651.5,9,6,13,0,0,17535,6.6,1020,-493,19.7,1753.5
0,4,8,4,0,0,15415,6.2,-2472,-1067,20.4,1541.5,8,4,13,1,0,17887,7,2472,1067,22.1,1788.7
1,8,6,9,1,0,17178,7,1260,-55,20.9,1717.8,6,8,3,0,0,15918,6.8,-1260,55,23.3,1591.8
0,7,4,9,0,0,17226,7,1857,2015,22.8,1722.6,4,7,2,1,0,15369,6.6,-1857,-2015,20.2,1536.9
0,8,6,13,1,0,17474,6.8,1320,-413,21.7,1747.4,6,8,11,0,0,16154,6.8,-1320,413,22.3,1615.4
0,3,8,2,1,0,14905,6.8,-3282,-1647,23.3,1490.5,8,3,12,0,0,18187,7.4,3282,1647,22.5,1818.7
1,9,4,10,1,0,18132,7,2883,2111,22.8,1813.2,4,9,2,0,0,15249,6.2,-2883,-2111,22.7,1524.9
1,5,2,6,2,0,16053,6.8,1703,1696,21.8,1605.3,2,5,2,0,0,14350,6.4,-1703,-1696,20.6,1435
0,6,4,7,0,0,16438,6.8,608,-85,20.3,1643.8,4,6,4,1,0,15830,6.8,-608,85,20.6,1583
0,5,4,4,0,0,15634,6.8,71,-359,20.1,1563.4,4,5,4,1,0,15563,6.8,-71,359,22.2,1556.3
1,6,4,4,0,0,16085,7.4,275,872,20.4,1608.5,4,6,5,1,0,15810,7.2,-275,-872,22.3,1581
0,3,4,6,0,0,14981,6.8,-809,638,23.5,1498.1,4,3,7,2,0,15790,6.8,809,-638,21.8,1579
0,2,8,2,1,0,15421,7.2,-2771,-1125,21.7,1542.1,8,2,5,0,0,18192,7.4,2771,1125,23.4,1819.2
0,5,6,4,1,0,15665,6.8,-1730,-1236,20.3,1566.5,6,5,6,1,0,17395,7,1730,1236,21.4,1739.5
0,7,9,5,1,0,17528,7.2,-904,1377,23.4,1752.8,9,7,9,1,0,18432,7,904,-1377,22.7,1843.2
0,3,6,3,1,0,15032,6.6,-1683,-1363,21.3,1503.2,6,3,6,1,0,16715,7,1683,1363,23.6,1671.5
0,4,11,3,0,0,15483,6.8,-3025,-1833,22.2,1548.3,11,4,16,1,0,18508,7.2,3025,1833,21.3,1850.8
1,10,6,12,0,0,19226,7.4,3004,2300,23.1,1922.6,6,10,7,0,0,16222,7,-3004,-2300,18.5,1622.2
1,9,6,14,1,0,16945,6.8,1574,761,20.4,1694.5,6,9,6,0,0,15371,6.8,-1574,-761,19.4,1537.1
1,5,5,3,0,0,15000,6.6,-1036,-1423,23.3,1500,5,5,4,0,0,16036,7,1036,1423,22.1,1603.6
0,3,4,2,1,0,15888,7.4,16,433,25.2,1588.8,4,3,2,1,0,15872,7,-16,-433,24.3,1587.2
0,1,10,0,0,0,12925,6.4,14,-4210,18.7,1292.5,10,1,6,1,0,19311,7.2,-14,4210,24.7,1931.1
1,11,2,9,0,0,19250,7.6,5096,3310,25.1,1925,2,11,2,0,0,14154,6.4,-5096,-3310,19.6,1415.4
1,8,4,5,1,0,18355,7,2756,1683,21.8,1835.5,4,8,5,0,0,15599,6.8,-2756,-1683,20,1559.9
1,2,3,2,1,0,13978,6.6,-977,-1025,18,1397.8,3,2,1,0,0,14955,6.8,977,1025,21.8,1495.5
0,5,5,8,0,0,15851,6.8,-808,-1655,20.6,1585.1,5,5,6,0,0,16659,7.2,808,1655,24.1,1665.9
0,7,9,5,0,0,16474,6.6,-1559,-407,20.9,1647.4,9,7,13,1,0,18033,6.8,1559,407,20.6,1803.3
1,6,8,6,0,0,16590,7,544,75,21.3,1659,8,6,7,0,0,16046,7,-544,-75,18.2,1604.6
1,5,2,2,2,0,15737,7,1381,1017,21.7,1573.7,2,5,1,0,0,14356,7,-1381,-1017,21.2,1435.6
1,5,3,5,0,0,16990,7.4,2031,1449,24.8,1699,3,5,5,1,0,14959,7,-2031,-1449,21,1495.9
0,3,3,2,1,0,15297,7,131,370,24.6,1529.7,3,3,1,0,0,15166,7.2,-131,-370,22.7,1516.6
0,4,10,4,1,0,15651,7,-2699,-2749,22.4,1565.1,10,4,11,1,0,18350,7.4,2699,2749,20.1,1835
0,5,7,7,1,0,15587,6.8,-1672,-2698,18.1,1558.7,7,5,6,0,0,17259,7.4,1672,2698,21.8,1725.9
1,10,6,11,1,0,17777,7.2,1201,316,21.3,1777.7,6,10,5,0,0,16576,6.8,-1201,-316,23.4,1657.6
1,7,5,5,2,0,16426,7,-108,59,22.2,1642.6,5,7,4,0,0,16534,6.8,108,-59,24.7,1653.4
0,10,7,11,0,0,20278,7.2,4633,2269,23.6,2027.8,7,10,6,1,0,15645,6.6,-4633,-2269,18.2,1564.5
0,2,7,0,0,0,13791,6.6,-2262,-1391,19.1,1379.1,7,2,4,1,0,16053,6.8,2262,1391,21.8,1605.3
0,6,7,5,0,0,16505,7,-49,500,20.8,1650.5,7,6,10,1,0,16554,6.8,49,-500,20.7,1655.4
1,6,4,4,1,0,17277,7.2,1687,1089,22.9,1727.7,4,6,5,1,0,15590,7.2,-1687,-1089,23.2,1559
1,9,1,10,2,0,18269,7.2,3933,2922,22.9,1826.9,1,9,1,0,0,14336,6.4,-3933,-2922,23.3,1433.6
0,4,10,3,1,0,14166,6.6,-4061,-4397,20.3,1416.6,10,4,6,0,0,18227,7.4,4061,4397,22.4,1822.7
0,6,12,7,0,0,15456,6.6,-4920,-3280,18.8,1545.6,12,6,11,1,0,20376,7.4,4920,3280,24,2037.6
0,4,5,2,0,0,15180,7,-1705,-1839,21,1518,5,4,1,0,0,16885,7.2,1705,1839,22.7,1688.5
0,7,8,8,1,0,16179,6.8,105,-1547,21.2,1617.9,8,7,5,1,0,16074,7,-105,1547,20,1607.4
1,3,5,3,0,0,16026,7,-554,521,23.3,1602.6,5,3,6,1,0,16580,6.8,554,-521,23.4,1658
0,4,5,4,0,0,14850,6.8,-1037,-1577,19.8,1485,5,4,5,1,0,15887,7,1037,1577,24.1,1588.7
0,9,8,7,1,0,17347,7,-1144,480,20.2,1734.7,8,9,11,1,0,18491,7,1144,-480,19.9,1849.1
1,5,4,6,0,0,15887,6.8,1173,953,20,1588.7,4,5,3,1,0,14714,6.6,-1173,-953,18.6,1471.4
0,8,2,11,0,0,17399,7,3194,2534,23.2,1739.9,2,8,2,1,0,14205,6.6,-3194,-2534,20.8,1420.5
0,2,7,1,1,0,13828,6.6,-2622,-1136,20.4,1382.8,7,2,7,0,0,16450,6.8,2622,1136,19.2,1645
1,6,4,4,1,0,16645,7.2,1151,470,24.2,1664.5,4,6,3,1,0,15494,7,-1151,-470,20.5,1549.4
1,6,4,8,2,0,16248,6.8,1463,1490,20,1624.8,4,6,8,0,0,14785,6.6,-1463,-1490,16.9,1478.5
0,4,6,1,0,0,15310,7,-1038,-1307,22.1,1531,6,4,5,2,0,16348,7.2,1038,1307,22.6,1634.8
1,8,4,7,1,0,16784,6.6,1424,1060,21.2,1678.4,4,8,5,0,0,15360,6.4,-1424,-1060,18,1536
1,13,9,6,1,0,19032,7.4,527,721,23.2,1903.2,9,13,5,0,0,18505,7,-527,-721,21.6,1850.5
0,7,6,12,0,0,17518,7.2,1807,932,24.2,1751.8,6,7,9,2,0,15711,6.8,-1807,-932,19.8,1571.1
0,11,4,12,1,0,18976,7.4,2856,1262,25.6,1897.6,4,11,6,1,0,16120,7.2,-2856,-1262,21,1612
0,6,6,10,1,0,16143,6.6,-964,-2454,20.4,1614.3,6,6,3,1,0,17107,7,964,2454,24.1,1710.7
0,7,8,6,1,0,15868,7,-178,524,19.9,1586.8,8,7,6,1,0,16046,6.8,178,-524,17.8,1604.6
1,9,8,7,1,0,17977,7,705,192,23.5,1797.7,8,9,8,0,0,17272,7,-705,-192,20.7,1727.2
1,10,10,14,1,0,18138,7,908,306,20.8,1813.8,10,10,16,0,0,17230,7,-908,-306,21,1723
1,7,2,12,2,0,18025,7.2,3558,3243,26.1,1802.5,2,7,3,0,0,14467,6.8,-3558,-3243,22,1446.7
0,1,6,0,0,0,14625,6.8,-1299,-49,24.1,1462.5,6,1,3,1,0,15924,7,1299,49,21.8,1592.4
1,5,8,7,1,0,15752,6.6,-1763,-1864,20.1,1575.2,8,5,6,0,0,17515,7.2,1763,1864,24.8,1751.5
1,10,4,12,0,0,18480,7.4,2547,2189,23.2,1848,4,10,4,0,0,15933,6.6,-2547,-2189,24.7,1593.3
0,3,10,2,1,0,14995,6.6,-3685,-3119,21,1499.5,10,3,13,1,0,18680,7.4,3685,3119,20,1868
0,7,11,3,0,0,15655,6.4,-3689,-4682,19.4,1565.5,11,7,7,1,0,19344,7.2,3689,4682,21.6,1934.4
0,3,5,2,0,0,15562,7.2,-764,803,23.6,1556.2,5,3,6,2,0,16326,6.8,764,-803,23.3,1632.6
1,9,2,5,0,0,17139,7.2,3037,2694,22.3,1713.9,2,9,2,1,0,14102,6.6,-3037,-2694,21.3,1410.2
1,7,7,6,0,0,19229,7.2,3545,2162,25.7,1922.9,7,7,10,1,0,15684,6.6,-3545,-2162,21.8,1568.4
0,7,7,10,1,0,16972,7.2,-1031,-394,20.9,1697.2,7,7,7,0,0,18003,7.4,1031,394,25.5,1800.3
0,5,10,6,0,0,16249,7,-1796,-749,21.3,1624.9,10,5,15,1,0,18045,7,1796,749,21.4,1804.5
1,5,4,9,0,0,16415,6.8,1626,747,24.7,1641.5,4,5,5,1,0,14789,7,-1626,-747,20.3,1478.9
1,6,8,10,1,0,18012,7.2,832,1330,25,1801.2,8,6,11,1,0,17180,7,-832,-1330,18.6,1718
1,11,6,11,2,0,19294,7.4,2750,2647,24.2,1929.4,6,11,9,0,0,16544,7,-2750,-2647,20.3,1654.4
0,5,8,4,1,0,15383,6.8,-1524,-827,22.7,1538.3,8,5,11,0,0,16907,7,1524,827,18.6,1690.7
0,6,8,2,1,0,15777,6.6,-1370,-875,22.4,1577.7,8,6,9,0,0,17147,7,1370,875,21,1714.7
0,4,6,4,0,0,14805,6.6,-1506,-412,20.9,1480.5,6,4,7,1,0,16311,7,1506,412,23.1,1631.1
0,6,7,2,0,0,15244,6.6,-1101,-718,19.9,1524.4,7,6,5,2,0,16345,7,1101,718,21.2,1634.5
0,8,3,7,1,0,17574,7.2,2774,2207,25.2,1757.4,3,8,2,1,0,14800,6.6,-2774,-2207,22.5,1480
0,8,11,9,0,0,16655,7,-1806,-588,22.2,1665.5,11,8,13,2,0,18461,7,1806,588,21.5,1846.1
0,6,4,8,1,0,16855,7,1265,1248,24.8,1685.5,4,6,4,1,0,15590,6.8,-1265,-1248,20.7,1559
1,6,14,4,0,0,15786,6.6,-4443,-4140,20,1578.6,14,6,9,1,0,20229,7.6,4443,4140,22.7,2022.9
0,3,5,1,0,0,15143,7.2,-927,967,23.3,1514.3,5,3,7,1,0,16070,7,927,-967,21.6,1607
1,9,5,9,0,0,17309,7,1425,728,22.1,1730.9,5,9,3,2,0,15884,6.8,-1425,-728,20.8,1588.4
1,6,4,6,1,0,16416,7.4,1177,1161,21.1,1641.6,4,6,2,0,0,15239,7,-1177,-1161,20.4,1523.9
1,2,7,2,1,0,15222,7,-1586,410,23.1,1522.2,7,2,14,1,0,16808,6.8,1586,-410,21.1,1680.8
0,5,10,3,2,0,15526,6.8,-2896,-2081,23.2,1552.6,10,5,6,0,0,18422,7.4,2896,2081,23.6,1842.2
1,12,9,10,0,0,17597,6.4,905,1054,21.8,1759.7,9,12,9,0,0,16692,6.2,-905,-1054,18.1,1669.2
0,9,6,6,0,0,16834,6.2,-3887,-3392,18.7,1683.4,6,9,6,0,0,16378,7,3887,3392,21.1,1637.8
1,12,6,12,1,0,19058,7.2,3413,2984,20.2,1905.8,6,12,7,0,0,15645,6.6,-3413,-2984,21,1564.5
0,7,9,5,2,0,16806,7,-256,-1580,22.8,1680.6,9,7,7,0,0,17062,7.4,256,1580,23,1706.2
1,7,10,7,0,0,16643,6.8,-1820,-1412,22.7,1664.3,10,7,11,0,0,18463,7.2,1820,1412,23.1,1846.3
1,6,4,12,1,0,16189,6.8,625,-534,22.4,1618.9,4,6,4,0,0,15564,7,-625,534,21.7,1556.4
0,2,6,1,0,0,14095,6.8,-3628,-2009,19.6,1409.5,6,2,4,1,0,17723,7,3628,2009,26.6,1772.3
0,5,5,7,1,0,16804,6.8,769,480,21.7,1680.4,5,5,6,1,0,16035,6.4,-769,-480,23.3,1603.5
0,8,8,8,1,0,17305,7,-576,-682,22.9,1730.5,8,8,6,1,0,17881,7,576,682,19.8,1788.1
0,3,9,2,0,0,14539,6.4,-3900,-3550,21.3,1453.9,9,3,8,1,0,18439,7.6,3900,3550,25.5,1843.9
1,9,8,10,1,0,17530,7,-7,-231,19.2,1753,8,9,8,1,0,17537,7.2,7,231,20.9,1753.7
1,10,7,10,0,0,18431,7.2,1683,1433,20.7,1843.1,7,10,5,1,0,16748,7,-1683,-1433,23.1,1674.8
0,3,10,2,0,0,14032,6.8,-4782,-3408,19.3,1403.2,10,3,11,1,0,18814,7.4,4782,3408,24.5,1881.4
1,9,7,11,1,0,17869,7,636,-214,20.5,1786.9,7,9,9,0,0,17233,6.8,-636,214,21.5,1723.3
1,7,14,6,1,0,15974,6.2,-3421,-2624,18.3,1597.4,14,7,12,0,0,19395,7.2,3421,2624,21.9,1939.5
1,5,3,6,1,0,16108,7.2,976,1599,24,1610.8,3,5,5,0,0,15132,6.8,-976,-1599,23,1513.2
0,6,7,6,0,0,16302,6.8,-211,-1305,21.2,1630.2,7,6,7,1,0,16513,7.2,211,1305,21.1,1651.3
1,7,5,6,0,0,16750,6.8,1221,462,21.5,1675,5,7,5,0,0,15529,6.8,-1221,-462,19.7,1552.9
1,7,1,8,0,0,16506,7.2,2037,1291,22.6,1650.6,1,7,0,1,0,14469,6.6,-2037,-1291,21.7,1446.9
1,6,3,11,1,0,16389,7,817,-94,24.1,1638.9,3,6,3,0,0,15572,6.8,-817,94,22.9,1557.2
1,4,4,4,0,0,15760,7,-137,-351,21.5,1576,4,4,1,1,0,15897,7,137,351,22.7,1589.7
1,4,7,4,1,0,15176,6.4,-1539,-1497,22.6,1517.6,7,4,12,0,0,16715,7.2,1539,1497,20.5,1671.5
0,5,7,4,0,0,15196,6.4,-1707,-1286,19.1,1519.6,7,5,10,1,0,16903,7,1707,1286,21.6,1690.3
1,6,9,2,1,0,16250,7,-556,-235,22.8,1625,9,6,13,0,0,16806,6.8,556,235,21.8,1680.6
1,9,7,15,1,0,16541,6.6,-146,-717,19.9,1654.1,7,9,8,1,0,16687,6.8,146,717,22.5,1668.7
1,12,4,9,1,0,18657,7.2,4083,2884,22.7,1865.7,4,12,1,1,0,14574,6.6,-4083,-2884,19.1,1457.4
1,5,5,6,0,0,16873,7.2,1389,1418,22.3,1687.3,5,5,7,1,0,15484,6.8,-1389,-1418,22.6,1548.4
0,3,4,3,1,0,14383,6.4,-890,-528,21.1,1438.3,4,3,5,1,0,15273,6.4,890,528,20.8,1527.3
0,4,9,5,0,0,14420,6.4,-2519,-1095,19.2,1442,9,4,15,0,0,16939,6.4,2519,1095,19.4,1693.9
0,4,6,4,0,0,14720,6.2,-4440,-4020,18.3,1472,6,4,14,0,0,19160,7.4,4440,4020,20.1,1916
1,7,6,7,0,0,17406,7.2,1140,705,25.1,1740.6,6,7,4,2,0,16266,7.2,-1140,-705,19,1626.6
0,5,7,2,0,0,15210,6.4,-1656,-1832,17.2,1521,7,5,3,0,0,16866,6.8,1656,1832,21.9,1686.6
1,10,5,16,0,0,17272,6.4,2171,-261,19.2,1727.2,5,10,6,2,0,15101,6.6,-2171,261,19.9,1510.1
1,12,4,15,0,0,19358,7.2,3841,2484,20.6,1935.8,4,12,3,0,0,15517,6.8,-3841,-2484,21.6,1551.7
1,4,11,5,1,0,16855,6.6,-885,-2172,23.2,1685.5,11,4,15,1,0,17740,7.2,885,2172,21.6,1774
0,3,8,4,2,0,15209,6.6,-2752,-2286,19.1,1520.9,8,3,9,0,0,17961,7.2,2752,2286,24.1,1796.1
1,13,9,6,0,0,19542,7,2081,466,20.7,1954.2,9,13,11,0,0,17461,7,-2081,-466,20,1746.1
0,4,3,4,0,0,15267,6.6,453,-19,23.2,1526.7,3,4,3,0,0,14814,6.8,-453,19,20.9,1481.4
0,3,1,3,1,0,15243,6.6,830,-1002,22.4,1524.3,1,3,1,1,0,14413,6.8,-830,1002,22,1441.3
0,8,8,3,0,0,16214,6.8,94,-445,20.3,1621.4,8,8,6,0,0,16120,7,-94,445,16.8,1612
0,8,6,12,2,0,15976,7,-722,891,17.8,1597.6,6,8,6,0,0,16698,6.6,722,-891,23.2,1669.8
0,6,7,10,1,0,16557,6.8,-1491,-799,23,1655.7,7,6,11,1,0,18048,7,1491,799,22.2,1804.8
0,6,14,3,0,0,16142,6.8,-3109,-1745,19.8,1614.2,14,6,16,2,0,19251,7,3109,1745,20.1,1925.1
0,7,11,9,0,0,17984,7.2,537,-477,23,1798.4,11,7,11,1,0,17447,7.2,-537,477,17.8,1744.7
1,13,5,10,2,0,20038,7.8,4079,-28,22.2,2003.8,5,13,6,0,0,15959,6.6,-4079,28,20.8,1595.9
1,10,5,13,0,0,19571,7.2,4006,2081,21.3,1957.1,5,10,6,0,0,15565,6.6,-4006,-2081,21,1556.5
0,3,10,4,0,0,14557,6.4,-3582,-28,20,1455.7,10,3,10,2,0,18139,7.6,3582,28,24.6,1813.9
1,6,6,5,0,0,16029,7,-355,233,20.5,1602.9,6,6,5,1,0,16384,7,355,-233,22.4,1638.4
1,7,6,8,0,0,18053,6.6,3464,994,20.7,1805.3,6,7,6,0,0,14589,6.4,-3464,-994,17.8,1458.9
1,9,5,9,1,0,18098,7,2217,2183,22.5,1809.8,5,9,3,1,0,15881,6.6,-2217,-2183,22.9,1588.1
1,8,3,9,2,0,18343,7.2,3049,1511,23.5,1834.3,3,8,2,0,0,15294,7,-3049,-1511,23.4,1529.4
1,5,6,4,1,0,15596,7,-305,-474,19.8,1559.6,6,5,7,0,0,15901,7,305,474,19.9,1590.1
0,4,2,6,1,0,15812,7,1325,479,22.9,1581.2,2,4,1,1,0,14487,7,-1325,-479,21.8,1448.7
1,6,6,10,0,0,15947,6.4,-53,87,22.1,1594.7,6,6,9,1,0,16000,6.4,53,-87,20.3,1600
0,5,9,5,0,0,14997,6.6,-2865,-1441,19.6,1499.7,9,5,7,1,0,17862,6.8,2865,1441,23.7,1786.2
0,7,7,5,0,0,16463,6.8,-93,-561,21.5,1646.3,7,7,8,1,0,16556,7,93,561,21.7,1655.6
0,6,7,7,0,0,16072,6.6,-420,-1185,22.5,1607.2,7,6,10,1,0,16492,7.2,420,1185,21.2,1649.2
1,7,3,6,1,0,19140,7.4,5008,2355,25.3,1914,3,7,3,1,0,14132,6.8,-5008,-2355,17.9,1413.2
0,4,6,1,0,0,14547,6.4,-2074,-1795,18.8,1454.7,6,4,5,2,0,16621,6.8,2074,1795,19.6,1662.1
1,5,4,7,1,0,15644,6.8,-3,1013,18.8,1564.4,4,5,7,0,0,15647,6.6,3,-1013,19,1564.7
0,5,5,5,0,0,15734,7,-837,-660,21.3,1573.4,5,5,7,2,0,16571,7,837,660,24.9,1657.1
1,5,5,6,1,0,16794,6.8,510,-747,22.9,1679.4,5,5,6,1,0,16284,7.2,-510,747,21.6,1628.4
0,6,11,8,1,0,15930,6.8,-3549,-2407,20,1593,11,6,12,0,0,19479,7.4,3549,2407,21.4,1947.9
1,6,6,6,0,0,16936,7.2,272,359,24,1693.6,6,6,7,1,0,16664,6.8,-272,-359,19.9,1666.4
1,9,5,9,0,0,17941,7.2,2187,2189,23,1794.1,5,9,5,0,0,15754,7,-2187,-2189,20.6,1575.4
0,2,8,4,0,0,13698,6.2,-4907,-2556,22.2,1369.8,8,2,11,1,0,18605,7,4907,2556,24.2,1860.5
1,5,4,3,1,0,15943,7.4,63,648,23.8,1594.3,4,5,5,0,0,15880,7,-63,-648,21,1588
1,4,8,6,1,0,15891,7,-2132,-484,22.2,1589.1,8,4,13,1,0,18023,7,2132,484,23,1802.3
0,5,6,5,1,0,16216,7,-976,-964,21.1,1621.6,6,5,8,1,0,17192,7.6,976,964,22.2,1719.2
0,3,5,3,0,0,14754,6.6,-1342,-1966,18.6,1475.4,5,3,6,1,0,16096,7.2,1342,1966,21.8,1609.6
1,8,2,5,1,0,16909,7.2,2304,2532,22.9,1690.9,2,8,2,0,0,14605,6.2,-2304,-2532,20.8,1460.5
1,10,2,11,0,0,18858,7.2,4219,3379,21.8,1885.8,2,10,1,1,0,14639,6.6,-4219,-3379,21.9,1463.9
0,6,7,7,0,0,15952,6.8,-2049,-2340,18,1595.2,7,6,9,0,0,18001,7.2,2049,2340,24.3,1800.1
0,1,5,2,0,0,13286,6.2,-4179,-3823,18.7,1328.6,5,1,4,1,0,17465,7,4179,3823,23.6,1746.5
0,6,6,9,0,0,16812,7.2,-66,-1073,26.9,1681.2,6,6,3,1,0,16878,7,66,1073,24.5,1687.8
1,9,7,13,2,0,17906,6.8,510,142,17.8,1790.6,7,9,4,0,0,17396,6.8,-510,-142,21.5,1739.6
0,4,3,2,1,0,16408,7.2,2591,1567,26.3,1640.8,3,4,1,1,0,13817,6.8,-2591,-1567,20.8,1381.7
0,4,12,5,0,0,15056,6.4,-3772,-3034,19.8,1505.6,12,4,6,1,0,18828,7.4,3772,3034,17.7,1882.8
0,6,6,11,1,0,17831,6.8,965,-878,24,1783.1,6,6,7,0,0,16866,7,-965,878,23.3,1686.6
0,1,5,1,0,0,13738,6.6,-3468,-2158,22.3,1373.8,5,1,7,2,0,17206,7.4,3468,2158,25.9,1720.6
1,14,3,15,0,0,20317,7.4,6153,3916,21.2,2031.7,3,14,4,0,0,14164,6.4,-6153,-3916,19.6,1416.4
0,0,5,0,0,0,14091,6.4,-2216,-2730,23.3,1409.1,5,0,8,1,0,16307,7,2216,2730,22.9,1630.7
0,6,11,4,1,0,16036,6.6,-2308,-1767,19.1,1603.6,11,6,14,0,0,18344,7.2,2308,1767,20.6,1834.4
1,6,6,5,1,0,17052,6.6,1917,-179,21,1705.2,6,6,3,1,0,15135,7,-1917,179,19.4,1513.5
0,4,7,6,0,0,16354,7,-1676,-1759,26.8,1635.4,7,4,8,1,0,18030,7.4,1676,1759,24.4,1803
1,10,5,8,1,0,18297,7.2,2709,1259,24.2,1829.7,5,10,7,0,0,15588,6.8,-2709,-1259,21.4,1558.8
0,6,8,5,0,0,15748,6.6,-1304,-552,22.2,1574.8,8,6,12,1,0,17052,6.8,1304,552,21.6,1705.2
1,8,5,10,1,0,17886,7.4,1824,1409,22.9,1788.6,5,8,5,0,0,16062,7.2,-1824,-1409,22.2,1606.2
0,11,8,15,0,0,17069,6.6,229,-45,17.4,1706.9,8,11,9,2,0,16840,6.8,-229,45,21.2,1684
1,4,4,4,1,0,16631,7.2,1507,1667,25.2,1663.1,4,4,1,0,0,15124,7,-1507,-1667,21.4,1512.4
0,1,5,3,1,0,14766,7,-1787,-1135,23.1,1476.6,5,1,4,0,0,16553,7,1787,1135,23.5,1655.3
0,8,7,3,0,0,17113,7.2,815,1397,23.4,1711.3,7,8,4,0,0,16298,6.8,-815,-1397,18.2,1629.8
0,5,14,6,1,0,15120,6.6,-4767,-28,16.7,1512,14,5,9,0,0,19887,7.8,4767,28,23.8,1988.7
0,4,6,6,0,0,15339,6.6,-1861,-2532,22.1,1533.9,6,4,10,1,0,17200,7,1861,2532,26.2,1720
0,1,14,1,1,0,13438,7,14,-4485,17.4,1343.8,14,1,6,0,0,16378,7,-14,4485,23.4,1637.8
1,4,9,3,0,0,15582,6.8,-2058,-2051,21.2,1558.2,9,4,11,0,0,17640,7.2,2058,2051,22.4,1764
1,5,5,7,1,0,15441,6.6,-575,-208,20.1,1544.1,5,5,3,0,0,16016,6.8,575,208,21.3,1601.6
0,4,2,2,1,0,16002,7.2,1765,701,24.5,1600.2,2,4,1,0,0,14237,6.8,-1765,-701,21.2,1423.7
0,5,5,8,1,0,16009,6.8,540,269,22,1600.9,5,5,8,1,0,15469,6.8,-540,-269,18.5,1546.9
1,12,9,15,0,0,18106,6.6,862,-442,18.6,1810.6,9,12,11,1,0,17244,6.8,-862,442,20.4,1724.4
1,6,2,9,1,0,16501,6.6,2761,1659,22.1,1650.1,2,6,1,0,0,13740,6.6,-2761,-1659,20.1,1374
0,3,8,3,0,0,15505,6.8,-1249,-853,22.7,1550.5,8,3,5,1,0,16754,7.2,1249,853,21.4,1675.4
1,5,5,3,0,0,16195,7,-75,655,24.4,1619.5,5,5,5,1,0,16270,7,75,-655,21.7,1627
1,14,5,12,1,0,20294,6.8,5805,4777,23,2029.4,5,14,6,0,0,14489,7,-5805,-4777,17.8,1448.9
0,5,7,3,1,0,15475,7,-810,-305,19.8,1547.5,7,5,11,1,0,16285,7,810,305,21.2,1628.5
0,5,4,6,1,0,16243,7,1034,706,22.5,1624.3,4,5,2,0,0,15209,6.8,-1034,-706,22.7,1520.9
1,3,7,2,0,0,15065,6.6,-2595,-2856,23.1,1506.5,7,3,6,1,0,17660,7.4,2595,2856,26,1766
1,1,2,3,0,0,14359,6.8,-334,-73,22.8,1435.9,2,1,1,1,0,14693,6.6,334,73,22.3,1469.3
1,11,4,8,2,0,19377,7.4,3806,2161,23.3,1937.7,4,11,4,0,0,15571,7,-3806,-2161,23.1,1557.1
0,2,7,2,0,0,14135,6.8,-2711,-2547,22,1413.5,7,2,7,0,0,16846,7.2,2711,2547,23,1684.6
1,8,4,8,0,0,17448,6.8,2551,1754,24.2,1744.8,4,8,7,0,0,14897,6.6,-2551,-1754,19.5,1489.7
0,6,3,9,1,0,15958,6.6,66,-446,21.3,1595.8,3,6,3,0,0,15892,6.8,-66,446,25.4,1589.2
0,10,5,13,1,0,18287,7.2,2242,727,21.3,1828.7,5,10,3,0,0,16045,6.8,-2242,-727,22.5,1604.5
0,2,5,2,1,0,15534,7,-893,-213,25.2,1553.4,5,2,8,0,0,16427,7,893,213,23.1,1642.7
0,2,5,2,0,0,14935,7,-1208,-152,23,1493.5,5,2,8,1,0,16143,7,1208,152,24.8,1614.3
1,12,4,11,0,0,19331,7.2,4003,2566,25.5,1933.1,4,12,5,1,0,15328,6.8,-4003,-2566,21.5,1532.8
1,8,6,7,1,0,17131,7.4,819,2149,24,1713.1,6,8,9,0,0,16312,7,-819,-2149,20.6,1631.2
1,9,3,10,0,0,17983,7,4009,1935,23,1798.3,3,9,1,1,0,13974,6.6,-4009,-1935,18.3,1397.4
0,5,6,5,1,0,16842,7,-259,-1001,22.1,1684.2,6,5,6,0,0,17101,7.4,259,1001,24.7,1710.1
0,9,6,13,0,0,17569,6.8,1728,-738,21.2,1756.9,6,9,7,0,0,15841,7,-1728,738,18,1584.1
0,5,5,3,1,0,15882,6.8,474,393,24.1,1588.2,5,5,6,1,0,15408,6.4,-474,-393,20.7,1540.8
0,9,3,8,0,0,17049,6.8,1863,328,20.2,1704.9,3,9,5,0,0,15186,6.8,-1863,-328,20.4,1518.6
0,1,7,1,0,0,13556,6.8,-3846,-2306,20,1355.6,7,1,7,1,0,17402,7.2,3846,2306,25.3,1740.2
0,1,3,1,0,0,14692,7,-2373,-1592,22.7,1469.2,3,1,5,1,0,17065,7.2,2373,1592,25,1706.5
1,8,7,10,1,0,17000,6.6,218,-204,20.4,1700,7,8,5,0,0,16782,6.8,-218,204,20.9,1678.2
1,6,4,7,0,0,17200,7.2,2208,1929,23.5,1720,4,6,5,0,0,14992,6.6,-2208,-1929,21.5,1499.2
0,5,7,2,1,0,15409,7.2,-1440,-373,21.7,1540.9,7,5,9,0,0,16849,7.2,1440,373,24.1,1684.9
0,10,12,13,1,0,17283,6.4,-845,-1743,18.4,1728.3,12,10,7,0,0,18128,6.8,845,1743,20.8,1812.8
0,5,9,5,0,0,15477,6.4,-2635,-2694,17.3,1547.7,9,5,12,1,0,18112,7,2635,2694,24.1,1811.2
1,6,1,8,2,0,16763,7,2817,2414,22.4,1676.3,1,6,1,0,0,13946,6.4,-2817,-2414,20.7,1394.6
1,9,5,4,2,0,18434,7.4,2812,2497,22.3,1843.4,5,9,3,0,0,15622,7.2,-2812,-2497,22.6,1562.2
0,1,6,2,0,0,13731,6.6,-3864,-2759,21.8,1373.1,6,1,10,1,0,17595,7.2,3864,2759,26.3,1759.5
1,5,6,6,1,0,17251,7.4,334,955,23.3,1725.1,6,5,5,0,0,16917,7,-334,-955,23,1691.7
1,7,6,5,1,0,17051,7,1909,2436,24.6,1705.1,6,7,8,0,0,15142,6.4,-1909,-2436,19.6,1514.2
0,7,7,6,0,0,16346,7,-346,-358,20.9,1634.6,7,7,7,0,0,16692,7.2,346,358,18.2,1669.2
1,14,4,14,0,0,16398,7.6,5802,-28,24.9,1639.8,4,14,5,1,0,15293,6.2,-5802,28,18.6,1529.3
1,6,4,3,1,0,16434,7,1085,1048,22.8,1643.4,4,6,2,0,0,15349,6.6,-1085,-1048,22,1534.9
0,4,11,2,1,0,15834,6.8,-2383,-1807,19.7,1583.4,11,4,7,0,0,18217,7.4,2383,1807,18.2,1821.7
1,8,9,9,1,0,16968,7,306,1895,21.4,1696.8,9,8,10,0,0,16662,6.6,-306,-1895,20.8,1666.2
0,5,7,7,0,0,15949,6.8,-1568,-1850,20.9,1594.9,7,5,8,1,0,17517,7.2,1568,1850,21.5,1751.7
1,5,7,3,1,0,16056,6.8,-1419,-1156,23.4,1605.6,7,5,13,1,0,17475,7,1419,1156,22.7,1747.5
1,10,6,8,1,0,18392,6.8,2263,1634,22.2,1839.2,6,10,5,1,0,16129,6.4,-2263,-1634,21.3,1612.9
1,6,2,9,0,0,16415,7.2,1374,1225,23,1641.5,2,6,2,1,0,15041,6.8,-1374,-1225,21.7,1504.1
1,14,4,6,1,0,19948,7.4,4301,3444,22,1994.8,4,14,4,0,0,15647,6.6,-4301,-3444,20.5,1564.7
1,9,4,6,0,0,18189,7,3905,3713,22,1818.9,4,9,3,0,0,14284,6.2,-3905,-3713,18.1,1428.4
1,3,8,4,0,0,14398,6.6,-2919,-2318,19.4,1439.8,8,3,9,1,0,17317,7,2919,2318,20.7,1731.7
1,6,0,8,1,0,17359,7.4,2923,2787,26.5,1735.9,0,6,0,0,0,14436,6.8,-2923,-2787,24.2,1443.6
0,4,7,3,0,0,15817,6.8,-1059,-951,21,1581.7,7,4,9,2,0,16876,7,1059,951,21.4,1687.6
0,3,5,3,1,0,15861,7,-406,-14,27,1586.1,5,3,7,1,0,16267,7,406,14,23.5,1626.7
1,7,3,7,1,0,16355,7,1143,1251,23.8,1635.5,3,7,2,0,0,15212,7,-1143,-1251,21.6,1521.2
1,11,9,13,0,0,18333,7,736,266,22.5,1833.3,9,11,9,1,0,17597,7.2,-736,-266,20.5,1759.7
0,2,11,3,0,0,14562,6.8,-4816,-3750,19.6,1456.2,11,2,12,1,0,19378,7.4,4816,3750,25.9,1937.8
1,11,6,13,2,0,19677,7.6,3977,3949,23.6,1967.7,6,11,12,0,0,15700,6.4,-3977,-3949,20.8,1570
1,11,7,14,0,0,18793,7,3026,3357,21.7,1879.3,7,11,8,1,0,15767,6.4,-3026,-3357,17.4,1576.7
0,4,12,0,1,0,14276,6.8,-4262,-2426,19,1427.6,12,4,14,0,0,18538,7.2,4262,2426,22.4,1853.8
0,4,1,4,1,0,16808,6.8,2476,772,22.7,1680.8,1,4,0,1,0,14332,6.8,-2476,-772,24.8,1433.2
0,3,9,3,0,0,15002,6.6,-3545,-3206,21.7,1500.2,9,3,10,2,0,18547,7.4,3545,3206,22.4,1854.7
0,4,9,5,1,0,14354,6.4,-4324,-2979,17.3,1435.4,9,4,13,1,0,18678,7,4324,2979,21.3,1867.8
1,5,6,6,1,0,15926,7.2,-496,-837,22.3,1592.6,6,5,5,0,0,16422,7.4,496,837,21.8,1642.2
0,3,5,5,0,0,14742,6.6,-1620,-1442,24.1,1474.2,5,3,6,1,0,16362,7,1620,1442,22.6,1636.2
1,6,10,8,0,0,16481,6.8,-1334,-1607,20.1,1648.1,10,6,12,1,0,17815,7.2,1334,1607,19.8,1781.5
0,9,8,5,0,0,16307,7,-796,-217,19.4,1630.7,8,9,10,0,0,17103,6.8,796,217,21.5,1710.3
1,6,2,3,1,0,16569,7.2,1398,1804,23.8,1656.9,2,6,3,0,0,15171,6.6,-1398,-1804,23.3,1517.1
1,5,3,5,0,0,17322,7,3005,1938,22.9,1732.2,3,5,4,0,0,14317,6.4,-3005,-1938,19.7,1431.7
0,3,8,2,0,0,14711,6.8,-3156,-3287,22.2,1471.1,8,3,6,0,0,17867,7.2,3156,3287,23.8,1786.7
1,3,5,3,2,0,16009,7.2,-473,383,26.8,1600.9,5,3,7,0,0,16482,6.8,473,-383,24.6,1648.2
0,5,10,4,0,0,15102,6.4,-3397,-2282,19.6,1510.2,10,5,12,1,0,18499,7,3397,2282,22.5,1849.9
0,6,9,5,0,0,15499,6.8,-1937,-1514,22.2,1549.9,9,6,12,1,0,17436,7,1937,1514,20.4,1743.6
1,10,4,10,0,0,18456,7.2,3765,2661,21.8,1845.6,4,10,3,0,0,14691,6.8,-3765,-2661,19.3,1469.1
0,5,2,5,1,0,15767,7,384,-690,22.4,1576.7,2,5,3,1,0,15383,7,-384,690,25,1538.3
1,11,5,12,1,0,18890,7.2,2708,682,22.3,1889,5,11,4,0,0,16182,7.2,-2708,-682,23,1618.2
0,4,8,3,0,0,14901,7,-2427,-1462,20.9,1490.1,8,4,7,0,0,17328,7.2,2427,1462,22.4,1732.8
1,6,3,7,1,0,16785,7.4,1901,684,24.5,1678.5,3,6,2,0,0,14884,7,-1901,-684,21.1,1488.4
1,10,5,15,1,0,18786,7.2,2480,1699,23.5,1878.6,5,10,8,1,0,16306,6.8,-2480,-1699,22.1,1630.6
0,1,10,2,1,0,14727,6.6,-3581,-2467,21.9,1472.7,10,1,15,1,0,18308,7,3581,2467,24.8,1830.8
1,10,5,14,2,0,18009,7.2,2911,1378,20,1800.9,5,10,5,0,0,15098,6.8,-2911,-1378,21.2,1509.8
0,1,4,2,1,0,14526,6.8,-1245,-1370,22.4,1452.6,4,1,4,1,0,15771,7,1245,1370,24.1,1577.1
0,8,6,8,1,0,16627,6.8,166,-497,21.2,1662.7,6,8,6,1,0,16461,7,-166,497,20.9,1646.1
0,1,6,1,0,0,13075,6.4,-6309,-3115,16.9,1307.5,6,1,5,0,0,19384,7.2,6309,3115,27,1938.4
0,5,11,4,0,0,16105,6.8,-2047,-2555,21.4,1610.5,11,5,5,1,0,18152,7.6,2047,2555,20.8,1815.2
0,3,4,6,0,0,14782,6.8,-1464,-1509,21.3,1478.2,4,3,4,1,0,16246,7,1464,1509,23.8,1624.6
1,5,3,4,2,0,15889,7,874,-302,21.7,1588.9,3,5,4,0,0,15015,7.2,-874,302,21.5,1501.5
0,2,5,3,1,0,15158,6.8,-627,183,25,1515.8,5,2,9,0,0,15785,6.8,627,-183,24.3,1578.5
0,3,3,4,0,0,15073,6.8,-334,-292,22.7,1507.3,3,3,3,0,0,15407,6.8,334,292,25.1,1540.7
0,7,8,5,1,0,17125,7.2,449,1210,24,1712.5,8,7,13,0,0,16676,7,-449,-1210,17.7,1667.6
0,6,9,6,0,0,16377,6.6,-780,-73,20.9,1637.7,9,6,14,0,0,17157,6.6,780,73,20,1715.7
0,4,6,4,1,0,15888,7.4,-205,1064,23.4,1588.8,6,4,7,0,0,16093,7,205,-1064,21.7,1609.3
0,2,3,3,0,0,14414,6.8,-1731,-1585,22.6,1441.4,3,2,3,0,0,16145,7,1731,1585,26.8,1614.5
0,10,9,9,1,0,18329,7,947,-188,21.9,1832.9,9,10,11,0,0,17382,7.2,-947,188,19.4,1738.2
0,6,7,10,0,0,16245,6.8,-713,-1111,21.5,1624.5,7,6,5,1,0,16958,6.8,713,1111,20.7,1695.8
1,3,4,2,1,0,16120,6.8,1171,-1140,22.3,1612,4,3,3,0,0,14949,7.2,-1171,1140,20.7,1494.9
0,5,7,8,0,0,15548,6.4,-459,-307,19.1,1554.8,7,5,9,1,0,16007,6.8,459,307,19.6,1600.7
1,8,2,12,0,0,17432,7.2,2673,1388,20.9,1743.2,2,8,4,1,0,14759,6.6,-2673,-1388,21.6,1475.9
1,9,7,10,1,0,16922,6.8,-251,-1675,20.7,1692.2,7,9,3,0,0,17173,7.2,251,1675,22.1,1717.3
0,5,2,5,0,0,16142,7.2,534,634,24.5,1614.2,2,5,2,2,0,15608,6.8,-534,-634,27.7,1560.8
0,2,8,2,1,0,14630,6.6,-4005,-2248,21.1,1463,8,2,7,0,0,18635,7.4,4005,2248,27.1,1863.5
1,2,4,1,2,0,15131,7,-318,86,23.9,1513.1,4,2,5,0,0,15449,6.8,318,-86,21.6,1544.9
0,8,5,7,1,0,17697,7.2,2682,2118,20.3,1769.7,5,8,5,1,0,15015,6.6,-2682,-2118,16.5,1501.5
0,4,3,5,1,0,16116,7,2092,1763,24.4,1611.6,3,4,2,0,0,14024,6.4,-2092,-1763,19.1,1402.4
1,10,7,9,0,0,18485,7.4,2300,2148,22.8,1848.5,7,10,6,0,0,16185,7.2,-2300,-2148,18.7,1618.5
1,6,3,4,1,0,16980,7,2642,1346,24.1,1698,3,6,5,0,0,14338,6.6,-2642,-1346,18.8,1433.8
1,5,4,6,0,0,17066,6.8,2833,220,23.6,1706.6,4,5,2,1,0,14233,7,-2833,-220,17.2,1423.3
0,8,8,9,0,0,17202,6.6,-336,-1059,21.4,1720.2,8,8,9,1,0,17538,7,336,1059,21.4,1753.8
0,1,8,2,1,0,14702,6.6,-5136,-3713,21.4,1470.2,8,1,7,0,0,19838,7.6,5136,3713,21.8,1983.8
1,13,7,11,0,0,18692,7.4,1872,3579,23.8,1869.2,7,13,11,0,0,16820,6.6,-1872,-3579,21.5,1682
0,11,13,13,1,0,18549,6.8,-1048,-450,18.2,1854.9,13,11,6,1,0,19597,6.8,1048,450,20.1,1959.7
1,4,5,3,1,0,15859,7.2,-88,-932,24.2,1585.9,5,4,10,0,0,15947,7.2,88,932,22.2,1594.7
1,4,9,5,0,0,16044,7,-1427,-1008,22.4,1604.4,9,4,6,0,0,17471,7.2,1427,1008,24.3,1747.1
1,8,11,6,1,0,15941,6.8,-2440,-1603,18,1594.1,11,8,15,0,0,18381,6.8,2440,1603,21.9,1838.1
0,5,9,4,0,0,15675,6.6,-1614,-2256,22.9,1567.5,9,5,12,1,0,17289,7.2,1614,2256,21.5,1728.9
1,4,7,2,1,0,15682,6.8,-1075,73,23.4,1568.2,7,4,6,0,0,16757,6.8,1075,-73,21.3,1675.7
1,7,8,7,2,0,15843,6.8,-1799,-1304,19,1584.3,8,7,15,0,0,17642,6.8,1799,1304,19.6,1764.2
1,12,3,11,1,0,18248,7.4,3296,3231,20.1,1824.8,3,12,3,0,0,14952,6.4,-3296,-3231,20.1,1495.2
1,4,7,3,0,0,15333,7,-1942,57,20.1,1533.3,7,4,5,1,0,17275,6.8,1942,-57,23.6,1727.5
1,8,4,10,1,0,17496,7.2,2013,247,24.6,1749.6,4,8,3,0,0,15483,7,-2013,-247,22.9,1548.3
1,12,8,15,2,0,19809,7,3574,1210,22.1,1980.9,8,12,11,0,0,16235,6.8,-3574,-1210,16.6,1623.5
1,13,3,9,1,0,19329,7,6000,-28,24.6,1932.9,3,13,5,1,0,13329,7,-6000,28,21.8,1332.9
0,5,9,2,0,0,15600,6.2,-3128,-2320,19.3,1560,9,5,9,1,0,18728,6.8,3128,2320,23.2,1872.8
1,4,4,1,2,0,16292,7.2,1229,1059,27.4,1629.2,4,4,2,0,0,15063,7,-1229,-1059,22,1506.3
0,5,10,6,1,0,17677,7,1285,1300,26.9,1767.7,10,5,9,1,0,16392,6.6,-1285,-1300,17.3,1639.2
0,5,10,6,0,0,15141,6.8,-3274,-1385,17.6,1514.1,10,5,8,1,0,18415,7.2,3274,1385,23.8,1841.5
0,5,8,1,0,0,14897,7,-1770,325,21.2,1489.7,8,5,9,1,0,16667,6.8,1770,-325,19.1,1666.7
1,8,3,14,1,0,17520,7,1892,890,21.1,1752,3,8,4,0,0,15628,6.8,-1892,-890,25,1562.8
0,8,7,9,0,0,17164,7,525,902,22.2,1716.4,7,8,7,0,0,16639,6.8,-525,-902,21.5,1663.9
0,5,6,8,1,0,15999,6.6,-415,-498,23.4,1599.9,6,5,8,0,0,16414,7,415,498,22.6,1641.4
1,2,6,1,0,0,14542,6.8,-1751,-1585,23.4,1454.2,6,2,4,1,0,16293,7,1751,1585,22.9,1629.3
1,14,6,10,1,0,20225,6.6,4453,2458,19.4,2022.5,6,14,6,1,0,15772,6.6,-4453,-2458,18.9,1577.2
0,11,6,10,1,0,18203,7,1393,441,19.9,1820.3,6,11,2,0,0,16810,6.8,-1393,-441,22.4,1681
1,6,5,4,2,0,16787,7.2,534,154,25.3,1678.7,5,6,10,0,0,16253,7.2,-534,-154,19.7,1625.3
0,2,11,2,0,0,14959,6.8,-3301,-2246,22.6,1495.9,11,2,6,1,0,18260,7.4,3301,2246,20.3,1826
1,4,7,4,2,0,15132,6.8,-2022,-2023,19,1513.2,7,4,7,0,0,17154,7.2,2022,2023,24.2,1715.4
0,3,6,4,0,0,16354,7,176,-172,25.2,1635.4,6,3,7,1,0,16178,6.8,-176,172,20.2,1617.8
0,2,5,2,1,0,14652,6.8,-458,-559,20.5,1465.2,5,2,3,1,0,15110,6.8,458,559,21,1511
0,4,2,7,0,0,15331,6.8,676,-576,18.2,1533.1,2,4,1,1,0,14655,7.2,-676,576,21.6,1465.5
1,6,4,5,1,0,17002,7.2,2536,3339,21.8,1700.2,4,6,0,1,0,14466,6.4,-2536,-3339,21,1446.6
1,7,11,10,0,0,16308,6.8,-1751,-2784,18.9,1630.8,11,7,9,1,0,18059,7.4,1751,2784,20,1805.9
1,7,10,9,0,0,16282,6.8,-1516,-1467,19.8,1628.2,10,7,10,2,0,17798,6.8,1516,1467,20.1,1779.8
0,3,7,3,0,0,14110,6.4,-2566,-2246,16.2,1411,7,3,3,0,0,16676,6.8,2566,2246,22.8,1667.6
0,4,8,5,0,0,15426,7,-2023,-2678,22.6,1542.6,8,4,4,1,0,17449,7.4,2023,2678,25.1,1744.9
0,5,6,4,1,0,15983,6.8,-276,179,22.2,1598.3,6,5,8,0,0,16259,6.8,276,-179,18.9,1625.9
1,7,4,5,2,0,16801,7.2,1574,1834,21.1,1680.1,4,7,3,0,0,15227,6.8,-1574,-1834,20,1522.7
1,6,3,10,0,0,17141,7.2,2378,2190,23.2,1714.1,3,6,1,1,0,14763,6.8,-2378,-2190,20.6,1476.3
0,4,9,4,0,0,15122,7,-3223,-2518,19.5,1512.2,9,4,10,2,0,18345,7.4,3223,2518,23.5,1834.5
0,5,5,7,0,0,16878,7,808,1415,23.8,1687.8,5,5,8,1,0,16070,7,-808,-1415,21.4,1607
1,8,2,8,0,0,18274,7,3803,2825,23.8,1827.4,2,8,6,0,0,14471,6.4,-3803,-2825,20.1,1447.1
0,2,8,3,0,0,14176,6.8,-3360,-1842,19.4,1417.6,8,2,7,1,0,17536,7.2,3360,1842,22.8,1753.6
1,6,2,9,0,0,17549,7.2,2397,1405,24.3,1754.9,2,6,1,1,0,15152,6.8,-2397,-1405,24.8,1515.2
0,5,8,7,0,0,16049,6.6,-883,-1828,21.7,1604.9,8,5,9,0,0,16932,7,883,1828,18.7,1693.2
0,1,4,1,0,0,14017,6.4,-2638,-2478,22.9,1401.7,4,1,5,2,0,16655,6.8,2638,2478,23.1,1665.5
1,14,3,16,0,0,20139,7.8,5035,-28,21.8,2013.9,3,14,5,0,0,15104,6.6,-5035,28,22.3,1510.4
0,5,8,5,0,0,16659,7,-1003,-899,23.4,1665.9,8,5,7,2,0,17662,7,1003,899,21.7,1766.2
0,5,8,4,0,0,15975,6.8,-1963,-1151,22.7,1597.5,8,5,10,1,0,17938,7.2,1963,1151,22.5,1793.8
0,6,7,7,0,0,16728,7.2,-1071,-1471,22.1,1672.8,7,6,8,1,0,17799,7.4,1071,1471,24.8,1779.9
1,6,5,9,0,0,16693,7,897,1090,22.7,1669.3,5,6,7,0,0,15796,7,-897,-1090,23.7,1579.6
1,5,2,4,2,0,15925,6.8,1946,1292,22.8,1592.5,2,5,2,0,0,13979,6.8,-1946,-1292,21.3,1397.9
0,8,8,5,1,0,16763,6.8,-219,-1440,19.3,1676.3,8,8,6,1,0,16982,7.2,219,1440,18.3,1698.2
1,6,4,7,0,0,16852,6.8,1588,1331,23.9,1685.2,4,6,7,0,0,15264,6.8,-1588,-1331,21.3,1526.4
0,2,6,3,0,0,14950,7,-1889,-723,23.4,1495,6,2,6,1,0,16839,7,1889,723,22.9,1683.9
1,2,4,2,1,0,14863,6.8,-720,432,19.5,1486.3,4,2,4,0,0,15583,6.8,720,-432,22.3,1558.3
0,3,12,2,0,0,15853,7,-2388,-1978,22,1585.3,12,3,8,2,0,18241,7.6,2388,1978,20.5,1824.1
0,3,13,1,0,0,13428,7,-5668,-4786,16.7,1342.8,13,3,10,1,0,19096,7,5668,4786,21.8,1909.6
1,7,8,8,1,0,17570,7,527,1493,23.8,1757,8,7,11,0,0,17043,6.8,-527,-1493,17.6,1704.3
1,6,4,3,1,0,16561,7,1496,-730,23.2,1656.1,4,6,4,1,0,15065,7,-1496,730,19.1,1506.5
0,8,14,4,0,0,15070,6.4,-4245,-3073,21.8,1507,14,8,12,2,0,19315,7,4245,3073,19.3,1931.5
0,10,5,6,1,0,19190,7.2,3386,2410,20.2,1919,5,10,8,1,0,15804,6.4,-3386,-2410,22.4,1580.4
0,3,8,1,0,0,14269,6.6,-3145,-2166,20,1426.9,8,3,10,1,0,17414,7.2,3145,2166,23.5,1741.4
0,1,5,0,1,0,14916,6.8,-1325,-15,23.9,1491.6,5,1,8,0,0,16241,6.8,1325,15,25.1,1624.1
1,5,8,7,2,0,16256,7,-1623,-1144,23.1,1625.6,8,5,9,0,0,17879,7,1623,1144,24.3,1787.9
1,3,3,3,1,0,15231,7,1076,759,22.1,1523.1,3,3,0,0,0,14155,6.8,-1076,-759,22.3,1415.5
1,7,10,9,1,0,16070,6.6,-1156,-667,17.3,1607,10,7,6,0,0,17226,6.6,1156,667,21.1,1722.6
0,3,3,2,1,0,15416,6.8,450,-9,22.8,1541.6,3,3,5,0,0,14966,6.8,-450,9,22,1496.6
1,7,5,4,1,0,19036,7,4363,4467,24.6,1903.6,5,7,4,0,0,14673,7,-4363,-4467,16.4,1467.3
1,11,6,13,1,0,18214,7.2,2262,2885,22,1821.4,6,11,6,0,0,15952,6.6,-2262,-2885,22.8,1595.2
0,6,9,7,0,0,17430,6.8,-367,187,21.2,1743,9,6,9,0,0,17797,7.2,367,-187,20.5,1779.7
1,6,3,7,0,0,16590,7.2,1214,2080,22.8,1659,3,6,2,1,0,15376,6.8,-1214,-2080,22.4,1537.6
1,4,1,6,1,0,15508,6.8,1728,-337,21.7,1550.8,1,4,0,0,0,13780,6.8,-1728,337,22.3,1378
1,6,5,4,0,0,16789,7,959,917,21.8,1678.9,5,6,5,1,0,15830,7,-959,-917,21.3,1583
1,5,5,6,1,0,16298,7,924,323,23,1629.8,5,5,5,1,0,15374,6.8,-924,-323,20.9,1537.4
1,12,2,13,1,0,19320,7.4,4544,3126,25.1,1932,2,12,2,0,0,14776,6.8,-4544,-3126,20.6,1477.6
0,4,11,4,2,0,14926,6.6,-4847,-2983,21,1492.6,11,4,12,0,0,19773,7.4,4847,2983,21.8,1977.3
1,9,3,6,1,0,17496,7.4,1849,669,22,1749.6,3,9,2,1,0,15647,6.8,-1849,-669,22.4,1564.7
1,7,11,7,0,0,15177,6.4,-3891,-2689,21.8,1517.7,11,7,9,0,0,19068,7.2,3891,2689,21.8,1906.8
0,6,9,8,0,0,17025,7,-1314,-1942,23.1,1702.5,9,6,9,1,0,18339,7.4,1314,1942,23.2,1833.9
1,9,5,14,0,0,18203,7.2,2718,91,22.3,1820.3,5,9,5,0,0,15485,6.8,-2718,-91,21.6,1548.5
0,3,8,3,0,0,15160,7,-2174,-1268,21.7,1516,8,3,12,2,0,17334,7.2,2174,1268,22.7,1733.4
1,4,1,2,1,0,15304,7,1093,720,22.8,1530.4,1,4,1,0,0,14211,6.8,-1093,-720,21.5,1421.1
1,11,10,8,0,0,17503,6.8,-215,-438,19.2,1750.3,10,11,13,0,0,17718,7,215,438,21,1771.8
1,7,6,10,1,0,16468,6.4,635,-1157,22.6,1646.8,6,7,6,1,0,15833,6.8,-635,1157,22.8,1583.3
1,10,10,10,0,0,19035,7.2,120,1209,21.9,1903.5,10,10,10,1,0,18915,6.6,-120,-1209,20.8,1891.5
1,10,9,11,1,0,18413,7.2,194,661,21.9,1841.3,9,10,12,0,0,18219,6.8,-194,-661,23,1821.9
1,9,2,6,1,0,18470,7.2,3581,1578,26.3,1847,2,9,1,0,0,14889,6.8,-3581,-1578,23.8,1488.9
0,6,13,9,0,0,16291,6.6,-3622,-2561,19.1,1629.1,13,6,12,0,0,19913,7,3622,2561,22.3,1991.3
1,6,6,9,1,0,16301,6.8,-303,312,21,1630.1,6,6,11,1,0,16604,6.8,303,-312,21,1660.4
0,9,8,7,1,0,17183,7,-1295,-305,19.6,1718.3,8,9,10,0,0,18478,7,1295,305,24.7,1847.8
0,1,5,1,0,0,13361,6.8,-3006,-1880,17.4,1336.1,5,1,4,2,0,16367,7,3006,1880,21.9,1636.7
1,2,1,4,1,0,14807,6.8,1090,371,21.4,1480.7,1,2,1,1,0,13717,6.6,-1090,-371,19.7,1371.7
1,4,3,1,1,0,15195,7,324,1794,21.7,1519.5,3,4,2,0,0,14871,6.4,-324,-1794,22.8,1487.1
1,3,7,2,0,0,14788,6.6,-2025,-2448,21.5,1478.8,7,3,6,1,0,16813,7.2,2025,2448,23.3,1681.3
0,7,8,8,0,0,16604,6.6,-416,-907,20.3,1660.4,8,7,11,1,0,17020,7,416,907,20.1,1702
0,4,4,2,1,0,15661,7.2,62,1154,23.2,1566.1,4,4,5,1,0,15599,6.8,-62,-1154,20.2,1559.9
0,5,7,3,0,0,16259,6.6,-67,-1341,22.1,1625.9,7,5,12,1,0,16326,7.2,67,1341,20,1632.6
1,11,4,13,1,0,19716,7.2,5163,3968,23.4,1971.6,4,11,4,0,0,14553,6.4,-5163,-3968,18.2,1455.3
1,11,5,6,1,0,18612,7.2,2728,1957,22.7,1861.2,5,11,6,0,0,15884,7,-2728,-1957,22.5,1588.4
0,3,9,1,1,0,14711,6.8,-3559,-1400,20.4,1471.1,9,3,7,0,0,18270,7.2,3559,1400,25.6,1827
1,6,4,7,2,0,16886,6.8,184,-131,22.1,1688.6,4,6,5,0,0,16702,7,-184,131,23.7,1670.2
0,4,7,4,1,0,14980,6.4,-2040,-1012,20.6,1498,7,4,6,0,0,17020,7,2040,1012,22.4,1702
1,6,1,9,1,0,16544,6.8,2151,726,20.8,1654.4,1,6,3,0,0,14393,6.6,-2151,-726,22.2,1439.3
0,10,12,9,0,0,16174,6.6,-2452,-1634,21.8,1617.4,12,10,8,0,0,18626,7,2452,1634,21,1862.6
1,7,4,7,2,0,18047,7.2,3255,2259,22.8,1804.7,4,7,3,0,0,14792,6.8,-3255,-2259,19.7,1479.2
1,9,3,6,0,0,17484,7.4,1128,858,23,1748.4,3,9,2,1,0,16356,7.4,-1128,-858,22.6,1635.6
1,6,5,7,1,0,17826,7.4,1909,979,22.5,1782.6,5,6,3,0,0,15917,7,-1909,-979,22,1591.7
1,10,6,9,0,0,18673,6.8,3397,1493,22.3,1867.3,6,10,8,0,0,15276,6.6,-3397,-1493,18.6,1527.6
0,8,12,11,0,0,17540,7,-3563,-1320,18.2,1754,12,8,6,1,0,16378,7.2,3563,1320,19.8,1637.8
0,7,9,4,1,0,16808,6.8,-361,1686,23.1,1680.8,9,7,13,0,0,17169,6.4,361,-1686,21.4,1716.9
1,4,3,3,1,0,15227,7,-513,992,20.3,1522.7,3,4,4,0,0,15740,7,513,-992,22.6,1574
1,11,4,12,0,0,19392,7.2,4872,3076,23.9,1939.2,4,11,6,0,0,14520,6.2,-4872,-3076,20.3,1452
0,6,7,5,1,0,17194,7.2,985,2102,23.4,1719.4,7,6,7,0,0,16209,6.4,-985,-2102,21.5,1620.9
1,4,8,3,1,0,15672,7.2,-1599,-1870,23.8,1567.2,8,4,9,1,0,17271,7.4,1599,1870,23.6,1727.1
1,11,4,15,1,0,18565,7.4,1719,1703,21.6,1856.5,4,11,5,0,0,16846,7,-1719,-1703,24.2,1684.6
0,1,6,0,0,0,13921,6.6,-2641,-2207,20.7,1392.1,6,1,5,1,0,16562,7,2641,2207,24.2,1656.2
0,3,9,2,0,0,14521,6.6,-2846,-2325,20.1,1452.1,9,3,11,2,0,17367,7.2,2846,2325,22.9,1736.7
0,3,10,1,0,0,15049,6.6,-3891,-2276,20.9,1504.9,10,3,12,1,0,18940,7.4,3891,2276,22.1,1894
1,13,4,11,1,0,20127,7,6202,-28,23.4,2012.7,4,13,5,0,0,13925,7,-6202,28,17.5,1392.5
1,3,2,5,0,0,17194,7.2,2330,2167,25.3,1719.4,2,3,3,0,0,14864,6.8,-2330,-2167,21.9,1486.4
0,9,7,8,0,0,19122,7.2,3089,1750,23.8,1912.2,7,9,10,0,0,16033,6.8,-3089,-1750,16.9,1603.3
1,7,6,7,0,0,16359,7,540,867,19.8,1635.9,6,7,7,0,0,15819,6.6,-540,-867,18.7,1581.9
1,5,4,5,1,0,17027,6.8,508,-1704,21.3,1702.7,4,5,4,1,0,16519,7.4,-508,1704,23.1,1651.9
0,10,7,10,1,0,17665,7.4,625,-1035,21.3,1766.5,7,10,4,0,0,17040,7.2,-625,1035,22.8,1704
1,8,5,7,1,0,17209,7.2,2481,1962,21.9,1720.9,5,8,3,0,0,14728,6.8,-2481,-1962,19.5,1472.8
1,10,5,9,1,0,19187,7.2,2796,2669,21.1,1918.7,5,10,5,0,0,16391,6.6,-2796,-2669,20.5,1639.1
1,9,4,7,1,0,17482,7.2,2089,2123,21.4,1748.2,4,9,4,0,0,15393,6.8,-2089,-2123,22.2,1539.3
1,5,6,6,1,0,16035,6.8,-608,-703,19,1603.5,6,5,8,0,0,16643,6.8,608,703,21,1664.3
0,7,9,6,0,0,16070,6.6,-1923,-1753,19.9,1607,9,7,11,0,0,17993,7,1923,1753,21.1,1799.3
0,5,5,5,0,0,15617,7,-951,-546,20.9,1561.7,5,5,5,1,0,16568,7.2,951,546,20.6,1656.8
1,6,4,8,1,0,16130,6.8,1428,701,24.2,1613,4,6,6,0,0,14702,6.6,-1428,-701,20,1470.2
0,8,5,9,1,0,17172,7,1131,1145,19.6,1717.2,5,8,5,1,0,16041,6.8,-1131,-1145,23.1,1604.1
0,4,7,4,1,0,15475,6.6,-1972,-1010,19.5,1547.5,7,4,15,0,0,17447,6.8,1972,1010,23,1744.7
0,7,9,6,0,0,16248,7,-2242,-1819,17.1,1624.8,9,7,12,1,0,18490,7.2,2242,1819,22.9,1849
1,6,3,10,1,0,16745,6.6,2287,-268,21.5,1674.5,3,6,3,1,0,14458,7,-2287,268,18,1445.8
0,7,4,8,0,0,16472,7.2,1367,2396,21.9,1647.2,4,7,4,1,0,15105,6.6,-1367,-2396,18,1510.5
1,8,4,8,2,0,18133,7.4,2580,2954,25.9,1813.3,4,8,4,0,0,15553,6.8,-2580,-2954,21.4,1555.3
0,11,7,6,1,0,17068,6.2,786,-562,21.8,1706.8,7,11,8,0,0,16282,6.6,-786,562,19.9,1628.2
1,5,6,5,2,0,16635,7.4,152,-57,23.5,1663.5,6,5,10,0,0,16483,7.4,-152,57,23.3,1648.3
1,8,4,9,0,0,17950,7.4,2802,281,22.6,1795,4,8,3,1,0,15148,7,-2802,-281,21.3,1514.8
0,3,4,3,0,0,14494,6.4,-1610,-1393,22.4,1449.4,4,3,2,1,0,16104,6.8,1610,1393,23.9,1610.4
1,14,10,9,0,0,18595,7,1543,-21,19.9,1859.5,10,14,8,1,0,17052,7,-1543,21,17.2,1705.2
1,6,11,14,0,0,19767,6.6,1915,2606,18,1976.7,11,6,11,0,0,17852,6.4,-1915,-2606,17.6,1785.2
1,4,3,7,1,0,14970,6.8,-595,364,21.2,1497,3,4,1,0,0,15565,6.8,595,-364,23.8,1556.5
0,6,7,5,0,0,15891,7,-1190,-911,20.7,1589.1,7,6,4,0,0,17081,7,1190,911,22.4,1708.1
1,5,1,3,1,0,16472,6.8,1820,806,25.2,1647.2,1,5,2,1,0,14652,6.8,-1820,-806,23.9,1465.2
0,4,7,3,2,0,15210,6.8,-2630,-2244,18.5,1521,7,4,6,0,0,17840,7.2,2630,2244,22.2,1784
1,8,8,9,0,0,16096,6.6,-1327,-789,17.5,1609.6,8,8,9,1,0,17423,6.8,1327,789,19.8,1742.3
1,8,4,10,0,0,16870,7.2,1417,1016,20.7,1687,4,8,3,1,0,15453,6.8,-1417,-1016,22.1,1545.3
0,4,4,3,1,0,15842,7,71,409,24,1584.2,4,4,6,0,0,15771,7,-71,-409,22.7,1577.1
1,5,4,0,0,0,15297,7,17,1052,20.2,1529.7,4,5,2,1,0,15280,6.6,-17,-1052,21,1528
0,8,7,8,2,0,16412,7,151,840,21.2,1641.2,7,8,5,0,0,16261,7,-151,-840,21.2,1626.1
1,10,3,9,1,0,19013,7.4,4817,3220,22.5,1901.3,3,10,3,1,0,14196,6.8,-4817,-3220,18.4,1419.6
0,4,9,5,0,0,14842,6.6,-3400,-2763,20.3,1484.2,9,4,11,1,0,18242,7.2,3400,2763,24.1,1824.2
0,6,8,5,0,0,16684,6.8,-944,-556,21.3,1668.4,8,6,15,1,0,17628,6.8,944,556,18.7,1762.8
0,4,8,6,1,0,15235,6.6,-2839,18,19.5,1523.5,8,4,6,1,0,18074,7,2839,-18,22,1807.4
1,11,8,14,1,0,18159,6.8,818,-165,23.8,1815.9,8,11,10,0,0,17341,6.8,-818,165,19.2,1734.1
0,2,9,4,0,0,13916,6.2,-6286,-4733,16.6,1391.6,9,2,8,2,0,20202,7.6,6286,4733,25.9,2020.2
0,4,11,3,0,0,15107,6.6,-3799,-3285,20,1510.7,11,4,10,1,0,18906,7.2,3799,3285,22.6,1890.6
1,8,2,4,2,0,18597,7.2,4428,3489,24.3,1859.7,2,8,2,0,0,14169,6.6,-4428,-3489,22.1,1416.9
1,9,1,9,0,0,18640,7.4,4388,3527,24.9,1864,1,9,1,1,0,14252,6.8,-4388,-3527,22.1,1425.2
0,4,8,5,1,0,15483,6.6,-3045,-1634,21.3,1548.3,8,4,11,0,0,18528,7.2,3045,1634,24.9,1852.8
0,2,4,3,0,0,15242,7,-1497,-778,26,1524.2,4,2,9,1,0,16739,7.2,1497,778,25.7,1673.9
0,3,4,5,1,0,14945,6.4,-1696,-2153,21.5,1494.5,4,3,3,0,0,16641,7,1696,2153,22.6,1664.1
1,8,7,8,0,0,17197,6.8,733,-1480,18.5,1719.7,7,8,4,1,0,16464,7,-733,1480,24.5,1646.4
1,9,10,11,1,0,17292,6.8,-606,-1487,20,1729.2,10,9,10,0,0,17898,7,606,1487,19.7,1789.8
0,3,5,3,0,0,14822,7,-2420,-753,23.1,1482.2,5,3,5,1,0,17242,7,2420,753,24.6,1724.2
0,3,8,2,0,0,15027,6.6,-2037,110,21.1,1502.7,8,3,11,1,0,17064,6.6,2037,-110,19.7,1706.4
1,4,4,3,0,0,15502,6.6,631,1404,22.1,1550.2,4,4,5,1,0,14871,6.4,-631,-1404,20.7,1487.1
0,7,7,6,1,0,16931,7.2,-1570,-2103,20.9,1693.1,7,7,9,1,0,18501,7.6,1570,2103,22.8,1850.1
1,7,7,11,1,0,16787,7.2,-471,870,20.1,1678.7,7,7,9,0,0,17258,6.6,471,-870,22.9,1725.8
1,3,4,4,0,0,15022,7,-1211,-108,22,1502.2,4,3,5,0,0,16233,6.8,1211,108,21.6,1623.3
1,7,2,6,1,0,17365,7.2,2740,1708,24.5,1736.5,2,7,4,1,0,14625,7,-2740,-1708,21.3,1462.5
1,6,4,7,1,0,17658,7.2,1947,2521,24.1,1765.8,4,6,6,0,0,15711,6.8,-1947,-2521,24.7,1571.1
1,10,3,8,0,0,19549,7.4,4712,3798,26.6,1954.9,3,10,1,0,0,14837,6.4,-4712,-3798,20.3,1483.7
0,5,4,6,1,0,16516,7.2,1115,1256,22.4,1651.6,4,5,3,0,0,15401,7.2,-1115,-1256,20.9,1540.1
1,4,5,5,0,0,15177,6.8,-833,-116,18.9,1517.7,5,4,5,0,0,16010,7,833,116,25.2,1601
1,11,7,9,0,0,18520,7.2,564,633,22,1852,7,11,7,1,0,17956,6.8,-564,-633,22.6,1795.6
0,10,10,11,1,0,18600,7.2,-589,1794,18.3,1860,10,10,8,0,0,19189,7,589,-1794,22.3,1918.9
1,9,4,8,0,0,18439,7,3020,2593,24.9,1843.9,4,9,8,0,0,15419,6.6,-3020,-2593,21.1,1541.9
1,7,6,8,1,0,15632,6.2,-1339,-2802,19.6,1563.2,6,7,8,1,0,16971,7,1339,2802,21.6,1697.1
0,10,4,6,1,0,17161,7,1487,577,15.7,1716.1,4,10,3,1,0,15674,6.6,-1487,-577,20.3,1567.4
1,5,3,5,2,0,15263,7,579,-37,21.6,1526.3,3,5,1,0,0,14684,7,-579,37,24.5,1468.4
1,9,6,8,0,0,16396,6.6,975,659,16.8,1639.6,6,9,4,0,0,15421,6.6,-975,-659,19.1,1542.1
1,10,6,11,1,0,17592,6.8,1417,1171,18.6,1759.2,6,10,11,0,0,16175,6.6,-1417,-1171,22,1617.5
1,6,4,9,2,0,17802,7,2768,1411,23.9,1780.2,4,6,3,0,0,15034,6.8,-2768,-1411,21.1,1503.4
1,13,6,6,0,0,20047,7.2,3897,2558,22.6,2004.7,6,13,7,1,0,16150,6.6,-3897,-2558,19.9,1615
0,2,9,4,0,0,13795,6.6,-4631,-3612,20.3,1379.5,9,2,11,1,0,18426,7.4,4631,3612,22.9,1842.6
0,4,5,4,0,0,15714,6.8,-46,-458,24.3,1571.4,5,4,4,2,0,15760,7.2,46,458,19.3,1576
0,2,7,2,0,0,16418,7,-258,-419,24.3,1641.8,7,2,9,1,0,16676,7,258,419,21.1,1667.6
1,9,3,8,1,0,18012,7.2,2845,4032,26.1,1801.2,3,9,4,0,0,15167,6.2,-2845,-4032,18.5,1516.7
0,3,10,3,0,0,14558,6.4,-3177,-3271,19.4,1455.8,10,3,11,1,0,17735,7.2,3177,3271,20.7,1773.5
1,8,4,9,1,0,17779,6.8,2988,398,24.7,1777.9,4,8,1,0,0,14791,7,-2988,-398,21,1479.1
1,6,3,5,1,0,16931,7,2443,1566,22.5,1693.1,3,6,4,0,0,14488,6.4,-2443,-1566,20.1,1448.8
1,6,5,5,2,0,16555,6.8,-11,-176,22.4,1655.5,5,6,5,0,0,16566,7.4,11,176,22.7,1656.6
1,5,6,8,1,0,16891,6.8,286,17,18.5,1689.1,6,5,12,0,0,16605,6.8,-286,-17,21.4,1660.5
0,6,7,6,2,0,16940,6.8,90,-819,22.2,1694,7,6,5,0,0,16850,7,-90,819,21.9,1685
1,7,6,5,0,0,17242,7.2,403,1790,23.6,1724.2,6,7,9,0,0,16839,6.8,-403,-1790,21.6,1683.9
1,8,1,12,0,0,17734,7.4,3135,2622,20.7,1773.4,1,8,2,0,0,14599,6.6,-3135,-2622,22.8,1459.9
0,10,8,11,0,0,17982,7.2,372,160,20.4,1798.2,8,10,8,1,0,17610,7,-372,-160,22.3,1761
1,6,8,10,1,0,16162,7,-1636,-872,21.1,1616.2,8,6,14,0,0,17798,7.2,1636,872,22.6,1779.8
1,12,1,11,2,0,18574,7.2,5586,4058,22.7,1857.4,1,12,1,0,0,12988,6.4,-5586,-4058,18.7,1298.8
0,2,5,3,0,0,15123,6.8,-2105,-1094,23.2,1512.3,5,2,6,1,0,17228,6.8,2105,1094,23.4,1722.8
1,6,8,4,1,0,16075,7,-1374,-653,21.1,1607.5,8,6,8,1,0,17449,7.2,1374,653,23.7,1744.9
0,3,8,4,0,0,14443,6.6,-2166,-2885,19.8,1444.3,8,3,5,1,0,16609,7,2166,2885,18.8,1660.9
1,5,4,4,0,0,16656,7.2,930,275,25.2,1665.6,4,5,6,0,0,15726,7.2,-930,-275,20.5,1572.6
0,5,8,5,1,0,15938,6.8,-950,-650,19.6,1593.8,8,5,8,0,0,16888,6.8,950,650,18.5,1688.8
1,1,2,2,1,0,14116,6.8,-2421,-1685,21.7,1411.6,2,1,2,1,0,16537,6.8,2421,1685,26.4,1653.7
1,8,9,10,0,0,17054,7,-891,-633,21.1,1705.4,9,8,13,1,0,17945,7,891,633,21.9,1794.5
1,4,5,2,0,0,15306,7.2,-211,232,22.6,1530.6,5,4,7,1,0,15517,7,211,-232,20.2,1551.7
1,4,5,5,0,0,16193,7,-405,-1523,23.5,1619.3,5,4,7,2,0,16598,7.4,405,1523,24.8,1659.8
1,10,7,8,0,0,18126,7.2,2361,2502,22.2,1812.6,7,10,4,1,0,15765,6.2,-2361,-2502,17.6,1576.5
1,8,9,11,1,0,17592,6.8,-134,-565,21.4,1759.2,9,8,10,0,0,17726,7,134,565,22.1,1772.6
1,7,4,16,1,0,16282,6.4,2062,1120,17.3,1628.2,4,7,9,0,0,14220,6.4,-2062,-1120,17.4,1422
1,6,3,7,1,0,17167,6.8,2089,1771,24.7,1716.7,3,6,4,1,0,15078,6.4,-2089,-1771,20.2,1507.8
0,7,6,6,0,0,15679,6.4,-5377,-3249,17.2,1567.9,6,7,6,2,0,16378,7.2,5377,3249,23,1637.8
1,7,7,5,1,0,16045,6.8,-282,-79,21.6,1604.5,7,7,9,1,0,16327,7,282,79,18.2,1632.7
0,6,7,8,0,0,16564,7,-443,-447,21.3,1656.4,7,6,4,0,0,17007,7,443,447,21.6,1700.7
0,2,8,3,0,0,14376,6.8,-3122,-1229,20.8,1437.6,8,2,8,0,0,17498,7,3122,1229,23.1,1749.8
0,2,5,1,1,0,14128,6.6,-2425,-1778,21.4,1412.8,5,2,4,0,0,16553,7.2,2425,1778,23.3,1655.3
1,3,5,2,0,0,14584,6.8,-813,840,20.1,1458.4,5,3,5,1,0,15397,6.6,813,-840,19.5,1539.7
1,9,8,8,0,0,18457,7.2,1378,1678,21.8,1845.7,8,9,5,2,0,17079,6.8,-1378,-1678,21.9,1707.9
0,7,7,6,0,0,18282,7,1542,1059,24,1828.2,7,7,7,1,0,16740,7,-1542,-1059,21.2,1674
0,7,11,10,0,0,17130,7,-1553,-424,23.2,1713,11,7,16,1,0,18683,7,1553,424,24.7,1868.3
1,8,0,12,1,0,17759,7.4,4250,2686,24.9,1775.9,0,8,0,0,0,13509,6.4,-4250,-2686,22.3,1350.9
1,8,3,7,1,0,17194,7.2,2772,2140,19.7,1719.4,3,8,3,0,0,14422,6.6,-2772,-2140,18.8,1442.2
1,6,6,8,1,0,16527,7,-484,-1416,22.5,1652.7,6,6,5,0,0,17011,7.4,484,1416,22.1,1701.1
1,7,4,12,2,0,17915,7,1110,-544,22.3,1791.5,4,7,6,0,0,16805,7.2,-1110,544,23.5,1680.5
0,5,4,6,1,0,17610,6.8,1467,11,23.2,1761,4,5,6,1,0,16143,7,-1467,-11,22.2,1614.3
1,12,10,6,2,0,19453,6.8,1095,94,16.5,1945.3,10,12,6,0,0,18358,6.8,-1095,-94,22.7,1835.8
1,7,1,5,1,0,18772,7.2,5169,2153,25.5,1877.2,1,7,1,0,0,13603,6.6,-5169,-2153,20,1360.3
0,1,3,3,0,0,14626,6.6,-1547,-916,22.9,1462.6,3,1,4,2,0,16173,7.2,1547,916,24.6,1617.3
1,13,3,6,0,0,20387,7,5680,2175,23.2,2038.7,3,13,4,1,0,14707,6.4,-5680,-2175,19.6,1470.7
0,6,6,6,0,0,17256,7,823,-164,23.6,1725.6,6,6,7,0,0,16433,7,-823,164,23,1643.3
1,6,1,8,2,0,16601,7,1799,442,23.1,1660.1,1,6,1,0,0,14802,6.8,-1799,-442,23.1,1480.2
0,1,3,1,1,0,14672,6.8,-757,569,24.7,1467.2,3,1,3,1,0,15429,6.6,757,-569,24.2,1542.9
1,8,6,9,1,0,17001,6.8,91,-339,18.7,1700.1,6,8,6,0,0,16910,7,-91,339,23.7,1691
0,8,11,6,1,0,18213,6.8,-1538,-370,21.7,1821.3,11,8,16,1,0,19751,7.2,1538,370,22.5,1975.1
1,10,8,9,2,0,19862,7.8,2228,1524,25.2,1986.2,8,10,8,0,0,17634,7.2,-2228,-1524,22.8,1763.4
0,9,1,10,0,0,18179,7.2,4869,3243,24.2,1817.9,1,9,0,1,0,13310,6.4,-4869,-3243,21,1331
1,4,2,7,0,0,15796,6.8,640,-120,23.4,1579.6,2,4,4,0,0,15156,7,-640,120,23.6,1515.6
1,6,9,7,0,0,15377,6.6,-1871,-1775,17.7,1537.7,9,6,6,0,0,17248,7,1871,1775,22.7,1724.8
0,5,7,4,0,0,14874,6.6,-2189,-1838,18.2,1487.4,7,5,7,1,0,17063,6.8,2189,1838,20.7,1706.3
0,7,9,8,0,0,17780,6.6,474,-775,24.5,1778,9,7,10,0,0,17306,7,-474,775,20.7,1730.6
0,7,12,8,0,0,16804,6.6,-1072,-646,18.4,1680.4,12,7,16,0,0,17876,7,1072,646,19.4,1787.6
0,7,13,9,0,0,17372,6.8,-2817,-1700,20.2,1737.2,13,7,6,1,0,20189,7.2,2817,1700,21.8,2018.9
1,4,3,7,1,0,15162,6.6,-243,-465,19.5,1516.2,3,4,4,0,0,15405,6.6,243,465,23.5,1540.5
0,3,3,7,1,0,14742,6.6,-1517,-1565,20.2,1474.2,3,3,5,0,0,16259,7,1517,1565,25.5,1625.9
0,0,6,0,0,0,13078,6.2,-3205,-3400,18.4,1307.8,6,0,4,1,0,16283,7.4,3205,3400,21,1628.3
0,2,5,4,0,0,13886,6.6,-2820,-2751,20.3,1388.6,5,2,1,1,0,16706,7.4,2820,2751,25.5,1670.6
1,7,3,13,1,0,16632,6.8,1722,1010,21.2,1663.2,3,7,4,0,0,14910,6.2,-1722,-1010,22.4,1491
1,6,2,5,2,0,17215,7,1978,1595,26.4,1721.5,2,6,2,0,0,15237,7,-1978,-1595,19.9,1523.7
1,11,9,8,0,0,17528,7,171,618,19.1,1752.8,9,11,10,0,0,17357,6.6,-171,-618,20.9,1735.7
0,5,3,9,1,0,16555,7.2,659,405,25.2,1655.5,3,5,3,1,0,15896,7,-659,-405,23.8,1589.6
1,6,11,7,1,0,15246,6.6,-2974,-2746,17.4,1524.6,11,6,9,1,0,18220,7.2,2974,2746,19.8,1822
0,3,9,3,0,0,14033,6.2,-3078,-3306,18.4,1403.3,9,3,10,1,0,17111,7.4,3078,3306,20.4,1711.1
0,7,6,6,0,0,16778,7,1153,282,20.5,1677.8,6,7,9,1,0,15625,6.6,-1153,-282,20.3,1562.5
1,11,5,8,2,0,18960,7.4,3878,2862,22.5,1896,5,11,3,0,0,15082,6.8,-3878,-2862,20.4,1508.2
1,5,1,5,2,0,17065,7,2717,1557,22,1706.5,1,5,1,0,0,14348,7,-2717,-1557,22.7,1434.8
1,9,7,8,0,0,18283,7.4,3038,3164,24.3,1828.3,7,9,5,1,0,15245,6.4,-3038,-3164,21.8,1524.5
0,4,7,6,0,0,15190,6.6,-1903,-584,19.6,1519,7,4,14,1,0,17093,6.6,1903,584,20.6,1709.3
1,9,5,8,0,0,18192,6.8,3518,2843,22.9,1819.2,5,9,7,1,0,14674,6.4,-3518,-2843,18.8,1467.4
1,7,7,12,0,0,17329,6.8,216,259,21.2,1732.9,7,7,12,0,0,17113,6.8,-216,-259,18.1,1711.3
0,5,8,3,0,0,16422,7,-509,-196,24.7,1642.2,8,5,8,1,0,16931,6.8,509,196,21.8,1693.1
0,9,6,14,0,0,17385,7,978,372,20.8,1738.5,6,9,7,1,0,16407,7,-978,-372,22.6,1640.7
1,11,3,9,1,0,16663,7,1884,1871,18.8,1666.3,3,11,2,0,0,14779,6.4,-1884,-1871,20.8,1477.9
1,10,4,13,1,0,17902,7.2,2224,2062,18.6,1790.2,4,10,7,1,0,15678,6.6,-2224,-2062,20.8,1567.8
0,8,11,9,1,0,17398,7,-1079,252,20.6,1739.8,11,8,7,1,0,18477,7,1079,-252,23.3,1847.7
0,5,7,6,0,0,15532,6.8,-1768,-1778,20.1,1553.2,7,5,8,2,0,17300,7.4,1768,1778,25.3,1730
0,6,6,4,1,0,15412,6.8,-886,-476,19.7,1541.2,6,6,8,0,0,16298,6.8,886,476,20.5,1629.8
1,9,3,16,0,0,17718,7,3017,1450,20.9,1771.8,3,9,2,0,0,14701,6.8,-3017,-1450,19.7,1470.1
0,8,8,9,1,0,17055,7,-431,120,19.9,1705.5,8,8,13,0,0,17486,7,431,-120,22.1,1748.6
0,6,12,6,0,0,16020,6.8,-2618,-2637,21.5,1602,12,6,7,0,0,18638,7.6,2618,2637,21.2,1863.8
0,6,6,6,2,0,16254,7,-740,-665,20.3,1625.4,6,6,9,0,0,16994,7,740,665,23.8,1699.4
1,12,5,13,1,0,19201,7.2,3982,3457,21.4,1920.1,5,12,7,0,0,15219,6.2,-3982,-3457,18.2,1521.9
0,5,10,6,0,0,15994,6.8,-2028,-1740,21.1,1599.4,10,5,7,1,0,18022,7.2,2028,1740,24.2,1802.2
1,10,4,8,1,0,20352,7.4,5649,3668,23.2,2035.2,4,10,6,1,0,14703,6.4,-5649,-3668,20,1470.3
0,0,9,0,0,0,12756,6.4,-4949,-4010,19,1275.6,9,0,7,2,0,17705,7.4,4949,4010,25.3,1770.5
1,8,3,5,2,0,18661,7.4,4867,4211,23.3,1866.1,3,8,7,0,0,13794,6.6,-4867,-4211,16.9,1379.4
0,2,6,2,2,0,15488,6.8,-978,-226,26.5,1548.8,6,2,8,0,0,16466,7.2,978,226,22,1646.6
0,8,4,9,0,0,17547,7,2425,1426,21.4,1754.7,4,8,6,0,0,15122,6.6,-2425,-1426,23.3,1512.2
1,12,6,11,1,0,19189,7.4,3815,2726,22.7,1918.9,6,12,5,0,0,15374,6.6,-3815,-2726,20.3,1537.4
1,7,5,4,1,0,16749,7,976,2257,19.2,1674.9,5,7,8,0,0,15773,6.6,-976,-2257,20.9,1577.3
1,5,4,6,1,0,16214,7.2,862,-426,25.7,1621.4,4,5,3,0,0,15352,7,-862,426,21.9,1535.2
0,4,3,6,0,0,15500,7,-403,-26,21.6,1550,3,4,3,1,0,15903,7,403,26,24.2,1590.3
0,2,6,3,0,0,14735,7,-2204,-1476,21.9,1473.5,6,2,5,1,0,16939,7.2,2204,1476,24.3,1693.9
1,9,9,11,1,0,17489,6.6,-219,-1275,22.1,1748.9,9,9,13,0,0,17708,6.8,219,1275,22.6,1770.8
1,6,5,16,1,0,20380,7.2,5330,4040,23,2038,5,6,3,1,0,15050,6.6,-5330,-4040,17.3,1505
1,9,4,12,2,0,18048,7,3414,1608,22.7,1804.8,4,9,1,0,0,14634,6.8,-3414,-1608,23.7,1463.4
0,5,4,4,0,0,15843,6.6,792,-622,22,1584.3,4,5,4,0,0,15051,6.8,-792,622,18.5,1505.1
1,4,7,5,0,0,16810,7,-146,-399,22.4,1681,7,4,8,2,0,16956,7,146,399,23.5,1695.6
0,5,5,5,1,0,15204,7,-1578,-1724,18.2,1520.4,5,5,8,0,0,16782,7.2,1578,1724,25,1678.2
1,5,6,5,0,0,16006,7,-769,-701,22.5,1600.6,6,5,5,1,0,16775,7,769,701,23.5,1677.5
1,6,3,6,0,0,16746,7,1860,1798,20.4,1674.6,3,6,5,0,0,14886,6.4,-1860,-1798,22.5,1488.6
1,10,3,8,0,0,17648,7.2,3525,2979,18.1,1764.8,3,10,4,0,0,14123,6.4,-3525,-2979,18.3,1412.3
1,12,8,6,1,0,18047,7,679,-305,20.2,1804.7,8,12,7,1,0,17368,7,-679,305,20.6,1736.8
0,1,5,1,0,0,13976,6.6,-2555,-1896,21,1397.6,5,1,4,1,0,16531,7.2,2555,1896,23.4,1653.1
0,11,6,5,0,0,17264,7.2,765,425,19.6,1726.4,6,11,4,2,0,16499,7.2,-765,-425,21.2,1649.9
0,6,8,6,0,0,16767,7,-1221,-2380,22.8,1676.7,8,6,7,2,0,17988,7.4,1221,2380,25.2,1798.8
1,10,6,10,0,0,19488,7.4,4492,3211,23,1948.8,6,10,3,1,0,14996,6.8,-4492,-3211,18.1,1499.6
0,3,4,4,0,0,15875,6.8,186,-273,24.1,1587.5,4,3,4,0,0,15689,7.2,-186,273,23.2,1568.9
1,8,7,7,1,0,17717,7.4,1227,996,20.3,1771.7,7,8,8,0,0,16490,6.8,-1227,-996,22.5,1649
1,5,7,1,1,0,16864,7,-70,-456,24,1686.4,7,5,5,1,0,16934,7.6,70,456,22.3,1693.4
0,3,4,3,0,0,14788,7,-1605,-1335,22.7,1478.8,4,3,4,0,0,16393,7.2,1605,1335,25.2,1639.3
0,4,9,4,0,0,14743,6.4,-3465,-3351,19.7,1474.3,9,4,10,1,0,18208,7.4,3465,3351,22.4,1820.8
0,11,10,6,1,0,17949,6.6,-431,-1022,17.2,1794.9,10,11,10,1,0,18380,6.6,431,1022,20.7,1838
1,8,7,9,0,0,17737,7.2,1083,451,19.3,1773.7,7,8,2,0,0,16654,7.2,-1083,-451,20.7,1665.4
0,5,6,5,0,0,15307,7,-1259,-360,21.8,1530.7,6,5,12,0,0,16566,7.2,1259,360,25,1656.6
0,4,12,4,0,0,13973,6.2,14,-4611,16.6,1397.3,12,4,14,1,0,16378,7.4,-14,4611,23.4,1637.8
1,7,10,8,1,0,18089,7.4,1158,191,22.5,1808.9,10,7,8,1,0,16931,7.2,-1158,-191,20.2,1693.1
1,7,3,6,2,0,17224,7.2,2053,1371,23.7,1722.4,3,7,4,0,0,15171,6.6,-2053,-1371,23.7,1517.1
1,11,7,12,0,0,17649,7.2,604,1983,18.7,1764.9,7,11,8,1,0,17045,6.6,-604,-1983,18.7,1704.5
1,3,7,5,1,0,16886,7,75,616,24.4,1688.6,7,3,14,1,0,16811,7,-75,-616,19.5,1681.1
0,2,4,2,0,0,14584,6.6,-542,-927,23.5,1458.4,4,2,5,0,0,15126,6.8,542,927,21.1,1512.6
1,9,7,13,0,0,17331,6.8,1099,-98,20.1,1733.1,7,9,7,1,0,16232,6.8,-1099,98,19.5,1623.2
1,8,4,4,1,0,17763,7,2183,263,24.6,1776.3,4,8,6,0,0,15580,7,-2183,-263,21.2,1558
1,4,4,5,2,0,16814,7,791,224,22,1681.4,4,4,6,0,0,16023,7,-791,-224,22.8,1602.3
0,3,8,2,0,0,14500,6.6,-3614,-3434,20.9,1450,8,3,10,1,0,18114,7.2,3614,3434,22.2,1811.4
0,11,2,9,2,0,17435,7,1220,589,23.6,1743.5,2,11,2,0,0,16215,7,-1220,-589,24.1,1621.5
0,4,5,3,0,0,14682,6.6,-1827,-2059,19.9,1468.2,5,4,5,0,0,16509,7.4,1827,2059,23.5,1650.9
0,8,5,8,0,0,16752,7,583,751,22.9,1675.2,5,8,5,1,0,16169,7,-583,-751,20.1,1616.9
0,3,2,5,1,0,15649,7.2,-334,-1054,22.7,1564.9,2,3,1,1,0,15983,7.4,334,1054,23.8,1598.3
0,6,11,9,0,0,16124,7,-2494,-1188,23.2,1612.4,11,6,6,1,0,18618,7,2494,1188,23,1861.8
1,6,13,6,0,0,16398,7.2,2658,2407,23.6,1639.8,13,6,16,0,0,18474,6.6,-2658,-2407,21.8,1847.4
1,9,9,10,1,0,17569,6.8,-116,-303,22.8,1756.9,9,9,11,1,0,17685,7,116,303,20.7,1768.5
1,9,8,11,2,0,17097,6.8,-197,-2391,20.2,1709.7,8,9,8,0,0,17294,7.2,197,2391,21.9,1729.4
0,7,5,8,0,0,16906,6.8,760,521,21.8,1690.6,5,7,4,0,0,16146,6.8,-760,-521,24.4,1614.6
1,5,4,6,0,0,16632,7,1224,1259,23.3,1663.2,4,5,5,1,0,15408,6.8,-1224,-1259,22.8,1540.8
0,2,11,2,0,0,13449,6.4,-6076,-3107,18,1344.9,11,2,12,1,0,19525,6.8,6076,3107,19.3,1952.5
0,8,11,9,1,0,16712,6.8,-2339,-917,19,1671.2,11,8,6,0,0,19051,7.2,2339,917,22.8,1905.1
1,3,1,4,0,0,16372,7.2,2590,1325,21.8,1637.2,1,3,0,1,0,13782,7,-2590,-1325,22.6,1378.2
0,9,5,6,1,0,17384,7.4,2175,1409,23.5,1738.4,5,9,3,0,0,15209,7.2,-2175,-1409,22.2,1520.9
0,6,7,10,1,0,17075,7,1188,-284,22.9,1707.5,7,6,5,0,0,15887,7,-1188,284,18.2,1588.7
0,11,7,7,0,0,18860,7,1651,3902,23.3,1886,7,11,6,1,0,17209,7,-1651,-3902,21.5,1720.9
0,5,3,4,0,0,15381,7.2,-187,2135,21.1,1538.1,3,5,5,1,0,15568,6.8,187,-2135,23.8,1556.8
0,2,9,2,0,0,13545,6.4,-4868,-4160,18,1354.5,9,2,12,1,0,18413,7.4,4868,4160,24.2,1841.3
0,0,5,0,0,0,13256,6.4,-4149,-3222,20.2,1325.6,5,0,4,1,0,17405,7,4149,3222,27.2,1740.5
0,3,6,1,0,0,14423,6.6,-2602,-1426,21.9,1442.3,6,3,6,0,0,17025,7.2,2602,1426,24.9,1702.5
1,7,8,5,1,0,17551,7,-1018,1114,24.4,1755.1,8,7,10,0,0,18569,7,1018,-1114,20.4,1856.9
1,11,6,12,0,0,19537,7,2718,1185,18.9,1953.7,6,11,8,1,0,16819,7,-2718,-1185,21.1,1681.9
1,6,5,16,1,0,20218,7.2,4899,2415,19.9,2021.8,5,6,5,0,0,15319,6.4,-4899,-2415,16.5,1531.9
1,5,5,5,0,0,15191,6.6,-1344,-2597,19.3,1519.1,5,5,4,1,0,16535,7,1344,2597,20.7,1653.5
1,11,3,12,1,0,18802,7,3781,1725,22.4,1880.2,3,11,2,0,0,15021,6.6,-3781,-1725,22.2,1502.1
1,7,3,3,1,0,17116,7.2,3328,3696,23.7,1711.6,3,7,3,0,0,13788,6.4,-3328,-3696,17.3,1378.8
1,11,6,15,1,0,18230,6.8,2114,75,19.5,1823,6,11,7,0,0,16116,6.8,-2114,-75,19.8,1611.6
0,6,7,3,1,0,15829,7,-464,-47,22.8,1582.9,7,6,8,0,0,16293,7,464,47,20.8,1629.3
1,4,2,2,2,0,14729,6.8,-17,588,22.8,1472.9,2,4,1,0,0,14746,6.8,17,-588,19.2,1474.6
1,8,7,9,0,0,17793,7,1300,3056,20.8,1779.3,7,8,12,1,0,16493,6.4,-1300,-3056,22.1,1649.3
1,7,0,15,2,0,17525,7.2,3884,2315,24,1752.5,0,7,0,0,0,13641,6.8,-3884,-2315,23.8,1364.1
0,8,9,13,1,0,17579,7.2,475,1006,22.4,1757.9,9,8,10,0,0,17104,6.8,-475,-1006,20.5,1710.4
1,7,4,7,2,0,18227,7.2,2689,2827,25.6,1822.7,4,7,4,0,0,15538,6.6,-2689,-2827,22.4,1553.8
0,4,6,1,1,0,14898,7,-1367,-197,19.2,1489.8,6,4,10,0,0,16265,6.8,1367,197,21.9,1626.5
0,4,8,3,1,0,15769,6.8,-2999,-1476,22.2,1576.9,8,4,11,0,0,18768,7,2999,1476,23.2,1876.8
0,12,12,6,1,0,19272,6.8,-967,-965,18.8,1927.2,12,12,6,0,0,20239,7,967,965,22.2,2023.9
0,7,4,8,1,0,17788,7.2,1969,1497,25.5,1778.8,4,7,4,1,0,15819,6.8,-1969,-1497,23.4,1581.9
0,3,11,4,0,0,14738,6.4,-4199,-3186,19.7,1473.8,11,3,7,1,0,18937,7.6,4199,3186,24.1,1893.7
1,5,6,2,0,0,16113,6.8,-105,-896,23.1,1611.3,6,5,6,1,0,16218,7,105,896,21.7,1621.8
0,9,5,11,1,0,18967,7.2,3652,1542,23.1,1896.7,5,9,7,0,0,15315,6.4,-3652,-1542,19.4,1531.5
0,2,3,4,0,0,15416,7,-83,-64,25.3,1541.6,3,2,3,1,0,15499,7.2,83,64,23,1549.9
0,9,5,8,0,0,18096,7.2,2526,1379,23.2,1809.6,5,9,4,1,0,15570,6.8,-2526,-1379,19.4,1557
0,3,6,1,1,0,14411,6.8,-1864,-1945,21,1441.1,6,3,6,1,0,16275,7.2,1864,1945,19.8,1627.5
1,4,3,2,1,0,15668,7,787,481,25,1566.8,3,4,1,1,0,14881,7,-787,-481,22.1,1488.1
0,7,7,8,1,0,16288,6.8,-1222,-2334,19.3,1628.8,7,7,9,1,0,17510,7.2,1222,2334,22.1,1751
0,11,11,13,0,0,18575,7.2,-204,1350,19.8,1857.5,11,11,10,1,0,18779,6.8,204,-1350,21.1,1877.9
0,6,5,4,1,0,17379,7.2,1759,1710,25.1,1737.9,5,6,5,1,0,15620,6.8,-1759,-1710,22,1562
0,3,8,3,1,0,15222,6.8,-1650,-1358,22,1522.2,8,3,9,1,0,16872,7.2,1650,1358,21.7,1687.2
1,5,5,6,1,0,16191,7.2,290,617,23.8,1619.1,5,5,3,0,0,15901,7.2,-290,-617,24.2,1590.1
0,2,5,3,1,0,14930,6.8,-3418,-2689,23.1,1493,5,2,3,0,0,18348,7.4,3418,2689,26.3,1834.8
0,7,4,8,0,0,17062,7.2,1922,1870,23.8,1706.2,4,7,4,0,0,15140,6.8,-1922,-1870,19.1,1514
0,4,8,5,0,0,14763,6.6,-3584,-2457,20.5,1476.3,8,4,13,1,0,18347,7,3584,2457,25.4,1834.7
0,7,10,5,0,0,15351,7,-2827,-2675,16.9,1535.1,10,7,11,1,0,18178,6.4,2827,2675,18.1,1817.8
0,11,7,8,0,0,17625,7,817,2322,21.2,1762.5,7,11,7,1,0,16808,6.6,-817,-2322,20.9,1680.8
1,3,3,5,0,0,15933,7.2,75,536,25.9,1593.3,3,3,4,1,0,15858,7.2,-75,-536,26.2,1585.8
0,11,14,8,0,0,18229,7.2,-1502,-321,19.8,1822.9,14,11,14,1,0,19731,7.4,1502,321,18.6,1973.1
1,2,7,2,0,0,15356,7,-1706,-1004,23,1535.6,7,2,7,1,0,17062,7,1706,1004,20.9,1706.2
1,7,9,6,1,0,17005,6.8,274,1018,21.6,1700.5,9,7,10,1,0,16731,6.6,-274,-1018,20,1673.1
1,7,5,8,0,0,16747,6.8,1058,1735,19.8,1674.7,5,7,9,1,0,15689,6.6,-1058,-1735,19.8,1568.9
0,6,7,9,0,0,16060,6.6,-1776,-3265,18.7,1606,7,6,7,0,0,17836,7.2,1776,3265,24.8,1783.6
0,5,9,8,0,0,14998,6.2,-2698,-3640,19.7,1499.8,9,5,11,1,0,17696,7.2,2698,3640,23.2,1769.6
0,6,7,7,0,0,16182,6.8,-95,-1113,22.1,1618.2,7,6,11,1,0,16277,7,95,1113,21.6,1627.7
0,8,8,7,1,0,17065,7.6,519,1006,21.4,1706.5,8,8,6,1,0,16546,7,-519,-1006,20.4,1654.6
0,3,4,4,1,0,15544,6.8,-873,300,22.2,1554.4,4,3,2,0,0,16417,7,873,-300,24,1641.7
1,4,9,8,1,0,16541,7,-1514,-629,22.5,1654.1,9,4,8,0,0,18055,7.4,1514,629,23.9,1805.5
1,6,5,9,1,0,15112,6.6,-973,-674,18.4,1511.2,5,6,4,0,0,16085,6.8,973,674,23.1,1608.5
0,8,11,7,0,0,17550,7,-1499,-1282,22.9,1755,11,8,14,1,0,19049,7,1499,1282,24.7,1904.9
1,8,2,9,2,0,18323,7.4,4011,2732,26.2,1832.3,2,8,0,0,0,14312,6.6,-4011,-2732,20.8,1431.2
1,6,1,5,2,0,18553,7,4957,3218,24.8,1855.3,1,6,0,0,0,13596,6.4,-4957,-3218,21.4,1359.6
0,4,4,5,0,0,15252,6.8,-615,-347,22.5,1525.2,4,4,3,1,0,15867,6.6,615,347,22.9,1586.7
1,7,8,3,0,0,16863,6.8,783,-301,20.6,1686.3,8,7,7,1,0,16080,7,-783,301,18.6,1608
0,1,4,2,1,0,13925,7,-3617,-1967,21.6,1392.5,4,1,5,0,0,17542,7.4,3617,1967,26,1754.2
1,7,5,8,0,0,16828,6.8,912,-241,21.7,1682.8,5,7,5,1,0,15916,6.6,-912,241,21.7,1591.6
0,4,9,6,1,0,15391,6.6,-2746,-2775,18.9,1539.1,9,4,7,0,0,18137,7,2746,2775,24.7,1813.7
1,5,2,4,0,0,16350,7,1290,1337,24.5,1635,2,5,2,0,0,15060,6.8,-1290,-1337,23.6,1506
1,6,6,7,0,0,17159,7.2,-71,994,22.3,1715.9,6,6,8,1,0,17230,6.8,71,-994,22.9,1723
0,4,8,3,1,0,15484,7.2,-2528,-882,22.6,1548.4,8,4,11,1,0,18012,7.2,2528,882,23.6,1801.2
1,5,6,4,0,0,17024,7.2,901,1182,25.4,1702.4,6,5,7,0,0,16123,6.8,-901,-1182,21.4,1612.3
1,10,6,13,0,0,18680,7.2,2013,1022,22,1868,6,10,8,2,0,16667,6.8,-2013,-1022,21,1666.7
0,4,11,2,2,0,14657,6.8,-3113,-1771,18.8,1465.7,11,4,6,0,0,17770,7.2,3113,1771,20.1,1777
0,6,9,5,1,0,15550,6.8,-1467,-1916,19.1,1555,9,6,5,0,0,17017,7.2,1467,1916,21.3,1701.7
0,6,12,3,1,0,15861,6.6,-3197,-1400,20.8,1586.1,12,6,6,0,0,19058,7.4,3197,1400,20.8,1905.8
1,2,4,2,0,0,15202,7.2,-31,849,22.5,1520.2,4,2,3,1,0,15233,7.2,31,-849,21.8,1523.3
0,4,7,5,1,0,15214,6.8,-802,-842,21.1,1521.4,7,4,6,1,0,16016,6.8,802,842,20.9,1601.6
0,8,8,12,1,0,16171,6.6,-1642,-2040,21.4,1617.1,8,8,9,1,0,17813,7.2,1642,2040,23.5,1781.3
0,9,4,5,0,0,18184,7.4,2989,4519,23.8,1818.4,4,9,6,0,0,15195,6.4,-2989,-4519,19.2,1519.5
1,5,3,8,1,0,16751,6.8,2197,1707,24.7,1675.1,3,5,1,0,0,14554,6.2,-2197,-1707,19.3,1455.4
0,6,1,8,1,0,16973,7,2983,1577,25,1697.3,1,6,1,1,0,13990,6.8,-2983,-1577,19.9,1399
1,7,7,7,2,0,17239,7.4,1167,2368,22.2,1723.9,7,7,7,0,0,16072,6.6,-1167,-2368,18.2,1607.2
0,2,11,4,0,0,14660,6.6,-3941,-2386,23.2,1466,11,2,6,1,0,18601,7.4,3941,2386,19.5,1860.1
0,9,8,11,1,0,17429,6.8,720,-183,21.1,1742.9,8,9,10,0,0,16709,6.8,-720,183,21,1670.9
1,8,3,8,0,0,18513,7.2,4098,1004,25,1851.3,3,8,4,0,0,14415,6.8,-4098,-1004,19.4,1441.5
1,5,2,6,1,0,16225,6.8,2430,2023,23.1,1622.5,2,5,2,0,0,13795,6.6,-2430,-2023,17.9,1379.5
0,5,5,5,1,0,16267,7,206,-364,24.7,1626.7,5,5,5,0,0,16061,6.8,-206,364,22.8,1606.1
0,3,4,4,0,0,15478,6.8,-1003,-1571,23.3,1547.8,4,3,4,0,0,16481,7.2,1003,1571,23.6,1648.1
0,7,3,10,2,0,16335,7.2,600,-81,21.2,1633.5,3,7,3,0,0,15735,7,-600,81,24.6,1573.5
1,4,5,2,0,0,14826,6.8,-1596,-1318,20.4,1482.6,5,4,7,1,0,16422,7,1596,1318,21.4,1642.2
1,9,7,6,0,0,19092,7.2,2035,1188,22.6,1909.2,7,9,8,1,0,17057,7,-2035,-1188,21.4,1705.7
0,10,7,9,1,0,17619,7.2,1273,622,18.6,1761.9,7,10,4,1,0,16346,7,-1273,-622,18.6,1634.6
1,9,8,9,0,0,16872,7,-1232,-272,19.9,1687.2,8,9,6,1,0,18104,7,1232,272,22.5,1810.4
1,8,5,9,1,0,17265,6.8,1726,1423,23.3,1726.5,5,8,11,0,0,15539,6.4,-1726,-1423,19.2,1553.9
1,11,7,12,0,0,19308,7.2,2036,2183,24.3,1930.8,7,11,9,0,0,17272,6.6,-2036,-2183,16.4,1727.2
1,7,8,8,1,0,16535,7,-1123,-1665,23,1653.5,8,7,7,1,0,17658,7,1123,1665,22.5,1765.8
0,6,8,8,0,0,16606,7,-1325,64,22.6,1660.6,8,6,11,1,0,17931,7.2,1325,-64,23.3,1793.1
0,9,9,10,1,0,17168,6.8,-25,1849,21.2,1716.8,9,9,10,0,0,17193,6.6,25,-1849,19.6,1719.3
0,4,4,6,0,0,14839,6.6,-1089,-782,21.5,1483.9,4,4,1,0,0,15928,7,1089,782,22.5,1592.8
1,7,6,8,0,0,17812,7,1745,1180,24.4,1781.2,6,7,10,1,0,16067,6.8,-1745,-1180,21.6,1606.7
0,3,5,4,0,0,14827,7,-1838,-1584,20.1,1482.7,5,3,4,1,0,16665,7,1838,1584,23,1666.5
1,4,6,4,1,0,15578,6.8,-1018,-1124,22.9,1557.8,6,4,6,0,0,16596,7,1018,1124,24,1659.6
0,7,3,8,1,0,16628,6.8,-105,1234,21.5,1662.8,3,7,5,1,0,16733,6.2,105,-1234,21.3,1673.3
0,3,4,6,1,0,14609,6.8,-2141,-2439,21.8,1460.9,4,3,4,1,0,16750,7.2,2141,2439,25.3,1675
0,1,7,1,0,0,13325,6.6,-3573,-2497,17.1,1332.5,7,1,12,2,0,16898,7.2,3573,2497,23,1689.8
1,3,7,3,0,0,15277,6.8,-2105,-88,23.4,1527.7,7,3,15,1,0,17382,7,2105,88,19.1,1738.2
0,6,5,4,0,0,16287,6.6,25,2,22.6,1628.7,5,6,9,0,0,16262,6.8,-25,-2,22.6,1626.2
0,1,14,1,1,0,12747,7,14,-28,18,1274.7,14,1,10,0,0,19182,7.4,-14,28,22.7,1918.2
0,9,9,7,1,0,17687,6.8,-609,-504,20.6,1768.7,9,9,13,0,0,18296,7,609,504,22.5,1829.6
1,8,4,6,1,0,17187,7,1546,61,23.2,1718.7,4,8,3,0,0,15641,7.2,-1546,-61,24,1564.1
0,3,12,4,0,0,14015,6.4,-4929,-3345,17.8,1401.5,12,3,16,1,0,18944,7.2,4929,3345,22.8,1894.4
1,6,6,5,0,0,16291,6.8,164,-222,22.8,1629.1,6,6,6,0,0,16127,7,-164,222,22.7,1612.7
1,4,2,9,0,0,16289,7.4,1025,1276,22.9,1628.9,2,4,1,2,0,15264,7,-1025,-1276,27.1,1526.4
1,8,5,9,0,0,17234,7.2,1474,1001,22.8,1723.4,5,8,5,0,0,15760,6.8,-1474,-1001,20.1,1576
0,3,8,4,0,0,14663,6.6,-2454,-3816,20.1,1466.3,8,3,8,1,0,17117,7.4,2454,3816,21.3,1711.7
1,5,5,4,1,0,16278,7,269,480,24.4,1627.8,5,5,5,0,0,16009,7,-269,-480,21.9,1600.9
1,14,6,6,1,0,19025,6.8,-524,-904,21.8,1902.5,6,14,9,1,0,19549,7,524,904,18.5,1954.9
1,3,5,3,0,0,15366,7,-1364,-87,23,1536.6,5,3,7,1,0,16730,6.8,1364,87,24.3,1673
0,0,5,0,0,0,14526,6.8,-2320,-1718,24.6,1452.6,5,0,6,1,0,16846,7.4,2320,1718,24.8,1684.6
1,4,2,8,1,0,16547,7.2,1268,1705,25.9,1654.7,2,4,3,0,0,15279,7,-1268,-1705,24.9,1527.9
1,2,5,1,1,0,14936,7.2,-1543,-509,23.1,1493.6,5,2,8,0,0,16479,7,1543,509,25,1647.9
0,5,11,3,1,0,15594,6.6,-2997,-2029,21.3,1559.4,11,5,14,0,0,18591,7.2,2997,2029,22.2,1859.1
0,9,6,11,0,0,17416,7.2,-367,-1771,20.8,1741.6,6,9,6,1,0,17783,7.4,367,1771,24.3,1778.3
0,4,7,4,1,0,15722,6.8,-3309,-2741,22.1,1572.2,7,4,9,0,0,19031,7.4,3309,2741,23,1903.1
0,3,2,2,1,0,16091,7.6,1188,2851,25.6,1609.1,2,3,3,1,0,14903,7,-1188,-2851,24.4,1490.3
0,6,3,6,0,0,15048,7,-1138,-867,18.3,1504.8,3,6,3,1,0,16186,7,1138,867,25.3,1618.6
1,6,10,6,0,0,16398,7.6,14,-28,23.9,1639.8,10,6,11,0,0,16545,6.4,-14,28,21.8,1654.5
1,8,3,10,1,0,18272,7.2,3723,3777,23.3,1827.2,3,8,3,1,0,14549,6.4,-3723,-3777,19.6,1454.9
0,5,5,6,1,0,16270,7.2,748,-77,22.3,1627,5,5,5,0,0,15522,6.8,-748,77,20.8,1552.2
1,8,7,8,0,0,17298,6.4,326,1472,23.3,1729.8,7,8,11,1,0,16972,6.4,-326,-1472,21,1697.2
1,4,2,6,2,0,17230,6.6,1449,-530,24.4,1723,2,4,5,0,0,15781,7,-1449,530,22.9,1578.1
0,10,9,9,1,0,17098,6.8,-635,-1011,20.1,1709.8,9,10,9,0,0,17733,7.2,635,1011,20.8,1773.3
0,8,6,11,1,0,17380,7,1060,488,21.1,1738,6,8,9,1,0,16320,7,-1060,-488,21.5,1632
0,6,9,4,1,0,16829,6.8,-489,188,19.8,1682.9,9,6,11,1,0,17318,6.8,489,-188,21.6,1731.8
0,3,5,6,0,0,14538,6.8,-2335,-2787,21.8,1453.8,5,3,6,1,0,16873,7.4,2335,2787,23.6,1687.3
1,4,7,6,1,0,15159,6.6,-2496,-2174,21.7,1515.9,7,4,6,1,0,17655,7.2,2496,2174,24,1765.5
0,5,8,3,0,0,14874,6.6,-2695,-1042,17.7,1487.4,8,5,14,1,0,17569,6.8,2695,1042,24.9,1756.9
0,9,6,9,2,0,17721,7,1160,939,22.6,1772.1,6,9,7,0,0,16561,6.8,-1160,-939,21.3,1656.1
1,9,3,10,1,0,20273,7.2,4982,1971,25.4,2027.3,3,9,4,0,0,15291,6.8,-4982,-1971,19.5,1529.1
1,13,6,13,1,0,20103,6.8,4688,983,22,2010.3,6,13,4,0,0,15415,6.8,-4688,-983,17.2,1541.5
1,7,5,10,0,0,16491,6.8,1774,1305,19.9,1649.1,5,7,5,0,0,14717,6.4,-1774,-1305,17,1471.7
1,8,3,8,1,0,17640,7.2,2768,2761,23.3,1764,3,8,2,0,0,14872,6.6,-2768,-2761,22,1487.2
1,5,4,8,1,0,15518,6.6,-686,-619,19.7,1551.8,4,5,5,1,0,16204,6.8,686,619,24.9,1620.4
0,7,5,5,2,0,17381,7,1418,544,22,1738.1,5,7,5,0,0,15963,6.8,-1418,-544,22.5,1596.3
0,3,3,1,1,0,15127,7,-5,-269,23.8,1512.7,3,3,3,0,0,15132,7,5,269,20.3,1513.2
0,3,5,4,0,0,13794,7,-4000,-2533,18.3,1379.4,5,3,5,0,0,17794,6.8,4000,2533,24.5,1779.4
1,3,4,0,0,0,15139,6.8,-243,799,24,1513.9,4,3,10,1,0,15382,6.6,243,-799,20.6,1538.2
0,3,5,6,0,0,15929,7.2,-709,-147,22.9,1592.9,5,3,10,1,0,16638,7,709,147,23.2,1663.8
1,2,5,3,2,0,14974,7,-726,-31,22.4,1497.4,5,2,5,0,0,15700,7,726,31,21.6,1570
1,11,4,6,1,0,19695,7.2,3936,2111,25.8,1969.5,4,11,4,1,0,15759,7,-3936,-2111,20.5,1575.9
1,4,4,0,1,0,15154,6.6,-277,208,21.9,1515.4,4,4,7,0,0,15431,6.6,277,-208,22.4,1543.1
0,4,8,7,1,0,14766,6.6,-2769,-820,19,1476.6,8,4,11,0,0,17535,6.8,2769,820,22.9,1753.5
0,9,4,11,1,0,17341,7,1513,1585,20.9,1734.1,4,9,8,0,0,15828,7,-1513,-1585,22.2,1582.8
1,4,5,0,2,0,15464,7,-736,-94,21.8,1546.4,5,4,9,0,0,16200,7,736,94,22.3,1620
1,8,9,9,0,0,18529,7.2,1334,656,25.1,1852.9,9,8,11,1,0,17195,7,-1334,-656,20.2,1719.5
1,9,4,6,0,0,18149,7,3036,1766,20.2,1814.9,4,9,5,1,0,15113,6.6,-3036,-1766,22.2,1511.3
0,3,2,6,1,0,15840,6.6,1811,-631,21.2,1584,2,3,1,1,0,14029,6.8,-1811,631,22.1,1402.9
1,8,6,8,0,0,17915,7.2,1451,1985,21.5,1791.5,6,8,9,0,0,16464,7,-1451,-1985,22.2,1646.4
0,5,5,7,1,0,16242,7,-598,-146,23.5,1624.2,5,5,11,1,0,16840,7,598,146,22.9,1684
1,10,6,10,1,0,18498,7.2,1446,1597,23.8,1849.8,6,10,5,0,0,17052,7,-1446,-1597,22.9,1705.2
0,10,9,15,1,0,19120,6.8,1618,393,21.9,1912,9,10,10,0,0,17502,6.8,-1618,-393,20.7,1750.2
1,10,11,13,1,0,17948,6.6,93,-1276,19.3,1794.8,11,10,13,0,0,17855,6.8,-93,1276,21.9,1785.5
0,6,5,8,0,0,16517,6.6,1183,887,21.9,1651.7,5,6,7,0,0,15334,6.6,-1183,-887,19.2,1533.4
0,3,7,0,0,0,13452,6.4,-3453,-720,17,1345.2,7,3,10,1,0,16905,6.6,3453,720,21.2,1690.5
0,5,10,3,0,0,15687,6.6,-1655,-1323,21,1568.7,10,5,12,1,0,17342,7.2,1655,1323,21.5,1734.2
0,5,11,4,1,0,14763,6.8,-4462,-2990,17.9,1476.3,11,5,11,0,0,19225,7.2,4462,2990,25.5,1922.5
0,7,6,8,0,0,16417,6.6,557,1061,21.1,1641.7,6,7,9,0,0,15860,6.8,-557,-1061,19.4,1586
1,9,4,10,0,0,18168,7.4,2527,3473,25.4,1816.8,4,9,6,0,0,15641,6.8,-2527,-3473,22,1564.1
0,7,8,9,0,0,15903,6.8,-1831,-2604,18.9,1590.3,8,7,11,2,0,17734,7.2,1831,2604,22.6,1773.4
1,2,1,1,1,0,14702,6.6,649,69,24.4,1470.2,1,2,1,1,0,14053,6.8,-649,-69,21.4,1405.3
0,11,5,10,0,0,18874,7.2,3091,2498,22.4,1887.4,5,11,7,0,0,15783,6.6,-3091,-2498,21.5,1578.3
0,3,10,3,1,0,15225,7,-2707,-1826,21.1,1522.5,10,3,11,0,0,17932,7.4,2707,1826,20.9,1793.2
0,4,5,7,0,0,15858,6.8,-512,-844,24.6,1585.8,5,4,6,2,0,16370,7,512,844,24.1,1637
0,4,9,6,0,0,14693,6.6,-3874,-2423,16.9,1469.3,9,4,13,0,0,18567,7,3874,2423,22.3,1856.7
1,3,2,3,1,0,15574,6.8,-100,219,21.7,1557.4,2,3,2,0,0,15674,6.6,100,-219,24,1567.4
0,3,5,2,0,0,15692,6.6,506,1580,22.1,1569.2,5,3,8,1,0,15186,6.8,-506,-1580,18.2,1518.6
1,9,1,13,0,0,18297,7.2,4796,3112,25.1,1829.7,1,9,0,0,0,13501,6.4,-4796,-3112,20.3,1350.1
1,6,6,10,2,0,19247,6.8,-1709,-1585,20.5,1924.7,6,6,16,0,0,16378,7,1709,1585,18.2,1637.8
0,1,7,1,0,0,15414,6.8,-553,-114,23.6,1541.4,7,1,8,0,0,15967,7,553,114,19.4,1596.7
1,10,7,15,1,0,19601,7.4,3190,2346,22.7,1960.1,7,10,8,1,0,16411,6.8,-3190,-2346,21.4,1641.1
0,3,6,0,1,0,15189,6.6,-1720,-2056,22.5,1518.9,6,3,3,1,0,16909,7.2,1720,2056,24.8,1690.9
0,5,9,3,0,0,16452,6.6,-480,353,23.2,1645.2,9,5,10,0,0,16932,6.8,480,-353,19.2,1693.2
0,2,5,3,0,0,14899,6.8,-1081,-631,23.8,1489.9,5,2,6,1,0,15980,6.8,1081,631,20.9,1598
1,9,1,9,1,0,18964,7.2,5436,3459,25.5,1896.4,1,9,1,0,0,13528,6.4,-5436,-3459,18.3,1352.8
1,12,1,14,1,0,18923,7,5323,2352,23.6,1892.3,1,12,1,0,0,13600,6.4,-5323,-2352,19.1,1360
0,7,8,8,0,0,17472,6.8,-214,-356,22.9,1747.2,8,7,9,2,0,17686,7,214,356,21.1,1768.6
0,3,9,2,1,0,14665,6.2,-2705,-1757,18.8,1466.5,9,3,9,0,0,17370,7.2,2705,1757,22.6,1737
1,5,3,4,1,0,16415,6.8,1419,82,21.3,1641.5,3,5,2,1,0,14996,6.8,-1419,-82,22.3,1499.6
0,2,11,2,0,0,13960,6.4,-5431,-4681,19.1,1396,11,2,10,0,0,19391,7.4,5431,4681,20,1939.1
0,2,11,3,0,0,14773,6.6,-4125,-2712,20.2,1477.3,11,2,11,1,0,18898,7.2,4125,2712,23.7,1889.8
1,11,5,11,2,0,19181,7.4,3153,3196,24.7,1918.1,5,11,10,0,0,16028,6.6,-3153,-3196,18.5,1602.8
0,5,8,1,1,0,14528,6.4,-3991,-3529,17.5,1452.8,8,5,3,0,0,18519,7.4,3991,3529,23.9,1851.9
0,6,7,3,0,0,15827,6.6,-1694,-603,21.8,1582.7,7,6,6,1,0,17521,7,1694,603,23.9,1752.1
0,6,4,4,1,0,16179,6.8,989,631,21.5,1617.9,4,6,3,0,0,15190,6.8,-989,-631,21.2,1519
1,3,5,5,1,0,15049,6.8,-1564,-953,24.7,1504.9,5,3,4,0,0,16613,7.2,1564,953,24.2,1661.3
0,3,8,2,0,0,15453,7.2,-664,615,20.9,1545.3,8,3,8,1,0,16117,7,664,-615,18,1611.7
1,1,2,0,1,0,14645,7.2,-1377,-180,25.6,1464.5,2,1,2,1,0,16022,7.2,1377,180,21.8,1602.2
0,6,7,10,1,0,15766,6.8,-1089,-2134,19.7,1576.6,7,6,6,0,0,16855,7,1089,2134,22.6,1685.5
1,7,2,10,2,0,18890,7.2,4234,1695,22.7,1889,2,7,3,0,0,14656,6.6,-4234,-1695,21.4,1465.6
0,6,7,7,1,0,16450,7,-702,-89,23.8,1645,7,6,10,1,0,17152,7,702,89,22.6,1715.2
0,6,5,5,1,0,16490,6.8,-508,-1394,22.5,1649,5,6,3,1,0,16998,7.2,508,1394,25.7,1699.8
1,10,4,13,0,0,17408,7.2,2366,1147,19.3,1740.8,4,10,5,1,0,15042,6.8,-2366,-1147,23.1,1504.2
1,6,6,12,1,0,16951,7,248,-219,22.9,1695.1,6,6,7,1,0,16703,6.8,-248,219,24.5,1670.3
1,9,5,11,1,0,17120,7,1426,128,16.3,1712,5,9,2,0,0,15694,6.8,-1426,-128,20.7,1569.4
0,2,2,2,0,0,14310,7,-740,76,20.7,1431,2,2,2,1,0,15050,7,740,-76,24.2,1505
0,2,4,2,2,0,14689,6.8,-1724,-262,24.1,1468.9,4,2,4,0,0,16413,7,1724,262,26,1641.3
1,8,4,10,1,0,18341,7.4,3311,2682,21.7,1834.1,4,8,3,0,0,15030,6.6,-3311,-2682,22.8,1503
0,6,3,10,0,0,17772,7.2,3401,2392,25.1,1777.2,3,6,2,1,0,14371,6.6,-3401,-2392,20.4,1437.1
0,4,7,4,0,0,16262,7,-1293,-625,22.4,1626.2,7,4,5,0,0,17555,7.2,1293,625,24.3,1755.5
1,5,3,7,0,0,16239,7.2,906,1767,18.9,1623.9,3,5,3,1,0,15333,6.6,-906,-1767,22.1,1533.3
0,6,12,9,0,0,16944,7,-2761,-2375,19.3,1694.4,12,6,12,1,0,19705,7.4,2761,2375,22.7,1970.5
1,6,4,12,2,0,16939,7,1419,731,21.1,1693.9,4,6,6,0,0,15520,6.6,-1419,-731,22.7,1552
0,2,4,3,0,0,14615,7,-1530,-1114,22.1,1461.5,4,2,5,1,0,16145,7.4,1530,1114,24.3,1614.5
1,8,8,11,0,0,17706,6.8,216,1250,23.1,1770.6,8,8,7,0,0,17490,6.8,-216,-1250,20.4,1749
0,8,5,7,1,0,17727,7.2,1521,1915,21.7,1772.7,5,8,7,1,0,16206,6.8,-1521,-1915,19.8,1620.6
0,0,8,0,0,0,12988,6.2,-5264,-4627,21.8,1298.8,8,0,10,2,0,18252,7.2,5264,4627,27.3,1825.2
1,8,1,8,1,0,17613,7.2,3949,2440,23.4,1761.3,1,8,2,0,0,13664,6.6,-3949,-2440,21.6,1366.4
1,11,5,12,1,0,18632,7.2,2907,1175,22.7,1863.2,5,11,8,0,0,15725,7,-2907,-1175,20.4,1572.5
1,5,6,2,1,0,15476,7,-706,-873,23.3,1547.6,6,5,7,0,0,16182,7.4,706,873,24.4,1618.2
0,4,5,5,0,0,15717,6.8,-527,-208,22.4,1571.7,5,4,9,1,0,16244,6.8,527,208,19.9,1624.4
1,8,8,8,1,0,18253,6.8,1683,-172,24,1825.3,8,8,6,0,0,16570,6.8,-1683,172,20.3,1657
0,3,5,2,0,0,14349,6.6,-1005,-251,20.5,1434.9,5,3,3,0,0,15354,6.4,1005,251,22.8,1535.4
0,4,6,6,1,0,15407,6.6,-1122,-302,23.2,1540.7,6,4,8,0,0,16529,6.8,1122,302,21.4,1652.9
0,4,5,4,1,0,15273,6.8,-808,-311,21.1,1527.3,5,4,6,0,0,16081,7.2,808,311,23.8,1608.1
0,4,6,5,0,0,14868,6.6,-2281,-1594,18.2,1486.8,6,4,9,1,0,17149,6.8,2281,1594,20.9,1714.9
1,4,4,4,0,0,14892,6.8,-1750,-628,19.9,1489.2,4,4,4,1,0,16642,7.2,1750,628,25,1664.2
1,10,4,12,0,0,18509,7.6,2974,1421,22.3,1850.9,4,10,5,1,0,15535,7.4,-2974,-1421,21.3,1553.5
1,6,4,9,0,0,17096,7.2,419,462,24.1,1709.6,4,6,5,1,0,16677,7.2,-419,-462,24.7,1667.7
1,6,3,10,2,0,17377,7.2,2101,1596,24.7,1737.7,3,6,5,0,0,15276,6.8,-2101,-1596,19.3,1527.6
0,7,7,5,1,0,16554,7,-776,166,23.5,1655.4,7,7,14,0,0,17330,6.8,776,-166,25.9,1733
1,4,5,6,0,0,15256,6.8,-957,-2267,21,1525.6,5,4,5,1,0,16213,7.2,957,2267,23.5,1621.3
1,9,1,7,2,0,17710,7.2,4311,3239,23,1771,1,9,0,0,0,13399,6.6,-4311,-3239,20.1,1339.9
0,4,5,3,1,0,15041,7,-1207,-1748,21.4,1504.1,5,4,3,0,0,16248,7,1207,1748,22.8,1624.8
1,9,3,9,2,0,19027,7.2,4616,2050,24.7,1902.7,3,9,1,0,0,14411,6.6,-4616,-2050,18.7,1441.1
1,10,6,16,2,0,18718,7.4,2404,927,21.4,1871.8,6,10,6,0,0,16314,7,-2404,-927,22.8,1631.4
0,7,5,10,1,0,16938,7.2,600,824,23.1,1693.8,5,7,8,1,0,16338,7,-600,-824,22.9,1633.8
1,7,3,3,0,0,16772,7,1936,1799,25.5,1677.2,3,7,4,1,0,14836,6.6,-1936,-1799,20.5,1483.6
1,6,13,9,1,0,16035,6.6,-4685,-3600,16,1603.5,13,6,6,0,0,16378,7.6,4685,3600,24.4,1637.8
0,3,3,5,1,0,15518,6.6,315,-61,23.4,1551.8,3,3,4,0,0,15203,6.6,-315,61,21.6,1520.3
0,7,7,12,1,0,17543,7,994,-547,19.5,1754.3,7,7,11,1,0,16549,7,-994,547,21.5,1654.9
1,3,4,4,1,0,15829,7,450,661,24.2,1582.9,4,3,5,1,0,15379,6.6,-450,-661,23.9,1537.9
1,5,8,6,1,0,17389,7,110,-402,23.1,1738.9,8,5,9,0,0,17279,7.2,-110,402,23.1,1727.9
1,7,7,7,0,0,16683,7.2,-396,481,23.1,1668.3,7,7,5,2,0,17079,6.8,396,-481,24.6,1707.9
0,6,8,8,0,0,16985,7,-805,254,24,1698.5,8,6,10,1,0,17790,7,805,-254,22.1,1779
0,2,8,2,0,0,14904,6.6,-1302,-1959,22.2,1490.4,8,2,6,2,0,16206,7,1302,1959,19.4,1620.6
0,8,5,12,1,0,17551,6.6,1763,-239,23.7,1755.1,5,8,6,0,0,15788,7,-1763,239,21.3,1578.8
0,5,9,3,1,0,15278,6.4,-1993,-2178,18.6,1527.8,9,5,5,0,0,17271,7,1993,2178,21.1,1727.1
0,6,6,5,2,0,15539,6.8,8,572,19.1,1553.9,6,6,8,0,0,15531,6.4,-8,-572,20.8,1553.1
1,11,8,16,0,0,17860,6.8,1240,-349,17.2,1786,8,11,6,1,0,16620,6.8,-1240,349,20.2,1662
1,3,5,2,1,0,15156,6.6,-1063,-2035,20.7,1515.6,5,3,4,0,0,16219,7.2,1063,2035,22.9,1621.9
1,9,6,11,1,0,18152,7,22,1773,22.3,1815.2,6,9,10,1,0,18130,6.6,-22,-1773,20,1813
1,5,4,9,0,0,16587,7,-16,497,25.2,1658.7,4,5,5,2,0,16603,7,16,-497,24.2,1660.3
0,4,3,5,1,0,15562,7.2,-526,496,23.5,1556.2,3,4,2,0,0,16088,7,526,-496,21.9,1608.8
1,4,6,4,0,0,14944,6.8,-916,-659,20,1494.4,6,4,8,1,0,15860,7,916,659,19.3,1586
0,5,10,8,1,0,15269,6.6,-2793,-1055,19.4,1526.9,10,5,13,0,0,18062,6.8,2793,1055,20.4,1806.2
0,7,9,7,0,0,17166,7.2,-1561,925,22.4,1716.6,9,7,10,2,0,18727,7,1561,-925,17.7,1872.7
1,5,11,6,0,0,14813,6.8,-3707,-1742,18.2,1481.3,11,5,10,2,0,18520,7.2,3707,1742,22.5,1852
0,6,10,7,0,0,15787,6.8,-2457,-1625,20.5,1578.7,10,6,10,1,0,18244,7,2457,1625,23.8,1824.4
0,6,8,4,0,0,14795,6.4,-2348,-1246,17.2,1479.5,8,6,10,1,0,17143,6.6,2348,1246,19.3,1714.3
1,6,2,15,1,0,19848,7.2,5275,3662,22.4,1984.8,2,6,0,0,0,14573,6.6,-5275,-3662,22.7,1457.3
0,1,7,1,0,0,13886,6.6,-3413,-3079,22.2,1388.6,7,1,3,1,0,17299,7.2,3413,3079,24.5,1729.9
1,6,10,4,0,0,16149,6.8,-1286,-848,21.2,1614.9,10,6,14,0,0,17435,7,1286,848,19,1743.5
1,7,7,4,0,0,15312,6.6,-1785,-1581,17.4,1531.2,7,7,4,2,0,17097,7,1785,1581,21.6,1709.7
1,7,2,10,1,0,17267,7.2,3107,2096,22.4,1726.7,2,7,0,0,0,14160,6.6,-3107,-2096,21.8,1416
0,5,4,3,1,0,15961,7,-41,-1008,22.4,1596.1,4,5,2,0,0,16002,7.2,41,1008,23.3,1600.2
1,9,7,12,0,0,17704,7,639,1171,19.6,1770.4,7,9,10,0,0,17065,6.4,-639,-1171,20.8,1706.5
0,1,6,2,0,0,14808,7.2,-2041,-1090,24,1480.8,6,1,6,1,0,16849,7.4,2041,1090,22.7,1684.9
0,5,4,3,1,0,16374,7.2,412,93,22.7,1637.4,4,5,1,0,0,15962,7.2,-412,-93,23.4,1596.2
0,6,1,11,0,0,16933,7.2,2836,448,24.2,1693.3,1,6,0,1,0,14097,6.8,-2836,-448,20.7,1409.7
1,11,8,12,0,0,18156,7.2,957,469,20.8,1815.6,8,11,5,2,0,17199,6.8,-957,-469,21.8,1719.9
1,12,9,9,0,0,19397,7,2287,2551,23.2,1939.7,9,12,4,0,0,17110,6.6,-2287,-2551,18.4,1711
0,7,9,10,0,0,17033,6.8,-462,-1186,20.9,1703.3,9,7,9,0,0,17495,7,462,1186,21.3,1749.5
1,11,10,7,1,0,19061,7.2,1362,1592,23.6,1906.1,10,11,11,0,0,17699,6.8,-1362,-1592,19.1,1769.9
1,7,6,3,1,0,16653,7.4,140,1737,22.9,1665.3,6,7,5,0,0,16513,7,-140,-1737,22.9,1651.3
1,5,8,5,1,0,16781,6.6,633,-295,23.7,1678.1,8,5,13,0,0,16148,6.8,-633,295,18,1614.8
0,5,6,5,0,0,15978,6.8,-323,214,21,1597.8,6,5,6,1,0,16301,7,323,-214,20.3,1630.1
1,3,6,3,0,0,15859,7,-1296,227,24.1,1585.9,6,3,7,1,0,17155,7.2,1296,-227,25.7,1715.5
1,6,14,6,0,0,16205,6.4,-3622,-1908,19.6,1620.5,14,6,16,2,0,19827,7,3622,1908,22.4,1982.7
1,10,10,11,0,0,17528,6.8,-541,546,19.7,1752.8,10,10,11,1,0,18069,6.6,541,-546,22.3,1806.9
1,8,6,9,0,0,17154,7,1933,2792,20.2,1715.4,6,8,6,0,0,15221,6.6,-1933,-2792,17.4,1522.1
0,4,7,6,0,0,16112,7.2,-692,-758,24.7,1611.2,7,4,7,2,0,16804,7.2,692,758,22.3,1680.4
0,5,3,7,0,0,16210,7.2,766,-662,22.6,1621,3,5,2,0,0,15444,6.8,-766,662,20.2,1544.4
1,6,4,10,1,0,18369,7.4,2334,1835,27.6,1836.9,4,6,2,1,0,16035,7.2,-2334,-1835,24.9,1603.5
1,5,7,4,0,0,16097,6.8,-143,462,24.3,1609.7,7,5,8,0,0,16240,6.6,143,-462,19.8,1624
0,1,11,2,0,0,13196,6.4,-5525,-28,19.4,1319.6,11,1,8,0,0,18721,7.8,5525,28,25.2,1872.1
0,5,4,8,0,0,15552,6.6,-1493,-1179,20.1,1555.2,4,5,5,1,0,17045,7,1493,1179,25,1704.5
1,11,6,6,1,0,17597,6.8,2534,2539,19,1759.7,6,11,5,0,0,15063,6.2,-2534,-2539,18.8,1506.3
0,5,6,6,0,0,15709,6.8,-5900,-4872,21.6,1570.9,6,5,8,2,0,16378,7.8,5900,4872,27,1637.8
0,5,6,8,2,0,17035,7,851,327,23,1703.5,6,5,6,0,0,16184,6.6,-851,-327,21.9,1618.4
1,3,3,2,2,0,15000,7,198,726,22.9,1500,3,3,3,0,0,14802,6.8,-198,-726,22,1480.2
1,9,9,7,0,0,18426,7.6,380,-674,24,1842.6,9,9,6,1,0,18046,7.6,-380,674,21.1,1804.6
1,8,4,7,2,0,17634,7,2018,2261,24.2,1763.4,4,8,2,0,0,15616,6.6,-2018,-2261,23.3,1561.6
1,11,1,13,1,0,20251,7.4,14,-28,26.3,2025.1,1,11,1,1,0,13309,6.2,-14,28,18.6,1330.9
0,7,7,13,1,0,16034,6.6,-754,-729,19.9,1603.4,7,7,12,0,0,16788,6.8,754,729,22.4,1678.8
0,2,5,4,0,0,14147,6.6,-1400,-1716,22.6,1414.7,5,2,9,1,0,15547,7,1400,1716,19.7,1554.7
0,9,8,11,1,0,18304,7.2,1606,1036,23.7,1830.4,8,9,9,1,0,16698,7,-1606,-1036,19.8,1669.8
0,5,5,6,1,0,15104,6.6,-2130,-2032,18.6,1510.4,5,5,3,0,0,17234,7.2,2130,2032,25.9,1723.4
0,10,10,6,1,0,18847,7.2,987,642,21.3,1884.7,10,10,8,0,0,17860,7.2,-987,-642,20.6,1786
1,2,2,1,0,0,15782,6.8,1344,1195,25.3,1578.2,2,2,1,0,0,14438,6.8,-1344,-1195,23.6,1443.8
1,6,5,6,1,0,16893,7,568,1096,23.8,1689.3,5,6,6,0,0,16325,7,-568,-1096,23.1,1632.5
0,10,5,12,1,0,18545,7.2,2621,2001,20,1854.5,5,10,5,1,0,15924,6.8,-2621,-2001,20.6,1592.4
0,6,8,5,0,0,16918,7,-403,-575,23.3,1691.8,8,6,5,1,0,17321,7.2,403,575,22.5,1732.1
1,13,4,14,1,0,18722,6.8,3593,727,18.7,1872.2,4,13,6,0,0,15129,6.8,-3593,-727,20.9,1512.9
1,6,3,8,1,0,18247,7,3400,2400,23.5,1824.7,3,6,3,1,0,14847,6.6,-3400,-2400,20.9,1484.7
0,6,5,8,1,0,17471,6.8,1019,37,21.7,1747.1,5,6,4,0,0,16452,6.8,-1019,-37,20.6,1645.2
1,7,6,4,0,0,17641,7.2,1496,1352,23.7,1764.1,6,7,4,1,0,16145,7,-1496,-1352,21.4,1614.5
0,4,9,6,0,0,14605,6.6,-3921,-3284,18.1,1460.5,9,4,12,1,0,18526,7,3921,3284,24.2,1852.6
1,6,3,4,0,0,16249,6.6,675,377,22.4,1624.9,3,6,4,1,0,15574,7,-675,-377,22,1557.4
0,6,9,8,0,0,17157,7,-702,-2110,22.6,1715.7,9,6,5,2,0,17859,7.6,702,2110,20.8,1785.9
1,4,5,5,0,0,15165,6.8,-1286,-1695,21.8,1516.5,5,4,5,1,0,16451,7.2,1286,1695,24.4,1645.1
0,5,4,5,0,0,15427,6.8,-174,-503,21.5,1542.7,4,5,4,1,0,15601,7,174,503,22.9,1560.1
1,10,5,10,0,0,17878,7,2301,603,21.4,1787.8,5,10,5,0,0,15577,6.8,-2301,-603,20.3,1557.7
0,10,6,4,0,0,18000,7.4,2504,2361,23.6,1800,6,10,7,0,0,15496,7,-2504,-2361,19.1,1549.6
1,5,7,9,0,0,15851,7,-1341,445,21.5,1585.1,7,5,6,1,0,17192,7,1341,-445,23.7,1719.2
0,5,9,3,1,0,15832,6.6,-2174,-325,22.9,1583.2,9,5,11,0,0,18006,7,2174,325,22.1,1800.6
0,10,10,14,1,0,18931,7.2,1804,820,22.2,1893.1,10,10,10,0,0,17127,7,-1804,-820,21.1,1712.7
0,7,4,6,0,0,16157,6.8,68,-369,20.1,1615.7,4,7,7,1,0,16089,7,-68,369,21.3,1608.9
1,11,6,12,0,0,18354,6.8,1775,-5,20.7,1835.4,6,11,3,0,0,16579,6.8,-1775,5,20.8,1657.9
0,7,5,10,0,0,17274,7.4,424,1050,24.6,1727.4,5,7,4,1,0,16850,7.2,-424,-1050,24.5,1685
0,4,11,5,1,0,15372,6.8,-2585,204,21.3,1537.2,11,4,12,1,0,17957,6.8,2585,-204,20.9,1795.7
1,13,12,6,1,0,20175,7.4,1610,2488,21.5,2017.5,12,13,13,0,0,18565,6.8,-1610,-2488,21.2,1856.5
0,5,3,5,1,0,15486,7,904,195,20.5,1548.6,3,5,3,1,0,14582,6.8,-904,-195,21.6,1458.2
1,4,9,4,1,0,16074,7,-855,227,23.7,1607.4,9,4,10,1,0,16929,7,855,-227,21.1,1692.9
1,7,3,7,0,0,16849,7,1991,1977,23.1,1684.9,3,7,3,1,0,14858,6.4,-1991,-1977,22.3,1485.8
0,6,10,9,0,0,16291,6.8,-2893,-2027,18.8,1629.1,10,6,15,2,0,19184,7.2,2893,2027,23.6,1918.4
0,5,8,4,0,0,16164,7,-2274,-2172,23.3,1616.4,8,5,10,1,0,18438,7.4,2274,2172,24,1843.8
1,7,8,6,1,0,17002,7,-154,-612,22.1,1700.2,8,7,4,1,0,17156,7,154,612,22.5,1715.6
0,5,9,4,0,0,15342,6.8,-1630,-130,19.4,1534.2,9,5,12,1,0,16972,7,1630,130,21.6,1697.2
0,1,9,2,0,0,13119,6.2,14,-4956,19.9,1311.9,9,1,9,2,0,19997,7.4,-14,4956,27.5,1999.7
1,8,7,7,1,0,17472,7.2,1177,763,22.4,1747.2,7,8,7,0,0,16295,7.2,-1177,-763,18.3,1629.5
1,3,2,1,0,0,15681,7,919,1527,23.1,1568.1,2,3,2,1,0,14762,7,-919,-1527,23,1476.2
1,8,6,7,0,0,18634,7,2077,1804,23.9,1863.4,6,8,12,1,0,16557,6.8,-2077,-1804,19.6,1655.7
0,1,6,0,0,0,13881,6.8,-2973,-1940,20.9,1388.1,6,1,13,1,0,16854,7,2973,1940,22.2,1685.4
0,10,6,10,1,0,18145,6.6,-3228,-2075,19.9,1814.5,6,10,13,1,0,16378,7.2,3228,2075,23.7,1637.8
1,9,10,16,1,0,17308,6.8,-999,-1466,20.3,1730.8,10,9,13,1,0,18307,7.2,999,1466,21.2,1830.7
0,2,13,0,0,0,13049,6.2,14,-4800,16.3,1304.9,13,2,6,2,0,19444,7.2,-14,4800,23.9,1944.4
1,14,4,15,0,0,20075,7,5853,3870,22,2007.5,4,14,6,0,0,14222,6.2,-5853,-3870,17.9,1422.2
0,3,11,2,0,0,14377,6.4,-5141,-4745,15.8,1437.7,11,3,12,1,0,19518,7.4,5141,4745,24.1,1951.8
1,9,3,9,0,0,17270,6.6,2318,1656,21.3,1727,3,9,3,0,0,14952,6.6,-2318,-1656,22,1495.2
1,12,5,6,0,0,18967,7.6,3595,2595,24,1896.7,5,12,3,1,0,15372,6.8,-3595,-2595,21.7,1537.2
0,2,10,2,0,0,14044,6.6,14,-2014,19.1,1404.4,10,2,6,2,0,16378,7.2,-14,2014,23.6,1637.8
0,4,6,5,0,0,16467,7.2,-530,-123,26.1,1646.7,6,4,8,1,0,16997,7,530,123,22.7,1699.7
1,8,13,5,0,0,17846,6.8,-796,-594,19.8,1784.6,13,8,12,0,0,18642,7.2,796,594,19.4,1864.2
1,12,6,6,2,0,19993,7,3439,913,20.3,1999.3,6,12,8,0,0,16554,6.8,-3439,-913,20.9,1655.4
0,4,1,4,1,0,16223,7.2,1423,1022,23.2,1622.3,1,4,1,1,0,14800,7,-1423,-1022,24.2,1480
0,2,8,3,1,0,14071,6.4,-3952,-2015,20.2,1407.1,8,2,8,0,0,18023,7,3952,2015,22.8,1802.3
1,3,3,3,2,0,15284,7.2,-884,-471,24.5,1528.4,3,3,2,0,0,16168,7.2,884,471,22.7,1616.8
0,4,0,3,1,0,16346,7,2655,1326,27.2,1634.6,0,4,0,1,0,13691,6.8,-2655,-1326,21.8,1369.1
0,2,7,3,1,0,14358,6.6,-2031,-1121,22.5,1435.8,7,2,6,0,0,16389,7,2031,1121,22.3,1638.9
1,7,2,7,1,0,17206,7.4,2893,3588,24.8,1720.6,2,7,4,1,0,14313,6.6,-2893,-3588,21.8,1431.3
1,2,4,3,0,0,14767,7.2,-976,-1408,23.6,1476.7,4,2,4,1,0,15743,7.2,976,1408,21.5,1574.3
1,12,7,13,0,0,18291,7.2,2182,1012,17.6,1829.1,7,12,4,0,0,16109,6.8,-2182,-1012,21,1610.9
0,3,5,5,0,0,14979,6.8,-1968,-2932,20.3,1497.9,5,3,6,1,0,16947,7.2,1968,2932,23.8,1694.7
1,7,9,6,0,0,17214,7,-1806,123,23.1,1721.4,9,7,13,1,0,19020,7,1806,-123,20.4,1902
0,7,6,11,0,0,16461,6.4,-5941,-4097,17.7,1646.1,6,7,6,2,0,16378,7.2,5941,4097,24.1,1637.8
1,3,5,2,0,0,14027,6.6,-2105,-1815,21.9,1402.7,5,3,4,0,0,16132,7,2105,1815,26.1,1613.2
1,7,5,6,0,0,17432,7.4,993,593,22.4,1743.2,5,7,11,0,0,16439,7.4,-993,-593,20.9,1643.9
1,6,8,5,0,0,15969,6.8,-809,10,23.1,1596.9,8,6,8,0,0,16778,6.6,809,-10,21.6,1677.8
0,7,11,5,0,0,16308,6.8,-1903,-1398,19.5,1630.8,11,7,10,1,0,18211,7.2,1903,1398,21.4,1821.1
0,2,5,2,0,0,14119,6.6,-2325,-2078,21.6,1411.9,5,2,9,1,0,16444,6.8,2325,2078,23.5,1644.4
1,6,4,4,2,0,16044,7.2,-100,-1205,21.4,1604.4,4,6,2,0,0,16144,7.6,100,1205,23.4,1614.4
0,4,11,2,1,0,15011,6.6,-4396,-2703,18.3,1501.1,11,4,16,0,0,19407,7.2,4396,2703,24.5,1940.7
0,3,8,6,0,0,14517,6.4,-3525,-3278,16.9,1451.7,8,3,15,2,0,18042,7,3525,3278,20.2,1804.2
0,1,6,2,0,0,13653,6.6,-3728,-3076,22,1365.3,6,1,4,0,0,17381,7.4,3728,3076,22,1738.1
0,8,8,13,0,0,17833,7,1256,301,19.1,1783.3,8,8,7,0,0,16577,7,-1256,-301,19.3,1657.7
1,9,4,14,1,0,17759,7,3082,3200,22.8,1775.9,4,9,4,1,0,14677,6.2,-3082,-3200,16.8,1467.7
0,6,6,6,0,0,16158,7,197,1241,24,1615.8,6,6,10,0,0,15961,6.6,-197,-1241,20.5,1596.1
0,4,5,3,1,0,16147,7,482,914,22.2,1614.7,5,4,4,1,0,15665,7,-482,-914,19.9,1566.5
0,6,5,7,0,0,17065,7,1019,327,22,1706.5,5,6,7,1,0,16046,7,-1019,-327,23.3,1604.6
1,8,7,6,2,0,17287,7,817,266,21.5,1728.7,7,8,7,0,0,16470,7.2,-817,-266,21.8,1647
1,6,4,4,2,0,15997,7.2,499,2441,19.5,1599.7,4,6,4,0,0,15498,6.6,-499,-2441,21,1549.8
1,3,3,4,0,0,15387,7,-923,-1234,21.5,1538.7,3,3,5,1,0,16310,7.4,923,1234,23.2,1631
1,5,8,6,1,0,16313,7,-531,241,21.1,1631.3,8,5,4,1,0,16844,6.8,531,-241,20.5,1684.4
0,4,3,4,0,0,15987,7,1033,372,25.2,1598.7,3,4,3,0,0,14954,7,-1033,-372,23.1,1495.4
1,7,8,9,0,0,16304,6.4,-2336,-1468,16.9,1630.4,8,7,9,1,0,18640,7,2336,1468,21.1,1864
1,10,12,11,1,0,18177,6.8,-1253,-1627,20.3,1817.7,12,10,15,1,0,19430,7.2,1253,1627,23.5,1943
1,7,4,6,1,0,17493,7,2851,1313,24,1749.3,4,7,4,0,0,14642,6.8,-2851,-1313,19.8,1464.2
1,12,3,16,1,0,19443,7.2,5349,4131,25.4,1944.3,3,12,3,0,0,14094,6.6,-5349,-4131,19,1409.4
0,4,5,5,0,0,14920,6.6,-1670,-540,18.6,1492,5,4,1,2,0,16590,7,1670,540,23.3,1659
0,9,8,8,0,0,17511,6.8,225,787,21.6,1751.1,8,9,14,0,0,17286,6.6,-225,-787,20.6,1728.6
1,9,5,10,1,0,16819,6.8,459,-1147,19.7,1681.9,5,9,3,1,0,16360,6.8,-459,1147,23.5,1636
1,3,6,5,0,0,14703,6.8,-2127,-1619,19.8,1470.3,6,3,10,1,0,16830,7,2127,1619,23.3,1683
1,7,5,5,0,0,16801,7.4,575,706,20.3,1680.1,5,7,7,1,0,16226,7,-575,-706,21.4,1622.6
0,4,5,7,0,0,16254,7.2,-329,-230,24.8,1625.4,5,4,5,0,0,16583,7.2,329,230,27.2,1658.3
1,4,6,4,1,0,15478,6.8,-2375,-293,20.4,1547.8,6,4,4,0,0,17853,7,2375,293,23.6,1785.3
1,5,10,4,0,0,15363,6.4,-2623,-2312,20.6,1536.3,10,5,16,1,0,17986,7,2623,2312,22.6,1798.6
1,9,8,12,0,0,17121,6.6,217,434,21.2,1712.1,8,9,9,1,0,16904,6.4,-217,-434,17.3,1690.4
0,5,13,5,0,0,15069,6.2,-4160,-28,17.2,1506.9,13,5,10,1,0,19229,7.4,4160,28,23.1,1922.9
0,5,5,1,1,0,15891,6.4,-498,-1785,17.9,1589.1,5,5,4,0,0,16389,6.8,498,1785,19.6,1638.9
0,1,9,1,0,0,13316,6.6,-4500,-2980,18.8,1331.6,9,1,11,1,0,17816,7.2,4500,2980,21.5,1781.6
0,6,4,11,0,0,15956,6.8,-43,-1154,21.5,1595.6,4,6,4,0,0,15999,7.2,43,1154,22.6,1599.9
1,3,3,2,2,0,15661,7,-643,-1199,22.5,1566.1,3,3,5,0,0,16304,7.2,643,1199,25.6,1630.4
1,6,5,5,0,0,16789,7,1206,968,19.8,1678.9,5,6,5,0,0,15583,6.6,-1206,-968,19.2,1558.3
0,5,12,5,2,0,16347,6.6,-3529,-1509,21.2,1634.7,12,5,15,0,0,19876,7.4,3529,1509,21.4,1987.6
0,3,6,3,0,0,14901,6.8,-1123,-976,20.1,1490.1,6,3,6,1,0,16024,6.8,1123,976,23.2,1602.4
0,8,7,12,1,0,17018,7,1096,120,19,1701.8,7,8,4,0,0,15922,6.8,-1096,-120,19.6,1592.2
0,8,13,12,0,0,16342,6.6,-5219,-3480,16.5,1634.2,13,8,15,0,0,16378,7.4,5219,3480,26.3,1637.8
0,5,11,3,1,0,14801,6.2,-3527,-1901,20.9,1480.1,11,5,12,0,0,18328,7,3527,1901,23,1832.8
0,9,6,6,0,0,17333,6.8,1936,1447,20.9,1733.3,6,9,5,0,0,15397,6.4,-1936,-1447,19.7,1539.7
0,4,7,6,0,0,15052,7,-1729,-1258,19.4,1505.2,7,4,8,1,0,16781,7,1729,1258,22.6,1678.1
1,4,6,5,0,0,15585,6.8,-797,-843,22.7,1558.5,6,4,7,0,0,16382,7,797,843,24.1,1638.2
0,3,5,4,0,0,15273,7,-764,-1142,21.4,1527.3,5,3,1,1,0,16037,7,764,1142,24.8,1603.7
0,5,9,7,0,0,15666,6.6,-2484,-3235,18.8,1566.6,9,5,5,1,0,18150,7.2,2484,3235,23.5,1815
0,2,8,0,1,0,14591,6.8,-2269,-1078,21.9,1459.1,8,2,7,1,0,16860,7.2,2269,1078,22.3,1686
0,3,7,5,0,0,14690,6.2,-1753,-3324,19.1,1469,7,3,4,0,0,16443,7,1753,3324,21,1644.3
0,7,7,8,0,0,17151,6.8,-1122,-926,19.3,1715.1,7,7,6,2,0,18273,7.2,1122,926,23.4,1827.3
0,6,6,6,0,0,16378,6.8,428,-558,21.1,1637.8,6,6,6,2,0,15950,7,-428,558,21.6,1595
0,5,7,7,0,0,15661,6.4,-945,-2334,20.8,1566.1,7,5,5,0,0,16606,7,945,2334,23.4,1660.6
0,7,4,4,0,0,16589,7,-17,-355,23.1,1658.9,4,7,4,1,0,16606,7.2,17,355,22,1660.6
0,3,6,3,2,0,15900,6.8,-1286,-995,23.4,1590,6,3,6,0,0,17186,7,1286,995,21.4,1718.6
1,5,9,8,0,0,14927,6.6,-2614,-1880,19.6,1492.7,9,5,16,1,0,17541,6.8,2614,1880,21.4,1754.1
1,2,3,0,1,0,16875,6.8,2231,223,24.7,1687.5,3,2,3,1,0,14644,6.8,-2231,-223,19,1464.4
0,8,2,8,1,0,17847,7,3060,1838,20.7,1784.7,2,8,3,0,0,14787,6.6,-3060,-1838,22.1,1478.7
1,6,6,9,0,0,16369,7,311,-50,20.1,1636.9,6,6,5,0,0,16058,7.2,-311,50,21.6,1605.8
1,4,1,7,2,0,17320,7.4,2850,1646,26.4,1732,1,4,0,0,0,14470,6.8,-2850,-1646,24.8,1447
1,9,4,6,1,0,18532,7.4,3195,1370,23.1,1853.2,4,9,1,0,0,15337,7.2,-3195,-1370,22.3,1533.7
0,8,6,10,0,0,17136,7,1363,-147,20.2,1713.6,6,8,2,1,0,15773,7,-1363,147,21.8,1577.3
0,8,6,7,0,0,17137,7.2,1025,-199,19.2,1713.7,6,8,4,1,0,16112,6.8,-1025,199,18.7,1611.2
0,8,7,11,1,0,19114,7,2544,-21,24.5,1911.4,7,8,10,1,0,16570,7,-2544,21,20.9,1657
0,2,10,2,0,0,13555,7,14,-28,21.8,1355.5,10,2,9,2,0,19928,7.2,-14,28,24.2,1992.8
1,4,5,5,0,0,14707,6.6,-2268,-2502,21.3,1470.7,5,4,5,1,0,16975,7.2,2268,2502,25.4,1697.5
0,3,7,2,0,0,16025,7,-44,-357,21.4,1602.5,7,3,5,1,0,16069,7,44,357,22,1606.9
0,8,7,11,0,0,16776,6.4,357,-26,19.6,1677.6,7,8,7,0,0,16419,6.2,-357,26,18.6,1641.9
1,3,3,1,0,0,15379,7,236,-37,23.2,1537.9,3,3,5,1,0,15143,6.8,-236,37,21.7,1514.3
1,5,1,6,1,0,17196,7.2,2973,1440,23.9,1719.6,1,5,2,0,0,14223,6.8,-2973,-1440,23.9,1422.3
1,7,1,4,1,0,17200,7.2,2977,3051,23.4,1720,1,7,1,0,0,14223,6.6,-2977,-3051,21.1,1422.3
0,9,8,11,1,0,17472,7.2,-423,-1210,18,1747.2,8,9,11,1,0,17895,7.2,423,1210,22.1,1789.5
0,4,5,5,0,0,15435,6.8,-1077,-2560,23.1,1543.5,5,4,1,0,0,16512,7.4,1077,2560,24.9,1651.2
1,6,4,5,1,0,16588,7.2,1782,1959,22.9,1658.8,4,6,1,1,0,14806,6.8,-1782,-1959,18.9,1480.6
1,6,6,7,0,0,16784,7,941,129,22.8,1678.4,6,6,4,0,0,15843,6.8,-941,-129,17.6,1584.3
1,9,8,11,1,0,16982,7,-1346,-1607,19.1,1698.2,8,9,7,0,0,18328,7.4,1346,1607,21.2,1832.8
1,9,13,11,0,0,17635,6.6,-1430,-2349,17.5,1763.5,13,9,13,1,0,19065,7.2,1430,2349,21.9,1906.5
0,5,8,2,0,0,15913,6.8,-1091,-892,22.5,1591.3,8,5,6,1,0,17004,7.2,1091,892,20.8,1700.4
0,4,7,6,1,0,14487,6.4,-2088,-2747,17,1448.7,7,4,6,0,0,16575,7.4,2088,2747,21.7,1657.5
0,2,3,1,0,0,15643,6.8,-1045,169,23.3,1564.3,3,2,3,0,0,16688,7.2,1045,-169,22.9,1668.8
1,5,5,5,0,0,16853,7.2,213,-583,23.3,1685.3,5,5,2,0,0,16640,7,-213,583,24.9,1664
1,12,2,14,1,0,18242,7,4484,2878,19.5,1824.2,2,12,1,0,0,13758,6.2,-4484,-2878,19.9,1375.8
1,7,7,8,0,0,16866,6.8,-1543,-523,19.4,1686.6,7,7,7,1,0,18409,7,1543,523,20.7,1840.9
0,2,5,2,0,0,14673,7.2,-2599,-818,23.2,1467.3,5,2,7,1,0,17272,7,2599,818,27.1,1727.2
1,4,5,4,0,0,15463,6.8,-338,-9,21.5,1546.3,5,4,6,1,0,15801,7.2,338,9,21.7,1580.1
1,6,9,6,1,0,15824,6.6,-2047,-2330,21,1582.4,9,6,8,1,0,17871,6.8,2047,2330,20.5,1787.1
1,8,5,13,0,0,17129,6.8,1192,449,22.7,1712.9,5,8,7,0,0,15937,6.8,-1192,-449,22.5,1593.7
1,6,3,4,0,0,16335,6.8,1167,489,23.6,1633.5,3,6,1,1,0,15168,6.8,-1167,-489,20.6,1516.8
0,6,4,8,0,0,17099,7,1579,1223,20.8,1709.9,4,6,3,1,0,15520,6.8,-1579,-1223,22.8,1552
1,10,2,6,1,0,19077,7.6,5271,3997,23.4,1907.7,2,10,2,0,0,13806,6.6,-5271,-3997,19.1,1380.6
1,1,7,0,0,0,14983,6.8,-1607,-1043,27.1,1498.3,7,1,10,1,0,16590,7,1607,1043,21.2,1659
1,9,6,9,0,0,17368,6.8,280,-1018,21.9,1736.8,6,9,8,0,0,17088,7.2,-280,1018,22.7,1708.8
0,3,8,4,0,0,15286,6.8,-2811,-2702,22.5,1528.6,8,3,11,2,0,18097,7.6,2811,2702,24.7,1809.7
0,5,8,5,0,0,16317,7,-1025,-1767,20.9,1631.7,8,5,4,0,0,17342,7.2,1025,1767,24.5,1734.2
1,5,4,9,2,0,16364,7.4,409,1681,24.5,1636.4,4,5,3,0,0,15955,6.8,-409,-1681,22.9,1595.5
0,3,3,6,1,0,14623,6.6,-417,-1234,17.3,1462.3,3,3,4,0,0,15040,6.8,417,1234,20.7,1504
1,10,5,12,0,0,19938,7,4534,1707,22.2,1993.8,5,10,4,1,0,15404,6.6,-4534,-1707,21.4,1540.4
0,5,8,5,0,0,16221,7,-1437,-1656,21.6,1622.1,8,5,4,2,0,17658,7.2,1437,1656,22.7,1765.8
1,7,12,5,1,0,16544,6.8,-3011,-1199,19.4,1654.4,12,7,6,0,0,19555,7,3011,1199,22.2,1955.5
1,8,7,7,0,0,17908,7.2,653,430,22.9,1790.8,7,8,9,1,0,17255,7.2,-653,-430,24.7,1725.5
0,2,2,1,0,0,15831,7.4,1134,1160,27.1,1583.1,2,2,0,1,0,14697,7,-1134,-1160,23.8,1469.7
1,9,7,9,0,0,17668,7.2,1024,750,23,1766.8,7,9,5,0,0,16644,7.2,-1024,-750,22.6,1664.4
0,5,7,6,0,0,15470,6.8,-1708,-677,21.7,1547,7,5,12,0,0,17178,7.2,1708,677,20.7,1717.8
1,6,6,5,0,0,16448,6.8,442,541,20.7,1644.8,6,6,3,0,0,16006,6.8,-442,-541,22.1,1600.6
1,5,7,2,0,0,14877,7,-1550,-1018,20.5,1487.7,7,5,8,0,0,16427,7,1550,1018,21.1,1642.7
1,13,1,6,0,0,18917,7.6,4611,3311,22.6,1891.7,1,13,1,0,0,14306,6.6,-4611,-3311,21.3,1430.6
0,6,9,8,0,0,16356,6.4,-2865,-3840,20.2,1635.6,9,6,10,2,0,19221,7.4,2865,3840,22.3,1922.1
0,3,7,5,0,0,14676,6.6,-1563,-1232,17,1467.6,7,3,3,1,0,16239,6.8,1563,1232,20.1,1623.9
0,2,12,3,0,0,13126,7,-4394,-3817,17.5,1312.6,12,2,11,1,0,17520,7,4394,3817,19.5,1752
1,10,6,14,0,0,17769,7.2,1417,1116,20.7,1776.9,6,10,3,1,0,16352,7,-1417,-1116,21.5,1635.2
0,6,8,4,0,0,16051,6.8,-485,-353,19.9,1605.1,8,6,8,1,0,16536,6.8,485,353,19.9,1653.6
0,6,3,6,1,0,17395,7.2,2234,1606,25.2,1739.5,3,6,5,1,0,15161,7,-2234,-1606,22.6,1516.1
1,8,4,12,1,0,16819,6.8,1896,1069,19.9,1681.9,4,8,5,0,0,14923,6.6,-1896,-1069,21.6,1492.3
0,5,6,8,2,0,16315,6.8,199,403,23.6,1631.5,6,5,9,0,0,16116,6.6,-199,-403,22.7,1611.6
1,7,6,8,1,0,16846,6.8,-1705,-1679,24.6,1684.6,6,7,5,1,0,18551,7.2,1705,1679,24,1855.1
0,2,5,1,1,0,15951,7,-675,-1212,23.6,1595.1,5,2,6,0,0,16626,7.2,675,1212,23.4,1662.6
1,7,3,8,1,0,16858,7,1160,1541,22.8,1685.8,3,7,6,0,0,15698,6.6,-1160,-1541,24.4,1569.8
1,10,9,10,0,0,17335,6.6,1287,-749,17.6,1733.5,9,10,11,1,0,16048,6.6,-1287,749,19.8,1604.8
0,7,7,7,0,0,16781,6.8,-2063,-1448,19.4,1678.1,7,7,7,0,0,18844,7,2063,1448,23.2,1884.4
1,8,4,11,0,0,17225,6.8,2559,2593,22.2,1722.5,4,8,4,0,0,14666,6.2,-2559,-2593,20.9,1466.6
1,6,4,4,0,0,16948,7,2346,1424,25.2,1694.8,4,6,1,1,0,14602,6.4,-2346,-1424,21.1,1460.2
0,7,7,7,1,0,16056,6.6,-1151,-1924,18.8,1605.6,7,7,14,1,0,17207,7,1151,1924,23.5,1720.7
1,5,9,5,0,0,15440,6.4,-1729,118,18,1544,9,5,8,0,0,17169,6.4,1729,-118,18.5,1716.9
0,8,6,12,1,0,16058,6.4,-1441,-2022,17.8,1605.8,6,8,10,0,0,17499,6.8,1441,2022,24,1749.9
1,5,4,3,1,0,16315,7,763,1243,25.6,1631.5,4,5,3,0,0,15552,6.8,-763,-1243,21.8,1555.2
1,9,4,16,1,0,17326,6.8,1209,574,18.8,1732.6,4,9,5,0,0,16117,6.8,-1209,-574,23.1,1611.7
0,5,3,5,0,0,16851,7,1706,1154,22.5,1685.1,3,5,5,1,0,15145,7,-1706,-1154,21.9,1514.5
1,6,2,4,0,0,16853,6.8,2097,1569,23.4,1685.3,2,6,1,0,0,14756,6.6,-2097,-1569,22.8,1475.6
1,9,3,8,1,0,17556,7.4,2201,1421,21.1,1755.6,3,9,3,0,0,15355,7,-2201,-1421,22.7,1535.5
0,11,12,9,0,0,17840,7,-2425,-1827,17.5,1784,12,11,12,2,0,20265,7.4,2425,1827,19.7,2026.5
0,10,6,9,0,0,18725,7.4,2376,1325,24.3,1872.5,6,10,5,0,0,16349,7.2,-2376,-1325,21.5,1634.9
1,5,6,5,0,0,16781,6.8,679,1400,22.2,1678.1,6,5,6,1,0,16102,6.6,-679,-1400,19.2,1610.2
0,5,12,8,1,0,15376,6.6,-4864,-3336,20.6,1537.6,12,5,11,0,0,20240,7.6,4864,3336,24.7,2024
0,2,6,1,0,0,14193,7,-3116,-1349,21.8,1419.3,6,2,7,0,0,17309,7.4,3116,1349,24.7,1730.9
1,7,9,5,0,0,16862,6.8,-542,-254,20.6,1686.2,9,7,8,2,0,17404,7.2,542,254,22.2,1740.4
1,4,3,5,2,0,17003,6.8,1634,546,23.9,1700.3,3,4,4,0,0,15369,7,-1634,-546,26.1,1536.9
0,4,6,5,0,0,15506,6.8,-672,-1420,23.1,1550.6,6,4,4,1,0,16178,7.2,672,1420,21.4,1617.8
0,10,10,15,0,0,18724,6.8,622,319,22.1,1872.4,10,10,16,2,0,18102,7,-622,-319,22,1810.2
1,4,3,3,1,0,16422,6.8,1571,560,24.2,1642.2,3,4,3,1,0,14851,7,-1571,-560,21.1,1485.1
1,13,5,10,1,0,18337,7.2,3211,3640,19.4,1833.7,5,13,6,0,0,15126,6.4,-3211,-3640,18.2,1512.6
1,6,10,6,1,0,15385,6.6,-3134,-2772,21,1538.5,10,6,8,0,0,18519,7,3134,2772,23.2,1851.9
0,6,5,6,0,0,15566,6.8,-1951,-872,21.1,1556.6,5,6,6,1,0,17517,7.2,1951,872,23.3,1751.7
1,8,4,10,0,0,18326,7.2,3517,2356,23.9,1832.6,4,8,4,1,0,14809,6.6,-3517,-2356,20.3,1480.9
0,6,6,9,0,0,16299,6.8,80,-599,22.6,1629.9,6,6,4,1,0,16219,7.2,-80,599,21,1621.9
0,1,3,1,0,0,13991,6.8,-1380,-581,22.1,1399.1,3,1,2,1,0,15371,7,1380,581,22.4,1537.1
1,3,4,4,0,0,14205,6.6,-1115,178,20.3,1420.5,4,3,4,1,0,15320,6.6,1115,-178,19.2,1532
0,6,2,11,0,0,17955,7.2,3187,880,27,1795.5,2,6,1,1,0,14768,6.8,-3187,-880,23,1476.8
1,13,5,16,0,0,16398,7,14,3767,23.2,1639.8,5,13,8,0,0,14439,6.2,-14,-3767,21.8,1443.9
0,0,6,0,0,0,14197,6.8,-2313,-1210,25.5,1419.7,6,0,6,0,0,16510,7.2,2313,1210,23.1,1651
0,5,3,4,1,0,16788,7.2,1346,919,26.4,1678.8,3,5,6,1,0,15442,7.2,-1346,-919,24.2,1544.2
1,3,6,4,1,0,14798,6.8,-2402,-1757,17.9,1479.8,6,3,7,0,0,17200,6.8,2402,1757,22.7,1720
0,3,7,4,0,0,15598,6.8,-1293,-260,22,1559.8,7,3,6,1,0,16891,7,1293,260,23.7,1689.1
1,5,2,2,0,0,16655,7.2,2089,1675,23.8,1665.5,2,5,3,1,0,14566,6.8,-2089,-1675,22.4,1456.6
0,8,4,9,1,0,16804,7.2,2290,1865,20.6,1680.4,4,8,2,0,0,14514,6.6,-2290,-1865,18,1451.4
1,6,7,4,2,0,15977,6.8,-1397,-1549,19.8,1597.7,7,6,6,0,0,17374,7.2,1397,1549,23,1737.4
0,4,3,2,1,0,15654,7.2,-360,-61,23.3,1565.4,3,4,2,1,0,16014,7,360,61,25.4,1601.4
1,10,2,12,1,0,19035,7.4,5465,3492,23.9,1903.5,2,10,2,0,0,13570,6.4,-5465,-3492,19,1357
0,4,2,5,1,0,16247,7.4,1032,1098,22.6,1624.7,2,4,2,1,0,15215,7,-1032,-1098,24.3,1521.5
0,8,5,11,0,0,18074,7.4,1887,1295,23.5,1807.4,5,8,4,0,0,16187,7,-1887,-1295,22,1618.7
1,8,2,9,1,0,17274,7,3640,2348,23.3,1727.4,2,8,0,0,0,13634,6.4,-3640,-2348,20.2,1363.4
1,10,7,12,0,0,17839,7,1452,689,20.1,1783.9,7,10,5,1,0,16387,7.2,-1452,-689,19.8,1638.7
1,6,6,11,0,0,16700,7,1806,4,21.8,1670,6,6,3,1,0,14894,6.6,-1806,-4,20.3,1489.4
1,6,5,10,0,0,15852,6.8,66,-57,19.2,1585.2,5,6,5,1,0,15786,6.8,-66,57,23.2,1578.6
1,4,4,4,0,0,15296,6.6,-112,-812,22.1,1529.6,4,4,4,1,0,15408,6.8,112,812,22.2,1540.8
1,1,1,2,1,0,14426,6.8,-323,-615,21.9,1442.6,1,1,2,0,0,14749,6.6,323,615,24.3,1474.9
1,4,4,2,0,0,15856,7,-82,745,24.8,1585.6,4,4,4,1,0,15938,7,82,-745,25.4,1593.8
1,11,6,6,0,0,17895,6.8,2088,-118,19.1,1789.5,6,11,5,1,0,15807,6.6,-2088,118,20.2,1580.7
0,6,9,9,0,0,15728,6.6,-2701,-2275,20.8,1572.8,9,6,8,0,0,18429,7.2,2701,2275,20.8,1842.9
1,5,5,5,0,0,17333,6.8,781,-1744,23.2,1733.3,5,5,4,1,0,16552,7.2,-781,1744,23.4,1655.2
0,8,7,9,0,0,16404,6.8,283,608,19.7,1640.4,7,8,8,1,0,16121,6.6,-283,-608,21.6,1612.1
1,6,6,6,1,0,15738,7,-360,-708,20.6,1573.8,6,6,1,1,0,16098,7,360,708,23,1609.8
0,0,4,0,0,0,13580,6.4,-4279,-4529,20.7,1358,4,0,2,2,0,17859,7.6,4279,4529,26.6,1785.9
0,6,7,4,1,0,16773,6.8,120,-1254,23.7,1677.3,7,6,5,0,0,16653,7.2,-120,1254,22.4,1665.3
0,4,8,5,0,0,14993,6.6,-1845,-1879,21.5,1499.3,8,4,10,1,0,16838,7,1845,1879,22.9,1683.8
0,2,3,1,0,0,15219,6.8,-563,-1422,24.1,1521.9,3,2,3,1,0,15782,7,563,1422,22.5,1578.2
0,6,8,4,0,0,16046,6.6,-1112,-942,20.3,1604.6,8,6,7,0,0,17158,7,1112,942,22,1715.8
0,6,8,5,1,0,15683,7,-1906,-1476,18.6,1568.3,8,6,9,1,0,17589,7,1906,1476,24,1758.9
0,5,9,5,1,0,16408,6.8,-2517,-1199,19.9,1640.8,9,5,12,0,0,18925,7.2,2517,1199,24.8,1892.5
0,3,7,2,1,0,15104,6.8,-2831,-1651,22.8,1510.4,7,3,8,1,0,17935,7.4,2831,1651,24.2,1793.5
0,6,5,7,1,0,16113,6.8,-1063,-632,18,1611.3,5,6,5,0,0,17176,6.8,1063,632,24,1717.6
1,11,7,15,0,0,18894,6.8,1573,-624,21.9,1889.4,7,11,7,2,0,17321,7,-1573,624,22,1732.1
0,7,9,5,0,0,16652,6.8,-427,-13,21.2,1665.2,9,7,9,0,0,17079,7,427,13,22.6,1707.9
0,4,10,4,0,0,15409,6.8,-2161,-297,21.8,1540.9,10,4,6,0,0,17570,6.6,2161,297,18.7,1757
1,8,4,8,0,0,16733,7.4,479,929,19.3,1673.3,4,8,3,1,0,16254,7,-479,-929,23.3,1625.4
1,12,5,13,0,0,17307,6.4,3237,2107,18.9,1730.7,5,12,4,0,0,14070,6.2,-3237,-2107,15.8,1407
1,5,4,8,1,0,15283,7,230,-105,22.3,1528.3,4,5,5,0,0,15053,6.8,-230,105,21.2,1505.3
0,3,7,1,0,0,14428,6.6,-1217,-539,21.5,1442.8,7,3,11,1,0,15645,6.8,1217,539,21.6,1564.5
1,7,6,12,1,0,16679,7,273,87,19.3,1667.9,6,7,9,0,0,16406,6.8,-273,-87,21.5,1640.6
0,4,10,3,0,0,15400,6.6,-2552,-2052,18.8,1540,10,4,13,1,0,17952,6.8,2552,2052,21.2,1795.2
0,7,7,6,0,0,16230,6.8,-4,-139,21.6,1623,7,7,5,0,0,16234,7,4,139,17.7,1623.4
0,4,7,3,1,0,16028,7.4,-2863,-875,24.9,1602.8,7,4,6,0,0,18891,7.4,2863,875,24.2,1889.1
1,4,4,2,0,0,15731,7.2,-85,-632,25,1573.1,4,4,3,0,0,15816,7.2,85,632,22.9,1581.6
0,4,10,1,0,0,14816,6.6,-4490,-3582,21.8,1481.6,10,4,6,2,0,19306,7.4,4490,3582,24.7,1930.6
1,4,6,2,1,0,15862,7.2,-988,470,22.9,1586.2,6,4,6,1,0,16850,7,988,-470,23.2,1685
1,1,4,1,2,0,14140,6.6,-1481,-1506,24.1,1414,4,1,5,0,0,15621,7,1481,1506,22.8,1562.1
1,6,4,7,2,0,16699,7,1109,718,24.2,1669.9,4,6,6,0,0,15590,6.8,-1109,-718,23.7,1559
0,2,9,1,0,0,13405,6.4,-5392,-2904,18.2,1340.5,9,2,6,1,0,18797,6.8,5392,2904,23.1,1879.7
1,8,10,5,0,0,17538,7,238,840,22.4,1753.8,10,8,10,1,0,17300,6.8,-238,-840,19.1,1730
0,6,3,5,0,0,19038,7.2,4941,4702,26.1,1903.8,3,6,5,0,0,14097,6.2,-4941,-4702,19,1409.7
0,9,12,10,0,0,18082,7.2,24,235,20.9,1808.2,12,9,11,2,0,18058,7,-24,-235,20,1805.8
0,1,5,0,1,0,14004,6.4,-1113,-1381,21.7,1400.4,5,1,5,0,0,15117,7,1113,1381,21.2,1511.7
1,4,4,5,0,0,16349,7.2,754,13,25.3,1634.9,4,4,3,1,0,15595,7.2,-754,-13,24.3,1559.5
0,2,7,1,0,0,15373,7.2,-1942,140,25.2,1537.3,7,2,10,2,0,17315,7.2,1942,-140,22.6,1731.5
1,7,7,7,2,0,16559,7.2,-167,39,23.5,1655.9,7,7,5,0,0,16726,7,167,-39,23.7,1672.6
1,5,2,6,1,0,16513,6.8,3537,2976,20.3,1651.3,2,5,2,0,0,12976,6.4,-3537,-2976,18.6,1297.6
1,10,3,10,1,0,19886,7.4,5349,3639,24,1988.6,3,10,5,0,0,14537,6.6,-5349,-3639,18.9,1453.7
1,6,2,4,2,0,17167,7,2793,2280,24.7,1716.7,2,6,0,0,0,14374,6.6,-2793,-2280,22.5,1437.4
1,5,1,9,1,0,16809,7.2,2192,464,24.1,1680.9,1,5,1,0,0,14617,6.8,-2192,-464,24.6,1461.7
0,10,13,12,0,0,18178,6.8,-286,-494,20,1817.8,13,10,12,1,0,18464,6.8,286,494,17.1,1846.4
0,3,10,4,0,0,14742,6.6,-3540,-3279,21.5,1474.2,10,3,13,1,0,18282,7.2,3540,3279,22.7,1828.2
1,4,5,4,0,0,15126,6.8,-568,-345,20.7,1512.6,5,4,2,0,0,15694,6.8,568,345,23.1,1569.4
0,5,9,7,0,0,15449,6.6,-2975,-2542,19.5,1544.9,9,5,15,1,0,18424,7.2,2975,2542,25.8,1842.4
0,4,12,7,0,0,15233,6.6,-3184,-2345,20.8,1523.3,12,4,14,0,0,18417,7,3184,2345,21.8,1841.7
0,2,6,3,0,0,14602,6.8,-2185,-2480,20.8,1460.2,6,2,4,1,0,16787,7.2,2185,2480,23.2,1678.7
1,3,4,5,0,0,15390,7,-387,879,24.5,1539,4,3,8,0,0,15777,7,387,-879,23.9,1577.7
1,5,5,9,0,0,16766,7,1543,828,23.1,1676.6,5,5,2,1,0,15223,6.8,-1543,-828,20.8,1522.3
1,6,10,6,0,0,16093,6.4,-1908,-1654,18.1,1609.3,10,6,9,1,0,18001,7,1908,1654,22,1800.1
1,3,4,3,1,0,15575,6.6,737,-691,22,1557.5,4,3,4,0,0,14838,6.6,-737,691,20.1,1483.8
1,7,5,12,0,0,16953,6.8,1073,-541,19.9,1695.3,5,7,7,1,0,15880,7,-1073,541,21,1588
0,6,5,7,1,0,15529,7,-413,-1004,20.4,1552.9,5,6,2,1,0,15942,7,413,1004,23.7,1594.2
1,6,2,7,1,0,16836,7.2,2569,2378,24.2,1683.6,2,6,1,1,0,14267,6.8,-2569,-2378,22.8,1426.7
0,3,9,2,0,0,13820,7,-3996,-2986,15.8,1382,9,3,14,1,0,17816,6.6,3996,2986,19,1781.6
1,12,6,6,1,0,19321,7,2574,359,22.6,1932.1,6,12,9,0,0,16747,7,-2574,-359,22.8,1674.7
0,3,5,6,0,0,15834,6.8,-191,-182,22.8,1583.4,5,3,6,1,0,16025,7.2,191,182,20.8,1602.5
1,7,7,10,1,0,16585,6.8,-536,-864,19.1,1658.5,7,7,9,0,0,17121,6.8,536,864,23.4,1712.1
0,5,8,6,1,0,15483,6.8,-1429,-683,17.4,1548.3,8,5,10,0,0,16912,6.8,1429,683,22.5,1691.2
1,6,2,5,1,0,17834,7.2,3797,2242,27.6,1783.4,2,6,3,1,0,14037,6.8,-3797,-2242,20.2,1403.7
1,5,2,7,1,0,16858,7.2,2407,939,25.1,1685.8,2,5,3,0,0,14451,6.6,-2407,-939,22.1,1445.1
1,6,9,6,0,0,16398,7.4,2828,1962,20.5,1639.8,9,6,7,1,0,17791,6.8,-2828,-1962,19.8,1779.1
1,9,5,9,1,0,18449,7.2,2334,1246,25.7,1844.9,5,9,6,0,0,16115,6.8,-2334,-1246,23.1,1611.5
1,7,3,9,0,0,17354,7.4,2301,3412,22.4,1735.4,3,7,4,0,0,15053,6.6,-2301,-3412,24,1505.3
0,7,6,8,0,0,16097,6.6,853,363,21.4,1609.7,6,7,4,1,0,15244,6.4,-853,-363,18.2,1524.4
1,6,6,7,0,0,16138,6.8,-243,418,21.1,1613.8,6,6,13,1,0,16381,6.6,243,-418,18.8,1638.1
1,8,2,11,1,0,17794,7,4793,3669,22,1779.4,2,8,2,0,0,13001,7,-4793,-3669,21.7,1300.1
1,11,6,15,1,0,19218,7,3248,2147,19.7,1921.8,6,11,4,0,0,15970,6.8,-3248,-2147,20.5,1597
1,10,4,15,1,0,18501,7.6,2907,2700,23,1850.1,4,10,6,0,0,15594,7,-2907,-2700,21.5,1559.4
0,4,6,0,0,0,15922,7.2,-1454,-616,24.8,1592.2,6,4,8,0,0,17376,7.2,1454,616,20.7,1737.6
1,6,7,7,0,0,16119,6.6,292,-206,20.3,1611.9,7,6,6,1,0,15827,6.6,-292,206,20.6,1582.7
0,3,11,4,1,0,14625,6.6,-2978,-2960,20,1462.5,11,3,12,0,0,17603,7.4,2978,2960,19,1760.3
0,7,8,6,1,0,16685,6.8,-335,-681,19.3,1668.5,8,7,7,1,0,17020,6.8,335,681,22.8,1702
0,2,8,1,1,0,13895,6.6,-2894,-1742,21,1389.5,8,2,9,1,0,16789,7,2894,1742,20.8,1678.9
1,14,6,6,0,0,19890,6.8,4401,2185,17.4,1989,6,14,6,1,0,15489,6.2,-4401,-2185,20.4,1548.9
0,6,10,5,0,0,15164,6.4,-4055,-2248,19,1516.4,10,6,10,1,0,19219,7.2,4055,2248,23.6,1921.9
0,10,4,7,0,0,17498,7.4,2084,2869,22.4,1749.8,4,10,4,0,0,15414,6.4,-2084,-2869,22.8,1541.4
1,13,5,16,0,0,19452,7.6,2593,3690,21.2,1945.2,5,13,7,2,0,16859,6.8,-2593,-3690,21.3,1685.9
0,9,5,7,1,0,17322,7,1372,2320,25.5,1732.2,5,9,6,0,0,15950,6.6,-1372,-2320,21.3,1595
1,8,3,6,1,0,17243,6.8,2803,1638,23.1,1724.3,3,8,5,0,0,14440,6.6,-2803,-1638,18.6,1444
0,8,10,8,1,0,18020,7.2,-533,944,21.4,1802,10,8,14,0,0,18553,7,533,-944,19.8,1855.3
0,6,7,8,2,0,16289,6.8,-963,-64,20.8,1628.9,7,6,11,0,0,17252,7,963,64,23,1725.2
1,9,4,10,2,0,18303,7.2,2642,366,26.3,1830.3,4,9,2,0,0,15661,7,-2642,-366,23.1,1566.1
0,4,10,6,0,0,15728,6.8,-1615,-1585,21.2,1572.8,10,4,12,0,0,17343,7,1615,1585,20.5,1734.3
1,6,3,5,0,0,16097,7,1212,1738,22.6,1609.7,3,6,1,2,0,14885,6.6,-1212,-1738,21.6,1488.5
0,2,5,4,2,0,14414,6.4,-2363,-2144,21.5,1441.4,5,2,10,0,0,16777,7.2,2363,2144,23.3,1677.7
1,9,8,5,1,0,15852,6.8,-1918,-1739,19.4,1585.2,8,9,10,1,0,17770,7.2,1918,1739,21.3,1777
1,4,3,4,0,0,15202,6.8,145,-729,21.5,1520.2,3,4,2,1,0,15057,6.8,-145,729,24.7,1505.7
1,2,3,1,0,0,15572,7.2,902,860,24.2,1557.2,3,2,4,1,0,14670,6.8,-902,-860,23.1,1467
0,8,8,6,0,0,16488,7,-870,-1120,20.8,1648.8,8,8,7,1,0,17358,7.2,870,1120,24.1,1735.8
0,5,12,11,1,0,14353,6.2,-4550,-3483,16.8,1435.3,12,5,6,0,0,18903,7.2,4550,3483,21.6,1890.3
1,13,3,11,1,0,19133,7.4,4238,3475,22.3,1913.3,3,13,2,1,0,14895,6.6,-4238,-3475,16.8,1489.5
0,3,5,4,0,0,15314,7,-1659,-1566,23.3,1531.4,5,3,5,0,0,16973,7.4,1659,1566,25.3,1697.3
0,10,6,6,0,0,17690,7.2,1377,2429,19.2,1769,6,10,5,0,0,16313,6.6,-1377,-2429,19.4,1631.3
1,10,6,15,2,0,20183,7.6,3663,2748,21.6,2018.3,6,10,6,0,0,16520,6.8,-3663,-2748,19.2,1652
1,9,5,9,1,0,18408,7.2,2969,2575,22.5,1840.8,5,9,3,0,0,15439,6.6,-2969,-2575,21,1543.9
0,6,12,6,0,0,15595,6.4,-3682,-4566,15.9,1559.5,12,6,13,0,0,19277,7.6,3682,4566,24,1927.7
1,8,9,9,0,0,17119,7,-1362,-863,20.9,1711.9,9,8,9,0,0,18481,7.4,1362,863,23.5,1848.1
0,9,9,9,0,0,17658,7,108,-88,21.4,1765.8,9,9,8,1,0,17550,7,-108,88,23.5,1755
1,14,4,14,0,0,19600,7.4,5344,3506,21.8,1960,4,14,1,0,0,14256,6.8,-5344,-3506,19.4,1425.6
0,7,14,8,0,0,16336,6.8,-3908,-2704,19,1633.6,14,7,6,1,0,20244,7.2,3908,2704,20.8,2024.4
1,7,2,5,1,0,16860,6.8,2984,1565,22.6,1686,2,7,1,0,0,13876,6.6,-2984,-1565,21.6,1387.6
1,3,4,2,2,0,14501,6.6,-250,489,20.1,1450.1,4,3,6,0,0,14751,6.4,250,-489,21.2,1475.1
0,7,7,8,0,0,17148,7,1084,658,22.6,1714.8,7,7,8,2,0,16064,6.4,-1084,-658,20.7,1606.4
1,10,6,10,0,0,18559,7,2606,964,22.3,1855.9,6,10,6,1,0,15953,6.8,-2606,-964,20.3,1595.3
0,3,5,4,1,0,16250,6.6,154,-979,21.5,1625,5,3,11,1,0,16096,6.8,-154,979,23,1609.6
1,4,3,3,1,0,15791,7,960,-812,22.4,1579.1,3,4,5,0,0,14831,7,-960,812,22.3,1483.1
0,5,12,5,0,0,15634,6.6,-3194,-2675,22.2,1563.4,12,5,13,1,0,18828,7.2,3194,2675,20.5,1882.8
1,3,2,3,0,0,15148,6.6,-44,-1601,21.5,1514.8,2,3,1,0,0,15192,7,44,1601,24.6,1519.2
1,10,8,14,2,0,17893,7,1181,-934,20.6,1789.3,8,10,6,0,0,16712,7,-1181,934,18.2,1671.2
1,7,8,12,1,0,16200,6.6,-927,-736,20.2,1620,8,7,11,1,0,17127,7.2,927,736,20.7,1712.7
0,2,7,0,0,0,13371,6.4,-3170,-2591,22.4,1337.1,7,2,6,1,0,16541,6.8,3170,2591,22.6,1654.1
0,6,7,5,0,0,15903,7,-623,1024,20.5,1590.3,7,6,5,1,0,16526,7,623,-1024,20.5,1652.6
1,5,6,6,0,0,15719,6.8,-1121,4,20.2,1571.9,6,5,5,0,0,16840,7,1121,-4,23.6,1684
0,2,9,2,0,0,13267,6.2,-5292,-4922,18.5,1326.7,9,2,12,1,0,18559,7.2,5292,4922,23.7,1855.9
1,4,1,4,2,0,16305,7.2,1793,929,25.3,1630.5,1,4,1,0,0,14512,7.2,-1793,-929,20.4,1451.2
1,8,2,8,0,0,18269,7.6,3389,3465,25.8,1826.9,2,8,1,0,0,14880,6.4,-3389,-3465,23.9,1488
0,4,11,3,0,0,14956,6.4,-3532,-2062,21.6,1495.6,11,4,11,0,0,18488,7.2,3532,2062,21.7,1848.8
1,3,7,3,1,0,16180,6.8,-981,264,22.9,1618,7,3,11,1,0,17161,6.8,981,-264,23,1716.1
0,8,6,12,0,0,16808,6.8,616,-87,20,1680.8,6,8,8,0,0,16192,6.6,-616,87,19.8,1619.2
0,10,5,7,1,0,17971,7.2,3146,1518,23.1,1797.1,5,10,2,1,0,14825,7,-3146,-1518,18.1,1482.5
1,6,2,6,2,0,16998,7.2,2619,1209,23.6,1699.8,2,6,2,0,0,14379,7,-2619,-1209,21.7,1437.9
0,5,14,6,2,0,15015,6.6,-5065,-3552,16.7,1501.5,14,5,9,0,0,20080,7.4,5065,3552,22.4,2008
1,4,4,1,0,0,14881,7,-856,-563,20.9,1488.1,4,4,1,0,0,15737,7,856,563,23.6,1573.7
1,4,3,10,1,0,15730,7,739,-270,24.1,1573,3,4,5,0,0,14991,7,-739,270,23.9,1499.1
1,6,5,14,1,0,19098,7,2447,247,20.3,1909.8,5,6,3,0,0,16651,7,-2447,-247,20.7,1665.1
1,5,3,6,0,0,16169,7.2,561,740,23.5,1616.9,3,5,3,0,0,15608,7,-561,-740,23.5,1560.8
0,9,10,6,1,0,16954,6.8,-1073,210,19.7,1695.4,10,9,16,0,0,18027,6.6,1073,-210,17.6,1802.7
0,5,4,5,0,0,15984,7.2,193,89,20.3,1598.4,4,5,4,0,0,15791,6.8,-193,-89,22.2,1579.1
1,8,7,8,0,0,18078,7,1204,306,26.1,1807.8,7,8,7,1,0,16874,6.8,-1204,-306,20.4,1687.4
1,9,5,9,1,0,16329,6.4,948,16,20.6,1632.9,5,9,4,0,0,15381,6.8,-948,-16,17.3,1538.1
0,9,10,5,0,0,17193,7,-1027,-1434,22.4,1719.3,10,9,6,0,0,18220,7.6,1027,1434,23.6,1822
1,11,6,13,1,0,18401,7,1843,1402,20.1,1840.1,6,11,8,0,0,16558,6.8,-1843,-1402,21.2,1655.8
0,2,10,0,0,0,14704,7,-3517,-1818,22.7,1470.4,10,2,7,1,0,18221,7.6,3517,1818,23.5,1822.1
0,5,8,3,0,0,16367,7.2,-1204,-717,25.4,1636.7,8,5,8,1,0,17571,7,1204,717,21.8,1757.1
0,0,5,0,0,0,12905,6.2,-3927,-3257,19.5,1290.5,5,0,5,0,0,16832,7,3927,3257,21.1,1683.2
0,3,7,0,0,0,13967,7,-2681,-834,19.7,1396.7,7,3,6,1,0,16648,6.6,2681,834,19.3,1664.8
0,8,6,9,1,0,16511,7,300,1722,19.9,1651.1,6,8,7,0,0,16211,6.6,-300,-1722,22.5,1621.1
0,8,7,8,0,0,17496,7.4,4,1213,23.2,1749.6,7,8,8,0,0,17492,7.2,-4,-1213,25.9,1749.2
1,7,6,6,1,0,17743,7.4,1572,829,25.5,1774.3,6,7,4,0,0,16171,7,-1572,-829,21.8,1617.1
1,8,6,8,1,0,16888,7,856,1638,20.2,1688.8,6,8,5,1,0,16032,6.6,-856,-1638,19.8,1603.2
0,2,2,0,1,0,13742,6.8,-2296,-1213,20.8,1374.2,2,2,1,1,0,16038,6.8,2296,1213,25,1603.8
0,9,6,10,0,0,17793,7,-1961,-392,18.7,1779.3,6,9,6,1,0,19754,7,1961,392,17.3,1975.4
0,5,8,6,0,0,16178,6.8,-1320,-687,22.1,1617.8,8,5,10,1,0,17498,7.2,1320,687,18.5,1749.8
1,8,8,8,1,0,17706,6.8,-492,-173,21.7,1770.6,8,8,11,0,0,18198,7.2,492,173,23,1819.8
1,6,9,5,2,0,16149,6.8,34,-957,19.9,1614.9,9,6,9,0,0,16115,6.8,-34,957,18.4,1611.5
0,3,8,2,0,0,14760,6.4,-1964,-3710,18.3,1476,8,3,6,1,0,16724,7.4,1964,3710,20,1672.4
0,3,5,3,0,0,15820,6.8,-306,-282,22,1582,5,3,8,2,0,16126,7,306,282,22.2,1612.6
0,5,9,3,1,0,15173,7,-2354,-1337,18.3,1517.3,9,5,7,1,0,17527,7,2354,1337,21,1752.7
0,4,3,5,0,0,14769,6.8,-1071,-843,21.5,1476.9,3,4,2,0,0,15840,7,1071,843,24.2,1584
0,4,3,6,0,0,14353,6.8,-1009,-280,17.8,1435.3,3,4,1,1,0,15362,6.8,1009,280,22.2,1536.2
1,8,4,11,0,0,16763,7,147,-712,21.6,1676.3,4,8,8,0,0,16616,7,-147,712,24,1661.6
1,5,2,5,0,0,16747,7.2,2126,1070,25,1674.7,2,5,1,0,0,14621,7,-2126,-1070,22.7,1462.1
0,8,5,7,0,0,17044,6.8,845,-234,21.7,1704.4,5,8,5,1,0,16199,6.8,-845,234,20.7,1619.9
0,6,7,8,0,0,15532,6.8,-1779,-354,19,1553.2,7,6,4,0,0,17311,7,1779,354,24.2,1731.1
0,7,12,6,2,0,17347,6.6,-1305,-1101,22.2,1734.7,12,7,15,0,0,18652,7.4,1305,1101,21.8,1865.2
1,9,6,8,1,0,18758,7.2,2137,490,22.8,1875.8,6,9,6,0,0,16621,6.8,-2137,-490,23.4,1662.1
1,13,8,13,1,0,16398,7.6,3673,1956,22,1639.8,8,13,4,1,0,17038,7,-3673,-1956,20.9,1703.8
1,8,4,9,0,0,16539,7,1947,1396,20.5,1653.9,4,8,3,0,0,14592,6.6,-1947,-1396,19.6,1459.2
1,11,9,13,1,0,19096,7.2,895,910,20.6,1909.6,9,11,9,0,0,18201,7,-895,-910,23.5,1820.1
1,11,4,14,2,0,17938,6.6,3413,396,19.9,1793.8,4,11,3,0,0,14525,6.6,-3413,-396,19.5,1452.5
1,8,11,8,0,0,17072,6.8,-2298,-730,18,1707.2,11,8,5,2,0,19370,7,2298,730,24.2,1937
1,12,4,6,1,0,19640,7,5151,3496,21.6,1964,4,12,5,0,0,14489,7,-5151,-3496,17.5,1448.9
1,7,5,6,1,0,16891,7,-51,373,21.4,1689.1,5,7,8,1,0,16942,6.8,51,-373,21.8,1694.2
1,9,3,6,1,0,17485,7,3075,1798,23.4,1748.5,3,9,2,0,0,14410,6.6,-3075,-1798,21.4,1441
0,7,2,5,0,0,16696,7.2,1945,2614,22.5,1669.6,2,7,3,0,0,14751,6.4,-1945,-2614,19.6,1475.1
1,8,3,4,1,0,17499,7.2,2644,2337,23.1,1749.9,3,8,2,0,0,14855,6.6,-2644,-2337,20.8,1485.5
1,10,6,9,0,0,18288,7.2,2569,1891,24.5,1828.8,6,10,4,1,0,15719,6.8,-2569,-1891,22,1571.9
0,5,6,7,0,0,15684,6.8,-1434,-1409,17,1568.4,6,5,3,1,0,17118,7.2,1434,1409,22.3,1711.8
0,1,1,0,1,0,14737,7,92,728,22.9,1473.7,1,1,0,0,0,14645,6.8,-92,-728,19.9,1464.5
0,11,9,13,1,0,18715,7,1326,351,22.3,1871.5,9,11,9,0,0,17389,7.2,-1326,-351,20.8,1738.9
1,7,6,9,1,0,18551,7.2,1850,834,22.5,1855.1,6,7,7,0,0,16701,7,-1850,-834,21,1670.1
1,12,4,16,1,0,19351,7.4,3969,3522,22,1935.1,4,12,4,0,0,15382,6.6,-3969,-3522,22.1,1538.2
0,8,8,12,0,0,17318,6.6,-266,-1524,17.5,1731.8,8,8,9,1,0,17584,6.8,266,1524,21.7,1758.4
1,10,4,11,1,0,18969,7.6,4139,3424,20.5,1896.9,4,10,2,0,0,14830,6.8,-4139,-3424,17.2,1483
1,8,1,14,1,0,17113,7,3278,2617,20.3,1711.3,1,8,0,0,0,13835,6.6,-3278,-2617,19.4,1383.5
0,8,12,11,0,0,17201,7.2,-1817,-354,20.7,1720.1,12,8,13,1,0,19018,7.4,1817,354,20.1,1901.8
1,8,5,4,0,0,16749,6.8,1152,400,21.7,1674.9,5,8,7,1,0,15597,6.6,-1152,-400,18.5,1559.7
1,4,2,4,0,0,16523,7.2,2592,1348,22.2,1652.3,2,4,2,1,0,13931,6.6,-2592,-1348,20.2,1393.1
0,11,2,9,0,0,18285,7.2,4581,3919,22.1,1828.5,2,11,1,0,0,13704,6.6,-4581,-3919,17.5,1370.4
1,10,9,7,1,0,17346,7,149,1781,21.4,1734.6,9,10,10,0,0,17197,6.8,-149,-1781,20.5,1719.7
0,7,3,11,0,0,17443,7.4,2786,881,23.8,1744.3,3,7,2,0,0,14657,6.8,-2786,-881,21.2,1465.7
1,7,4,12,0,0,16526,6.6,562,249,21.1,1652.6,4,7,9,1,0,15964,6.8,-562,-249,23.3,1596.4
1,7,8,8,0,0,17363,6.8,903,1019,18.8,1736.3,8,7,7,1,0,16460,6.4,-903,-1019,20.5,1646
1,10,4,9,1,0,18779,7.2,3679,2110,25.2,1877.9,4,10,3,0,0,15100,6.6,-3679,-2110,20.3,1510
0,13,6,14,0,0,20317,7,3899,2300,19.9,2031.7,6,13,9,1,0,16418,6.4,-3899,-2300,19.7,1641.8
1,2,1,2,1,0,15649,7,1281,1111,26.9,1564.9,1,2,0,0,0,14368,7,-1281,-1111,22.5,1436.8
0,5,5,6,0,0,16256,7.2,329,-994,21.7,1625.6,5,5,5,0,0,15927,7.2,-329,994,22.4,1592.7
1,5,6,7,0,0,16688,7,1008,-248,24.7,1668.8,6,5,5,1,0,15680,7.4,-1008,248,19.9,1568
0,10,4,8,1,0,17724,7.4,3192,3351,21,1772.4,4,10,2,0,0,14532,6.6,-3192,-3351,20.5,1453.2
0,3,6,2,1,0,15320,6.8,-4348,-4019,17.6,1532,6,3,15,1,0,19668,7.6,4348,4019,20.8,1966.8
1,6,7,8,1,0,15900,6.8,-689,-1431,20.3,1590,7,6,8,0,0,16589,7.2,689,1431,21.8,1658.9
1,12,4,6,1,0,18377,6.8,2963,141,19.3,1837.7,4,12,1,0,0,15414,7,-2963,-141,22.1,1541.4
0,4,6,5,1,0,15785,6.8,-522,-1014,21,1578.5,6,4,4,0,0,16307,7,522,1014,22.1,1630.7
0,10,7,13,0,0,17625,7.4,514,2073,20.5,1762.5,7,10,10,0,0,17111,6.6,-514,-2073,22.3,1711.1
0,6,6,15,0,0,19931,7,4375,3249,21.3,1993.1,6,6,6,0,0,15556,6.2,-4375,-3249,16.9,1555.6
0,14,4,15,1,0,19331,7,4289,3990,21.3,1933.1,4,14,7,0,0,15042,6.4,-4289,-3990,17.1,1504.2
1,6,9,4,1,0,17048,7.2,-32,848,20.1,1704.8,9,6,9,0,0,17080,7,32,-848,19.7,1708
0,9,10,10,0,0,17910,6.8,88,-589,20.7,1791,10,9,11,1,0,17822,6.8,-88,589,19.7,1782.2
1,7,1,4,1,0,16614,7,3295,3468,22.1,1661.4,1,7,0,0,0,13319,6.4,-3295,-3468,20.5,1331.9
0,5,5,6,0,0,15943,6.6,-467,-1361,22.9,1594.3,5,5,5,0,0,16410,7,467,1361,23.5,1641
1,4,7,1,0,0,14924,6.8,-2611,-1375,20.7,1492.4,7,4,5,1,0,17535,7,2611,1375,21.8,1753.5
1,5,8,3,1,0,15069,6.6,-1974,-589,19.8,1506.9,8,5,12,0,0,17043,6.8,1974,589,21.6,1704.3
1,8,7,13,0,0,16366,6.8,-963,-457,19.6,1636.6,7,8,8,0,0,17329,7,963,457,22,1732.9
0,2,12,2,0,0,14158,6.6,-5740,-3709,19.4,1415.8,12,2,8,2,0,19898,7.4,5740,3709,24,1989.8
0,2,4,1,0,0,14291,7,-2609,-1786,20.7,1429.1,4,2,3,1,0,16900,7.6,2609,1786,25.9,1690
0,5,6,7,0,0,15078,6.6,-1018,-828,20.2,1507.8,6,5,6,1,0,16096,6.8,1018,828,22.2,1609.6
1,9,4,13,0,0,17234,6.6,2477,1105,19.5,1723.4,4,9,3,0,0,14757,6.6,-2477,-1105,19.4,1475.7
1,9,5,8,1,0,17826,7.2,3074,1273,22,1782.6,5,9,2,0,0,14752,6.4,-3074,-1273,20.5,1475.2
0,10,11,9,1,0,18445,7,552,-193,19.9,1844.5,11,10,10,0,0,17893,7,-552,193,20.7,1789.3
0,6,6,7,1,0,15814,6.8,-1530,-922,20.5,1581.4,6,6,6,1,0,17344,7,1530,922,25.2,1734.4
0,8,13,4,0,0,16735,7,-2187,-2383,20.2,1673.5,13,8,15,1,0,18922,7.2,2187,2383,20.8,1892.2
0,8,13,8,0,0,15818,6.4,-4100,-3722,17.2,1581.8,13,8,11,0,0,19918,7.4,4100,3722,22,1991.8
0,6,5,6,0,0,16999,7.2,389,-279,23.2,1699.9,5,6,6,2,0,16610,7.2,-389,279,21.6,1661
0,5,10,5,0,0,15867,6.8,-1806,-1253,22.7,1586.7,10,5,9,0,0,17673,7.2,1806,1253,20,1767.3
1,11,10,11,0,0,18042,6.6,704,-422,22.1,1804.2,10,11,10,0,0,17338,7,-704,422,19.8,1733.8
1,8,4,9,2,0,18293,7.4,2406,2284,22.8,1829.3,4,8,7,0,0,15887,6.8,-2406,-2284,22.4,1588.7
1,5,4,6,0,0,15895,7,42,367,23.9,1589.5,4,5,7,1,0,15853,6.8,-42,-367,25.8,1585.3
0,1,4,1,0,0,14305,6.8,-2889,-2106,25.1,1430.5,4,1,5,1,0,17194,7.2,2889,2106,21.8,1719.4
1,8,2,16,1,0,18186,7.4,3131,2377,23.2,1818.6,2,8,5,0,0,15055,6.6,-3131,-2377,23.1,1505.5
0,6,8,7,0,0,16295,6.8,-1271,-364,22.2,1629.5,8,6,10,1,0,17566,6.8,1271,364,21.9,1756.6
1,6,1,6,1,0,20151,7.4,14,4718,22.6,2015.1,1,6,2,0,0,13368,6.2,-14,-4718,17.7,1336.8
0,3,9,5,0,0,14735,6.4,-2932,-2063,21.9,1473.5,9,3,5,0,0,17667,7.2,2932,2063,22.3,1766.7
0,1,6,1,1,0,12798,7,14,-28,17.9,1279.8,6,1,16,0,0,16378,7.2,-14,28,22.3,1637.8
1,4,6,6,1,0,16452,7,271,22,23.4,1645.2,6,4,1,1,0,16181,7,-271,-22,22.4,1618.1
0,6,7,6,0,0,16120,7,-732,750,21.5,1612,7,6,7,1,0,16852,7,732,-750,20.5,1685.2
1,9,6,9,0,0,18287,7.4,1863,2270,22.6,1828.7,6,9,6,0,0,16424,6.8,-1863,-2270,23.2,1642.4
0,4,7,6,0,0,15902,6.8,-1190,-66,24.1,1590.2,7,4,14,1,0,17092,6.8,1190,66,24.1,1709.2
1,8,5,8,0,0,16982,7.2,-212,1212,21.8,1698.2,5,8,10,2,0,17194,7.2,212,-1212,24.2,1719.4
0,7,7,6,0,0,17064,7,134,-396,23.6,1706.4,7,7,8,1,0,16930,7,-134,396,21,1693
0,5,11,6,0,0,15424,6.6,-3692,-3112,20.8,1542.4,11,5,16,2,0,19116,7.2,3692,3112,19.5,1911.6
1,9,4,13,0,0,18369,7.2,3269,2404,21,1836.9,4,9,1,1,0,15100,6.8,-3269,-2404,21.3,1510
1,7,6,7,0,0,17568,6.8,1308,544,23.6,1756.8,6,7,6,0,0,16260,7,-1308,-544,20.7,1626
1,9,10,7,0,0,18090,6.8,1106,470,22.9,1809,10,9,12,1,0,16984,7,-1106,-470,20.4,1698.4
0,4,5,7,1,0,15786,6.8,-92,-1170,20.7,1578.6,5,4,3,0,0,15878,7.4,92,1170,21.5,1587.8
0,4,3,6,0,0,16596,7,539,818,25.2,1659.6,3,4,2,1,0,16057,6.6,-539,-818,23.6,1605.7
0,8,12,5,1,0,16093,7,-3195,-953,21.8,1609.3,12,8,13,0,0,19288,6.8,3195,953,21.3,1928.8
1,7,4,8,2,0,18858,7.2,4338,4607,23.7,1885.8,4,7,11,0,0,14520,6.2,-4338,-4607,16.6,1452
0,5,7,9,1,0,15288,6.6,-861,131,20.6,1528.8,7,5,13,0,0,16149,6.6,861,-131,20,1614.9
1,7,5,7,1,0,16346,6.8,-90,102,22.7,1634.6,5,7,5,0,0,16436,7,90,-102,23.4,1643.6
0,1,11,0,0,0,13447,6.4,-5698,-3675,20.1,1344.7,11,1,12,2,0,19145,7.2,5698,3675,24,1914.5
0,8,8,8,1,0,16453,6.8,-569,-213,20.6,1645.3,8,8,10,1,0,17022,7,569,213,19.9,1702.2
1,12,6,16,0,0,18669,7.2,1788,761,21.3,1866.9,6,12,7,1,0,16881,7,-1788,-761,20.8,1688.1
1,5,5,8,0,0,16192,6.8,1056,-182,20.9,1619.2,5,5,4,1,0,15136,7,-1056,182,18.5,1513.6
0,2,7,1,1,0,13701,6.6,-4095,-3017,18.3,1370.1,7,2,6,0,0,17796,7.2,4095,3017,25.5,1779.6
0,6,5,7,0,0,16762,7,482,166,24.2,1676.2,5,6,8,0,0,16280,6.8,-482,-166,23.1,1628
0,8,8,5,0,0,16795,6.8,-507,-790,23.5,1679.5,8,8,9,1,0,17302,7.2,507,790,20.3,1730.2
0,4,12,1,0,0,14464,6.2,-4820,-2651,16.4,1446.4,12,4,9,0,0,19284,7,4820,2651,20.6,1928.4
0,5,10,5,0,0,16925,6.6,-962,107,23.3,1692.5,10,5,16,1,0,17887,7,962,-107,21.3,1788.7
0,3,9,1,0,0,14302,6.6,-3025,-2906,21.1,1430.2,9,3,9,2,0,17327,7.2,3025,2906,21.2,1732.7
0,2,8,2,1,0,14786,6.6,-1340,-529,23.3,1478.6,8,2,6,1,0,16126,6.8,1340,529,20.5,1612.6
0,3,3,2,0,0,15134,7,-168,267,21.4,1513.4,3,3,4,1,0,15302,7,168,-267,21.4,1530.2
1,8,13,8,1,0,18954,6.8,-664,-549,22.8,1895.4,13,8,13,1,0,19618,7,664,549,18.2,1961.8
0,6,12,7,1,0,16043,7,-3089,-2946,22,1604.3,12,6,12,0,0,19132,7.6,3089,2946,23.5,1913.2
1,5,6,4,0,0,15195,7.2,-1573,-1171,19.6,1519.5,6,5,7,1,0,16768,7,1573,1171,20.2,1676.8
1,9,7,10,1,0,17205,7,721,2077,21.8,1720.5,7,9,11,0,0,16484,6.4,-721,-2077,21.2,1648.4
0,5,4,5,0,0,16022,7,511,-678,21.9,1602.2,4,5,9,1,0,15511,7,-511,678,24.2,1551.1
1,6,7,6,0,0,15615,7,-1193,-819,20.1,1561.5,7,6,10,0,0,16808,7,1193,819,22.9,1680.8
0,2,8,3,0,0,14433,6.6,-3215,-1656,20.2,1443.3,8,2,7,1,0,17648,7.2,3215,1656,24.3,1764.8
1,13,3,13,2,0,19807,6.8,5227,2051,22,1980.7,3,13,1,0,0,14580,6.6,-5227,-2051,21,1458
1,4,2,5,1,0,15704,6.8,1012,519,23.6,1570.4,2,4,0,0,0,14692,7,-1012,-519,23.4,1469.2
1,4,4,5,1,0,17073,6.8,2002,388,22.1,1707.3,4,4,7,0,0,15071,6.4,-2002,-388,20.3,1507.1
1,9,3,11,0,0,18584,7,3093,1285,20.3,1858.4,3,9,5,0,0,15491,6.8,-3093,-1285,21.2,1549.1
0,7,11,11,1,0,16187,6.4,-2377,-2355,21.6,1618.7,11,7,14,0,0,18564,7,2377,2355,20.6,1856.4
0,9,10,14,1,0,16749,6.4,-2419,-3313,16.6,1674.9,10,9,13,0,0,19168,7.4,2419,3313,24,1916.8
0,6,6,5,1,0,16490,7,-392,462,21.4,1649,6,6,8,0,0,16882,7.2,392,-462,23.2,1688.2
1,6,4,5,2,0,16697,7.2,852,1553,23.6,1669.7,4,6,7,0,0,15845,7,-852,-1553,21.4,1584.5
1,10,4,10,2,0,17973,7.2,2507,3196,19.6,1797.3,4,10,5,0,0,15466,6.6,-2507,-3196,20.9,1546.6
1,5,2,6,0,0,16029,6.8,1756,1920,23.4,1602.9,2,5,3,0,0,14273,6.2,-1756,-1920,19.9,1427.3
1,4,2,4,2,0,15752,7.2,1064,2471,23.1,1575.2,2,4,4,0,0,14688,6.6,-1064,-2471,23.5,1468.8
1,5,3,3,1,0,15930,7.2,1713,2145,23.4,1593,3,5,3,0,0,14217,6.4,-1713,-2145,18.8,1421.7
0,6,6,10,0,0,15241,6.6,-1137,-1402,19,1524.1,6,6,6,2,0,16378,6.8,1137,1402,22.4,1637.8
1,8,4,7,1,0,17127,6.8,2294,1383,20.1,1712.7,4,8,2,0,0,14833,6.4,-2294,-1383,18.3,1483.3
0,1,7,2,0,0,13519,6.4,-4115,-2985,18.8,1351.9,7,1,9,1,0,17634,7,4115,2985,25.1,1763.4
1,11,6,13,0,0,18748,7,2520,2092,24.3,1874.8,6,11,5,0,0,16228,6.8,-2520,-2092,22.4,1622.8
1,4,7,3,1,0,16055,6.8,93,1195,22.7,1605.5,7,4,9,0,0,15962,6.8,-93,-1195,21.4,1596.2
1,7,5,5,1,0,16496,7,1744,1187,20.2,1649.6,5,7,5,0,0,14752,6.6,-1744,-1187,20.9,1475.2
1,6,9,10,1,0,17217,7,-315,-7,22.2,1721.7,9,6,11,0,0,17532,7,315,7,21.8,1753.2
0,4,5,4,0,0,15482,7.2,-1335,-172,23.7,1548.2,5,4,5,2,0,16817,7.2,1335,172,22.8,1681.7
0,3,3,1,0,0,14486,7,-648,728,20,1448.6,3,3,3,1,0,15134,7,648,-728,20.8,1513.4
0,6,12,4,0,0,15809,6.8,-3854,-1813,19.8,1580.9,12,6,15,0,0,19663,7.2,3854,1813,23.8,1966.3
1,11,8,8,1,0,19556,7,2585,1759,22.9,1955.6,8,11,9,0,0,16971,6.6,-2585,-1759,16.9,1697.1
1,9,4,11,1,0,17003,6.8,2247,1668,18.8,1700.3,4,9,3,0,0,14756,6.4,-2247,-1668,18.9,1475.6
0,5,10,2,0,0,16451,7,-977,143,22,1645.1,10,5,8,0,0,17428,6.8,977,-143,18.9,1742.8
1,6,3,5,0,0,17837,7.2,2970,2037,23.8,1783.7,3,6,4,0,0,14867,7,-2970,-2037,21.7,1486.7
1,11,6,14,1,0,18056,6.8,250,287,19.5,1805.6,6,11,7,1,0,17806,7,-250,-287,21,1780.6
0,8,8,2,0,0,16249,6.8,-1276,-648,18.9,1624.9,8,8,11,0,0,17525,7,1276,648,19.3,1752.5
1,7,7,9,0,0,16946,6.8,1482,1055,21.2,1694.6,7,7,7,1,0,15464,7,-1482,-1055,16.1,1546.4
0,4,2,5,0,0,15707,6.8,428,687,24.3,1570.7,2,4,4,1,0,15279,6.8,-428,-687,24.7,1527.9
0,7,6,7,0,0,16443,7,-1706,-1027,19.3,1644.3,6,7,6,0,0,18149,7.2,1706,1027,24.7,1814.9
1,8,5,10,2,0,17823,7.4,1014,950,21.5,1782.3,5,8,5,0,0,16809,7,-1014,-950,21.9,1680.9
1,2,6,2,0,0,16241,7.2,250,942,23.6,1624.1,6,2,8,1,0,15991,6.8,-250,-942,19.6,1599.1
1,7,8,6,1,0,16464,6.6,166,395,20.9,1646.4,8,7,12,1,0,16298,6.6,-166,-395,16.7,1629.8
0,6,8,7,0,0,16924,6.8,-465,-436,23.3,1692.4,8,6,10,0,0,17389,7.2,465,436,21.4,1738.9
1,10,8,10,1,0,17251,6.8,-733,-541,21.7,1725.1,8,10,13,0,0,17984,6.8,733,541,23.4,1798.4
0,6,8,8,0,0,16917,7.2,-1013,-36,21.2,1691.7,8,6,6,1,0,17930,7,1013,36,26,1793
1,7,7,6,2,0,19453,7,3773,1957,23.9,1945.3,7,7,6,0,0,15680,6.6,-3773,-1957,17,1568
0,5,4,4,0,0,16891,7.4,1060,1554,20.7,1689.1,4,5,4,1,0,15831,6.8,-1060,-1554,21.1,1583.1
1,7,4,4,1,0,17107,7.2,2169,2453,21.8,1710.7,4,7,4,0,0,14938,6.6,-2169,-2453,21.2,1493.8
1,4,2,3,1,0,15444,7,1019,708,23.6,1544.4,2,4,0,0,0,14425,6.6,-1019,-708,22.9,1442.5
1,9,5,10,2,0,18283,7.2,2684,1191,22.6,1828.3,5,9,4,0,0,15599,7,-2684,-1191,21.1,1559.9
1,4,2,3,0,0,16267,6.8,1362,699,24.6,1626.7,2,4,4,2,0,14905,7,-1362,-699,22.8,1490.5
1,6,7,7,1,0,17247,7,915,1710,23.3,1724.7,7,6,9,0,0,16332,7,-915,-1710,21.4,1633.2
0,11,6,6,1,0,18640,7,1931,1200,22.6,1864,6,11,10,1,0,16709,6.6,-1931,-1200,23.2,1670.9
1,9,0,8,0,0,17086,7.2,3655,2743,22.1,1708.6,0,9,0,1,0,13431,6.4,-3655,-2743,19.8,1343.1
0,6,4,8,0,0,16505,6.8,805,149,20.5,1650.5,4,6,4,1,0,15700,7,-805,-149,25.6,1570
1,12,10,6,0,0,17961,6.8,478,-124,17.2,1796.1,10,12,6,1,0,17483,6.8,-478,124,15.9,1748.3
1,14,12,14,1,0,19418,6.8,1698,2237,20.4,1941.8,12,14,11,1,0,17720,6.6,-1698,-2237,16.7,1772
1,4,5,3,0,0,15846,7,-330,-466,21.4,1584.6,5,4,5,1,0,16176,7.2,330,466,23.6,1617.6
1,6,5,7,1,0,16937,7,592,242,22.1,1693.7,5,6,4,1,0,16345,7.2,-592,-242,21.5,1634.5
0,1,4,1,0,0,14064,6.6,-1765,-2344,22,1406.4,4,1,2,1,0,15829,6.8,1765,2344,24.4,1582.9
0,1,2,1,0,0,15094,6.8,-92,-244,24.6,1509.4,2,1,3,1,0,15186,6.8,92,244,22.6,1518.6
0,5,11,5,1,0,15633,6.8,-2947,-2189,19.3,1563.3,11,5,13,0,0,18580,7.2,2947,2189,22.4,1858
1,6,2,6,1,0,16868,6.8,1982,990,24.5,1686.8,2,6,6,0,0,14886,6.8,-1982,-990,22.7,1488.6
1,10,7,8,1,0,19289,7.6,2330,2319,24,1928.9,7,10,9,0,0,16959,7,-2330,-2319,20,1695.9
1,3,3,4,1,0,15138,7,-105,1086,19.4,1513.8,3,3,3,0,0,15243,7,105,-1086,23.5,1524.3
1,1,5,1,2,0,14942,7,-1215,-756,21,1494.2,5,1,7,0,0,16157,7,1215,756,23.3,1615.7
0,6,6,7,1,0,15703,6.8,-951,-1116,19.1,1570.3,6,6,8,0,0,16654,7.2,951,1116,22.1,1665.4
1,5,3,7,2,0,15427,6.8,134,-144,21.7,1542.7,3,5,2,0,0,15293,7,-134,144,23.5,1529.3
1,6,5,8,0,0,16620,7,361,-672,23.8,1662,5,6,5,0,0,16259,7,-361,672,22.3,1625.9
1,6,5,5,1,0,15926,6.8,905,1369,20.9,1592.6,5,6,10,0,0,15021,6.4,-905,-1369,18,1502.1
0,9,6,5,0,0,16852,6.6,348,-1004,21,1685.2,6,9,6,1,0,16504,7,-348,1004,21.6,1650.4
0,6,8,6,0,0,16936,7.2,-424,-630,21.9,1693.6,8,6,10,2,0,17360,7,424,630,23,1736
1,10,4,13,1,0,17917,7.2,3058,1325,21.2,1791.7,4,10,2,1,0,14859,6.8,-3058,-1325,22.2,1485.9
0,7,8,11,1,0,17558,6.8,-105,-1401,24.1,1755.8,8,7,9,1,0,17663,6.8,105,1401,23.2,1766.3
0,3,8,3,0,0,15149,6.8,-1876,-2659,20.5,1514.9,8,3,4,1,0,17025,7.4,1876,2659,21.1,1702.5
0,5,7,8,1,0,16112,6.4,-1031,-760,21.5,1611.2,7,5,10,0,0,17143,6.8,1031,760,21.1,1714.3
0,7,4,6,0,0,15885,7.2,125,2058,20.7,1588.5,4,7,4,0,0,15760,6.8,-125,-2058,22.4,1576
1,4,7,4,1,0,17104,6.6,-669,-502,22.4,1710.4,7,4,8,1,0,17773,6.8,669,502,20.9,1777.3
1,10,5,16,1,0,17535,6.4,1436,-1544,17.3,1753.5,5,10,4,0,0,16099,6.8,-1436,1544,20.7,1609.9
0,8,10,8,1,0,17321,7,-78,-155,20.5,1732.1,10,8,7,1,0,17399,7.4,78,155,20.7,1739.9
1,6,7,6,1,0,16317,7,-713,103,20.4,1631.7,7,6,5,1,0,17030,6.8,713,-103,21.2,1703
0,4,7,2,0,0,15649,7.2,-1975,-1115,23.4,1564.9,7,4,7,1,0,17624,7.2,1975,1115,24.3,1762.4
1,9,3,11,0,0,17592,7,1411,766,22,1759.2,3,9,4,1,0,16181,7,-1411,-766,21.5,1618.1
1,2,1,3,1,0,15420,7,661,139,23,1542,1,2,2,0,0,14759,6.6,-661,-139,24.5,1475.9
0,3,4,6,0,0,15929,6.8,-394,-1635,22.6,1592.9,4,3,4,1,0,16323,7,394,1635,23.7,1632.3
0,4,4,4,0,0,15046,6.6,-557,-832,17.8,1504.6,4,4,6,0,0,15603,6.6,557,832,21.7,1560.3
1,6,3,5,0,0,16737,7.4,1204,2004,24.3,1673.7,3,6,2,1,0,15533,6.8,-1204,-2004,25,1553.3
0,6,7,8,0,0,15756,6.6,-1966,-3189,20.4,1575.6,7,6,6,0,0,17722,7.4,1966,3189,24.2,1772.2
1,3,6,6,1,0,15442,6.8,-1090,-1499,23.8,1544.2,6,3,6,0,0,16532,6.8,1090,1499,23.3,1653.2
0,9,8,12,1,0,16649,6.2,-1152,-2193,16.6,1664.9,8,9,8,1,0,17801,6.8,1152,2193,20.8,1780.1
0,6,10,4,1,0,16171,7,-1682,-71,20.2,1617.1,10,6,8,1,0,17853,7,1682,71,22.6,1785.3
1,9,4,12,1,0,17190,6.6,1847,1084,21,1719,4,9,5,1,0,15343,6.8,-1847,-1084,20,1534.3
0,7,6,12,0,0,17222,7,808,-236,22.7,1722.2,6,7,3,1,0,16414,7,-808,236,25,1641.4
1,6,9,3,1,0,15704,6.6,-1332,-2004,19.9,1570.4,9,6,10,0,0,17036,7.2,1332,2004,21.7,1703.6
0,9,6,9,0,0,16331,6.4,-3966,-2999,16.2,1633.1,6,9,16,1,0,20297,6.8,3966,2999,16.9,2029.7
0,10,7,11,1,0,19186,7.2,1377,795,18.3,1918.6,7,10,8,1,0,17809,7,-1377,-795,20.1,1780.9
1,7,3,10,1,0,17546,6.8,1493,1167,22.8,1754.6,3,7,4,1,0,16053,6.4,-1493,-1167,19.3,1605.3
0,4,7,5,0,0,15198,6.8,-2876,-2715,21.9,1519.8,7,4,9,1,0,18074,7.2,2876,2715,22.2,1807.4
0,8,7,13,1,0,17909,6.4,1340,-207,16.5,1790.9,7,8,10,0,0,16569,6.6,-1340,207,20.1,1656.9
0,4,7,2,0,0,15046,6.6,-1208,-614,20.8,1504.6,7,4,5,1,0,16254,7,1208,614,22.7,1625.4
1,6,6,9,0,0,16740,7,218,1085,23.8,1674,6,6,8,1,0,16522,7,-218,-1085,22.9,1652.2
1,13,1,10,1,0,20295,7.2,14,4512,25.8,2029.5,1,13,1,0,0,13388,6.2,-14,-4512,17.8,1338.8
1,4,5,7,0,0,15921,7,-594,-353,21.7,1592.1,5,4,7,2,0,16515,7.2,594,353,23.5,1651.5
0,10,9,13,2,0,17145,7,-1464,-454,19.2,1714.5,9,10,5,0,0,18609,7.2,1464,454,22.6,1860.9
1,5,4,7,0,0,15936,7,554,-702,20.5,1593.6,4,5,4,0,0,15382,7,-554,702,17.9,1538.2
1,7,2,5,1,0,16649,7.4,1256,-295,22.6,1664.9,2,7,1,1,0,15393,7.4,-1256,295,26.8,1539.3
1,10,2,14,1,0,17618,7,4373,4286,20.3,1761.8,2,10,3,0,0,13245,7,-4373,-4286,18.4,1324.5
1,6,5,6,0,0,15871,6.6,-245,-278,19.5,1587.1,5,6,6,1,0,16116,7,245,278,22.1,1611.6
0,8,8,7,1,0,17676,7,393,-215,20.6,1767.6,8,8,9,1,0,17283,7,-393,215,22.3,1728.3
1,7,2,6,0,0,17423,7.4,2822,2207,24.8,1742.3,2,7,2,1,0,14601,7,-2822,-2207,21.9,1460.1
0,1,10,0,0,0,13410,6.4,-5025,-2610,21,1341,10,1,16,1,0,18435,7.2,5025,2610,22.8,1843.5
1,7,8,8,0,0,16992,7,-371,-172,21.9,1699.2,8,7,7,1,0,17363,7.2,371,172,22.5,1736.3
1,8,4,10,2,0,18678,7,3999,2223,23.1,1867.8,4,8,5,0,0,14679,6.6,-3999,-2223,19.3,1467.9
0,5,12,12,0,0,16220,7,-4157,-1724,22.2,1622,12,5,6,1,0,20377,7.4,4157,1724,25.7,2037.7
0,5,12,2,0,0,14930,7,-5298,-4670,16.9,1493,12,5,14,1,0,20228,7.4,5298,4670,24.2,2022.8
0,7,8,7,0,0,16304,6.8,-28,-63,20.1,1630.4,8,7,4,0,0,16332,6.8,28,63,20.9,1633.2
1,7,5,14,1,0,17075,7,462,579,23,1707.5,5,7,6,0,0,16613,6.6,-462,-579,22.4,1661.3
0,5,3,5,0,0,15499,7,-81,-1,22.5,1549.9,3,5,3,1,0,15580,6.8,81,1,21.4,1558
1,6,4,9,2,0,16972,7.4,752,344,21.8,1697.2,4,6,3,0,0,16220,7.2,-752,-344,24.7,1622
0,6,10,5,0,0,15256,6.6,-1555,-357,18.9,1525.6,10,6,12,1,0,16811,6.8,1555,357,18.2,1681.1
1,6,3,9,0,0,16568,7.2,1188,2039,19.7,1656.8,3,6,4,2,0,15380,6.8,-1188,-2039,20.7,1538
1,7,3,10,1,0,17326,7.2,1639,-213,22.4,1732.6,3,7,3,1,0,15687,7,-1639,213,24.8,1568.7
1,6,4,7,0,0,16619,7.2,1552,1488,22.6,1661.9,4,6,5,0,0,15067,6.8,-1552,-1488,21.3,1506.7
0,4,5,4,0,0,16295,7.2,41,-936,26.1,1629.5,5,4,5,1,0,16254,7.2,-41,936,23.4,1625.4
1,7,4,7,1,0,15680,6.6,-259,-1115,18.6,1568,4,7,4,0,0,15939,7,259,1115,22.7,1593.9
0,7,7,8,0,0,16432,6.8,367,-1025,19.1,1643.2,7,7,7,1,0,16065,7,-367,1025,21.2,1606.5
1,10,6,9,2,0,19197,7.2,2941,1850,21.9,1919.7,6,10,6,0,0,16256,6.6,-2941,-1850,19.2,1625.6
1,10,7,8,1,0,18468,7.2,1142,283,22.1,1846.8,7,10,6,0,0,17326,7.2,-1142,-283,25.2,1732.6
1,9,5,10,0,0,18280,7,4051,1394,22.9,1828,5,9,3,1,0,14229,6.6,-4051,-1394,21.1,1422.9
1,5,9,7,0,0,16103,6.6,-2419,-1437,19.3,1610.3,9,5,14,1,0,18522,7,2419,1437,24.6,1852.2
1,6,4,8,2,0,16832,7.2,1624,1008,22.1,1683.2,4,6,5,0,0,15208,7,-1624,-1008,23.8,1520.8
0,3,8,5,1,0,15028,6.8,-2254,-379,23.2,1502.8,8,3,8,0,0,17282,7,2254,379,23.2,1728.2
1,9,5,6,1,0,17076,7.2,834,1853,19.4,1707.6,5,9,2,0,0,16242,6.6,-834,-1853,23.8,1624.2
1,7,4,6,0,0,16745,6.8,2150,1104,21,1674.5,4,7,3,0,0,14595,6.6,-2150,-1104,18.7,1459.5
1,4,8,4,1,0,15658,6.6,-1624,-2019,22.2,1565.8,8,4,8,1,0,17282,7.4,1624,2019,20.7,1728.2
1,6,5,6,1,0,15760,7.2,-2072,412,16.7,1576,5,6,2,1,0,17832,7,2072,-412,26.8,1783.2
0,2,7,3,1,0,14624,6.8,-2089,537,21,1462.4,7,2,10,0,0,16713,6.6,2089,-537,21.5,1671.3
1,2,3,1,0,0,15568,7,542,1212,24.5,1556.8,3,2,4,1,0,15026,6.6,-542,-1212,20.9,1502.6
0,6,7,4,1,0,16331,7.2,-226,-221,23.1,1633.1,7,6,7,0,0,16557,7,226,221,22.6,1655.7
1,7,5,7,2,0,17204,7.4,316,10,24,1720.4,5,7,4,0,0,16888,7,-316,-10,23.6,1688.8
0,3,6,3,0,0,14910,6.6,-821,-2540,19.5,1491,6,3,4,1,0,15731,6.8,821,2540,20.6,1573.1
1,12,5,15,1,0,19141,7.6,4294,4438,19.2,1914.1,5,12,3,0,0,14847,6.4,-4294,-4438,21,1484.7
0,2,8,1,0,0,14208,7,-4891,-2335,19.4,1420.8,8,2,8,1,0,19099,7.2,4891,2335,26.6,1909.9
1,9,4,7,1,0,17951,6.8,3432,2317,23.4,1795.1,4,9,9,0,0,14519,6.4,-3432,-2317,18.3,1451.9
1,7,8,8,1,0,16142,6.8,-563,-812,19.7,1614.2,8,7,12,0,0,16705,7,563,812,20.7,1670.5
1,4,4,5,0,0,16333,7.2,60,-341,23.7,1633.3,4,4,3,1,0,16273,7.6,-60,341,25.2,1627.3
0,8,2,11,0,0,17526,6.8,2761,680,22.2,1752.6,2,8,2,1,0,14765,6.8,-2761,-680,21.6,1476.5
1,7,7,7,2,0,17381,7.2,1542,2179,22.1,1738.1,7,7,4,0,0,15839,7,-1542,-2179,20.4,1583.9
0,5,3,5,1,0,17854,7.4,2323,2120,23,1785.4,3,5,2,0,0,15531,7,-2323,-2120,21.9,1553.1
0,6,5,4,1,0,15698,7,-1143,-859,20.6,1569.8,5,6,3,1,0,16841,7,1143,859,25.9,1684.1
1,6,7,4,0,0,16039,7,-665,-571,19.5,1603.9,7,6,5,1,0,16704,7,665,571,23.1,1670.4
0,3,8,4,1,0,14506,6.8,-2520,-1932,20.6,1450.6,8,3,7,1,0,17026,7.2,2520,1932,22.1,1702.6
1,6,6,6,0,0,16830,7,708,1208,22.6,1683,6,6,4,2,0,16122,6.8,-708,-1208,20.4,1612.2
1,2,1,3,1,0,14909,7,410,720,24.5,1490.9,1,2,1,0,0,14499,6.8,-410,-720,23.7,1449.9
1,0,5,0,0,0,12939,6.4,-4578,-3673,20.1,1293.9,5,0,5,1,0,17517,7.4,4578,3673,25.9,1751.7
0,8,6,3,0,0,16678,7,1079,1586,21.6,1667.8,6,8,3,1,0,15599,6.8,-1079,-1586,22,1559.9
0,5,14,3,0,0,15322,6.4,-4024,-2373,21,1532.2,14,5,6,1,0,19346,6.8,4024,2373,20.3,1934.6
0,5,7,4,0,0,16562,7.2,44,170,21,1656.2,7,5,8,1,0,16518,7,-44,-170,24.5,1651.8
1,6,8,5,1,0,16353,7,-560,-46,21.4,1635.3,8,6,10,1,0,16913,7.4,560,46,22.1,1691.3
0,7,11,6,1,0,16998,6.6,-1343,-591,20.7,1699.8,11,7,15,1,0,18341,6.8,1343,591,19.1,1834.1
0,5,5,7,1,0,15051,6.6,60,323,18.8,1505.1,5,5,4,0,0,14991,6.8,-60,-323,20.6,1499.1
0,3,6,6,0,0,14986,6.8,-1501,-1478,20.8,1498.6,6,3,4,0,0,16487,7.2,1501,1478,22,1648.7
0,7,5,9,0,0,17003,6.6,1331,1287,21.4,1700.3,5,7,8,0,0,15672,6.8,-1331,-1287,19,1567.2
0,4,12,5,1,0,15380,6.6,-4864,-2818,22.6,1538,12,4,6,1,0,20244,7.2,4864,2818,23.1,2024.4
1,9,3,8,2,0,18599,7.2,3821,4288,21.6,1859.9,3,9,5,0,0,14778,6.8,-3821,-4288,18.7,1477.8
1,6,7,6,0,0,15936,6.8,-1477,-1018,19.2,1593.6,7,6,10,1,0,17413,7,1477,1018,24.5,1741.3
1,3,2,2,0,0,15265,6.8,446,263,22.4,1526.5,2,3,1,0,0,14819,6.6,-446,-263,23.7,1481.9
1,10,3,12,1,0,18177,7,3504,995,21.9,1817.7,3,10,4,0,0,14673,6.8,-3504,-995,21.4,1467.3
0,7,5,12,1,0,16605,6.6,2046,584,22,1660.5,5,7,9,1,0,14559,6.6,-2046,-584,17.5,1455.9
0,4,3,3,0,0,14742,6.8,-541,-1094,20.3,1474.2,3,4,5,2,0,15283,7.2,541,1094,23,1528.3
0,3,8,1,0,0,14440,7,-3132,-1630,19.4,1444,8,3,6,1,0,17572,7,3132,1630,22,1757.2
0,2,13,3,0,0,12798,7,14,-28,18.7,1279.8,13,2,16,1,0,16378,7.6,-14,28,22.4,1637.8
0,5,6,6,0,0,15698,6.6,-687,-372,20.1,1569.8,6,5,8,1,0,16385,7,687,372,23,1638.5
1,7,2,7,1,0,17324,7.2,3129,2922,21.6,1732.4,2,7,3,0,0,14195,6.8,-3129,-2922,20.8,1419.5
0,2,4,5,1,0,14613,6.8,-2539,-943,23.3,1461.3,4,2,7,1,0,17152,7,2539,943,23.4,1715.2
0,4,5,4,0,0,14705,6.6,-2167,-2507,19.6,1470.5,5,4,6,1,0,16872,7.2,2167,2507,24,1687.2
1,8,5,10,0,0,17536,7.2,910,1269,24.7,1753.6,5,8,6,1,0,16626,7,-910,-1269,22.6,1662.6
0,5,5,3,1,0,15226,6.6,-521,-1275,21.3,1522.6,5,5,3,1,0,15747,7.2,521,1275,23.6,1574.7
0,6,5,5,0,0,16051,7,523,-1060,19.7,1605.1,5,6,4,1,0,15528,7.2,-523,1060,22.6,1552.8
1,3,4,4,0,0,15158,6.8,-341,-1982,23.6,1515.8,4,3,5,2,0,15499,7,341,1982,21.9,1549.9
0,8,8,13,0,0,16934,6.4,247,-775,19.3,1693.4,8,8,6,1,0,16687,6.6,-247,775,19.1,1668.7
0,4,8,7,1,0,15228,6.8,-2236,-2070,19.8,1522.8,8,4,8,1,0,17464,7.2,2236,2070,22.7,1746.4
1,10,4,7,0,0,17710,7,3297,2983,20.5,1771,4,10,3,1,0,14413,6.4,-3297,-2983,18.3,1441.3
0,2,3,2,0,0,14971,7,-682,-89,22.8,1497.1,3,2,5,1,0,15653,7.2,682,89,25.2,1565.3
0,10,5,10,1,0,17835,7.2,1923,437,20.5,1783.5,5,10,5,0,0,15912,6.8,-1923,-437,21.6,1591.2
1,7,3,4,2,0,17071,7.2,1738,2447,23.4,1707.1,3,7,2,0,0,15333,6.8,-1738,-2447,22.6,1533.3
0,6,11,10,1,0,16245,7,-3451,-2220,20.8,1624.5,11,6,10,1,0,19696,7.6,3451,2220,23.5,1969.6
0,6,2,6,0,0,16835,7,2251,-284,23.5,1683.5,2,6,2,2,0,14584,7,-2251,284,24.8,1458.4
0,6,9,8,0,0,17088,7.2,-884,963,22.6,1708.8,9,6,15,2,0,17972,6.8,884,-963,21.8,1797.2
0,5,4,7,1,0,16383,7.2,864,898,22.3,1638.3,4,5,2,0,0,15519,7,-864,-898,24.6,1551.9
1,4,2,2,1,0,16577,6.8,1830,-1232,22,1657.7,2,4,1,1,0,14747,7,-1830,1232,21.9,1474.7
1,12,5,6,1,0,19607,7.6,3913,2948,22.1,1960.7,5,12,7,0,0,15694,6.6,-3913,-2948,22,1569.4
1,8,9,7,2,0,15775,6.6,-2675,-1325,21.8,1577.5,9,8,11,0,0,18450,7,2675,1325,23.1,1845
0,4,8,4,2,0,14998,6.6,-1430,147,18.5,1499.8,8,4,7,0,0,16428,6.6,1430,-147,19.6,1642.8
0,8,8,10,2,0,16906,6.8,226,221,20.7,1690.6,8,8,4,0,0,16680,6.8,-226,-221,17.6,1668
1,9,3,8,2,0,18743,7,4324,1705,20.9,1874.3,3,9,1,0,0,14419,6.6,-4324,-1705,19.1,1441.9
0,8,8,11,0,0,16634,7,-355,279,19.8,1663.4,8,8,7,0,0,16989,6.8,355,-279,19.5,1698.9
0,3,8,4,0,0,13636,6.2,-4529,-4665,17.7,1363.6,8,3,7,2,0,18165,7.4,4529,4665,24.9,1816.5
0,3,10,1,1,0,13744,6.4,-4663,-3624,16.7,1374.4,10,3,11,0,0,18407,7.2,4663,3624,21.9,1840.7
0,4,4,9,1,0,15823,6.8,-211,-1817,23,1582.3,4,4,4,0,0,16034,7.2,211,1817,23.3,1603.4
1,7,6,6,1,0,16356,7.2,38,1241,21.9,1635.6,6,7,5,1,0,16318,7,-38,-1241,22.6,1631.8
0,11,9,14,1,0,19801,6.6,3315,904,19.5,1980.1,9,11,12,1,0,16486,6.4,-3315,-904,21.8,1648.6
0,11,9,12,0,0,18200,7,1211,-757,20.2,1820,9,11,10,1,0,16989,7.2,-1211,757,21.1,1698.9
0,4,3,2,0,0,15335,6.8,-188,270,23,1533.5,3,4,2,1,0,15523,7,188,-270,24.8,1552.3
1,6,4,4,0,0,16792,7.2,1852,2113,23.8,1679.2,4,6,5,0,0,14940,6.6,-1852,-2113,21.8,1494
0,12,8,13,1,0,20086,7,3059,1408,23.2,2008.6,8,12,8,1,0,17027,6.4,-3059,-1408,20.7,1702.7
0,1,4,1,0,0,13858,6.4,-2552,-2268,23.2,1385.8,4,1,6,2,0,16410,7,2552,2268,23.9,1641
0,5,7,9,0,0,16190,7,-1566,-1852,22.2,1619,7,5,6,1,0,17756,7.2,1566,1852,25.8,1775.6
0,7,10,5,0,0,16112,7,-2967,-758,20.2,1611.2,10,7,10,0,0,19079,7.2,2967,758,23.8,1907.9
1,9,11,10,1,0,17298,6.8,-98,-169,19.8,1729.8,11,9,13,1,0,17396,7,98,169,18.2,1739.6
0,2,4,3,0,0,14593,6.6,-1972,-1177,24,1459.3,4,2,5,0,0,16565,7.2,1972,1177,25.3,1656.5
1,10,8,6,1,0,17723,6.8,557,-1383,20.1,1772.3,8,10,9,0,0,17166,7.4,-557,1383,20.4,1716.6
0,8,3,11,1,0,16565,6.8,1217,309,20.4,1656.5,3,8,2,0,0,15348,6.6,-1217,-309,21.4,1534.8
1,4,5,7,0,0,16301,7.2,-27,394,25.4,1630.1,5,4,6,1,0,16328,7.2,27,-394,23.4,1632.8
1,6,5,5,1,0,16698,7.2,865,2685,23.8,1669.8,5,6,8,1,0,15833,6.8,-865,-2685,21.3,1583.3
0,1,4,1,0,0,14878,7,-1653,-1289,23.5,1487.8,4,1,4,1,0,16531,7.2,1653,1289,25.8,1653.1
0,5,3,3,1,0,16494,7,1932,2097,25.5,1649.4,3,5,3,0,0,14562,6.6,-1932,-2097,18.2,1456.2
0,5,9,4,0,0,15463,7,-3386,-2729,20.6,1546.3,9,5,13,0,0,18849,7,3386,2729,23.4,1884.9
0,6,6,9,0,0,15435,6.6,-5097,-3482,16.1,1543.5,6,6,16,1,0,16378,7.4,5097,3482,22.6,1637.8
0,5,1,8,2,0,16165,6.8,1321,1735,21.5,1616.5,1,5,2,0,0,14844,6.6,-1321,-1735,24.5,1484.4
0,6,6,9,1,0,16640,7.2,-276,-1424,23.3,1664,6,6,8,0,0,16916,7.4,276,1424,22,1691.6
0,6,4,6,1,0,16422,7,-19,-1122,21.2,1642.2,4,6,2,0,0,16441,7,19,1122,25.6,1644.1
1,8,4,7,0,0,17863,7.2,2590,1850,25.6,1786.3,4,8,4,0,0,15273,7,-2590,-1850,21.8,1527.3
0,8,6,8,0,0,16970,6.8,510,-601,22.6,1697,6,8,10,1,0,16460,6.8,-510,601,23,1646
0,4,2,7,0,0,14866,6.8,103,412,19.1,1486.6,2,4,3,1,0,14763,6.8,-103,-412,23.9,1476.3
1,9,10,10,0,0,17761,7,-237,-500,22.9,1776.1,10,9,13,1,0,17998,7.2,237,500,20,1799.8
1,7,4,5,0,0,16650,7,-612,549,23.3,1665,4,7,5,2,0,17262,7,612,-549,23.2,1726.2
0,8,1,6,1,0,18607,7.4,4488,3191,26.4,1860.7,1,8,1,1,0,14119,6.6,-4488,-3191,21,1411.9
0,8,5,6,0,0,16237,6.8,335,675,20.9,1623.7,5,8,5,1,0,15902,6.8,-335,-675,19.2,1590.2
0,2,3,2,1,0,14273,6.8,-814,-418,22,1427.3,3,2,2,1,0,15087,6.6,814,418,22.4,1508.7
1,6,5,7,1,0,15906,7,-39,464,23.2,1590.6,5,6,9,0,0,15945,6.6,39,-464,19.7,1594.5
1,4,5,3,0,0,16083,6.8,80,-609,26.4,1608.3,5,4,8,1,0,16003,7.2,-80,609,22.5,1600.3
0,2,8,2,2,0,15034,7,-1975,-888,20.4,1503.4,8,2,11,0,0,17009,7,1975,888,20.1,1700.9
0,5,3,7,0,0,16660,7.2,1723,970,25.7,1666,3,5,5,2,0,14937,7,-1723,-970,22.7,1493.7
0,5,9,2,1,0,13945,7,-5763,-4731,21.8,1394.5,9,5,11,1,0,19708,7.4,5763,4731,20.3,1970.8
0,3,13,6,0,0,14991,6.6,-6050,-4081,20.7,1499.1,13,3,16,0,0,16378,7.6,6050,4081,27.3,1637.8
0,3,3,6,1,0,16653,7,1152,-29,26.1,1665.3,3,3,6,0,0,15501,7.2,-1152,29,22.8,1550.1
1,7,2,9,1,0,17557,7,3822,2980,20.9,1755.7,2,7,1,0,0,13735,7,-3822,-2980,22.4,1373.5
0,4,8,4,1,0,14439,6.6,-2975,-2024,19.6,1443.9,8,4,10,0,0,17414,7,2975,2024,23.5,1741.4
1,12,5,6,1,0,18567,7,1526,472,22.7,1856.7,5,12,7,0,0,17041,6.8,-1526,-472,20.3,1704.1
1,9,1,9,1,0,17079,7,3916,2599,22.9,1707.9,1,9,0,0,0,13163,6.6,-3916,-2599,19.1,1316.3
1,6,1,2,2,0,16398,7.4,14,-28,27.6,1639.8,1,6,1,0,0,16378,7,-14,28,17.6,1637.8
0,8,10,4,0,0,15229,6.4,-4493,-3830,21.3,1522.9,10,8,10,2,0,19722,7.4,4493,3830,21.8,1972.2
1,5,4,3,1,0,16490,7,1018,-1023,21.4,1649,4,5,2,1,0,15472,7.2,-1018,1023,20.4,1547.2
1,8,9,7,0,0,17047,7,-97,165,20,1704.7,9,8,6,1,0,17144,6.8,97,-165,19.8,1714.4
0,4,6,4,0,0,14844,7,-933,-636,18.7,1484.4,6,4,6,1,0,15777,7,933,636,21.7,1577.7
0,8,10,10,0,0,16382,7.2,-4322,-1588,20.6,1638.2,10,8,8,1,0,16378,7.2,4322,1588,24.4,1637.8
1,7,4,11,0,0,18113,7.2,1350,524,23.1,1811.3,4,7,6,0,0,16763,7,-1350,-524,26.2,1676.3
0,1,9,0,0,0,13933,6.6,-5490,-2476,19.4,1393.3,9,1,8,1,0,19423,7.2,5490,2476,22.5,1942.3
0,8,8,9,1,0,16352,6.8,-730,58,21.4,1635.2,8,8,10,0,0,17082,7,730,-58,19.1,1708.2
1,2,2,0,0,0,15098,7,-631,337,23.9,1509.8,2,2,2,1,0,15729,7.2,631,-337,25.8,1572.9
0,5,4,4,1,0,16384,7.4,-183,254,24.4,1638.4,4,5,3,1,0,16567,7,183,-254,24.3,1656.7
0,7,11,9,1,0,17132,6.6,-2250,-1591,19.8,1713.2,11,7,6,1,0,19382,7,2250,1591,19.6,1938.2
0,5,3,6,1,0,16116,6.8,493,-699,24.9,1611.6,3,5,3,0,0,15623,7.2,-493,699,25,1562.3
0,7,7,11,0,0,17201,7,-211,-626,23,1720.1,7,7,10,1,0,17412,7.2,211,626,22.2,1741.2
1,3,6,4,0,0,15224,7,-1611,97,22.8,1522.4,6,3,11,0,0,16835,7.2,1611,-97,24.7,1683.5
0,6,8,3,0,0,15334,6.4,-1343,-768,20.3,1533.4,8,6,5,1,0,16677,6.6,1343,768,20.4,1667.7
1,12,3,6,2,0,16398,7.4,5512,3244,27.2,1639.8,3,12,6,0,0,15504,6.6,-5512,-3244,21.2,1550.4
0,7,13,9,0,0,15812,6.8,-3590,-1683,18.6,1581.2,13,7,10,1,0,19402,7.2,3590,1683,21.6,1940.2
1,5,5,10,1,0,15447,6.2,-406,-1748,19.4,1544.7,5,5,6,0,0,15853,7,406,1748,21.9,1585.3
0,5,11,6,0,0,15812,6.6,-2150,-1215,20.9,1581.2,11,5,6,1,0,17962,6.8,2150,1215,17.5,1796.2
0,1,5,1,1,0,14301,6.8,-679,-1331,21.4,1430.1,5,1,2,0,0,14980,7,679,1331,21.6,1498
1,2,10,1,1,0,14749,6.6,-3114,-2569,20.4,1474.9,10,2,5,0,0,17863,7.2,3114,2569,22.4,1786.3
1,7,6,6,0,0,17605,7.4,1564,668,25.4,1760.5,6,7,3,1,0,16041,7.2,-1564,-668,21.4,1604.1
0,5,9,5,1,0,15535,6.8,-4205,-1540,20.7,1553.5,9,5,10,0,0,19740,7.4,4205,1540,25.1,1974
1,11,1,13,0,0,18761,7.2,4172,1918,23,1876.1,1,11,1,0,0,14589,6.8,-4172,-1918,25.9,1458.9
1,8,12,5,1,0,16855,6.4,-2672,-2811,21.6,1685.5,12,8,6,0,0,19527,7.4,2672,2811,20.4,1952.7
1,6,10,15,1,0,16398,7.6,4287,3938,22.4,1639.8,10,6,11,0,0,17065,6.8,-4287,-3938,21.8,1706.5
0,5,1,7,1,0,15990,7.2,811,881,22.1,1599,1,5,1,0,0,15179,7,-811,-881,23.5,1517.9
1,5,4,3,1,0,15015,6.4,-585,-809,18.4,1501.5,4,5,2,1,0,15600,6.8,585,809,24.8,1560
0,5,6,3,1,0,15432,6.6,-1042,-2030,22.3,1543.2,6,5,8,1,0,16474,7,1042,2030,22.1,1647.4
0,4,3,4,0,0,15404,7,163,1490,23.6,1540.4,3,4,3,1,0,15241,6.8,-163,-1490,23.8,1524.1
0,5,1,5,1,0,16224,7.2,1697,1110,23.3,1622.4,1,5,1,0,0,14527,6.6,-1697,-1110,23.8,1452.7
0,10,7,15,1,0,17437,7,1059,180,17.7,1743.7,7,10,5,1,0,16378,6.8,-1059,-180,18.6,1637.8
0,6,6,5,1,0,17783,7.6,1498,149,23.6,1778.3,6,6,7,1,0,16285,7.4,-1498,-149,21.3,1628.5
1,8,8,5,0,0,17618,7.2,457,692,22.7,1761.8,8,8,5,1,0,17161,7,-457,-692,22.5,1716.1
1,9,2,16,1,0,18984,7.4,4620,2871,25.4,1898.4,2,9,3,0,0,14364,6.6,-4620,-2871,17.1,1436.4
1,11,10,8,1,0,18104,6.8,1117,-637,20.5,1810.4,10,11,6,0,0,16987,6.8,-1117,637,16.8,1698.7
1,5,6,2,0,0,17250,7,929,1352,25.1,1725,6,5,9,1,0,16321,7.2,-929,-1352,21.1,1632.1
0,5,4,7,2,0,16222,7,459,1309,24.3,1622.2,4,5,1,0,0,15763,7,-459,-1309,23.4,1576.3
0,3,8,2,0,0,15179,7,-2537,-1603,23.8,1517.9,8,3,6,1,0,17716,7.2,2537,1603,21.6,1771.6
0,3,13,2,0,0,13896,7,-4882,-4505,19.7,1389.6,13,3,6,1,0,18778,6.8,4882,4505,20.4,1877.8
0,8,8,11,0,0,17911,6.8,1014,688,21.8,1791.1,8,8,12,1,0,16897,6.6,-1014,-688,19.1,1689.7
1,11,5,10,0,0,18582,7,3039,2255,21.7,1858.2,5,11,8,0,0,15543,6.6,-3039,-2255,20.3,1554.3
1,13,10,6,2,0,19099,6.8,650,511,20.7,1909.9,10,13,8,0,0,18449,6.6,-650,-511,20.4,1844.9
1,6,9,8,1,0,15879,6.8,-905,-709,18.7,1587.9,9,6,10,1,0,16784,7,905,709,18.3,1678.4
1,9,7,4,0,0,17354,6.8,966,969,23.9,1735.4,7,9,4,1,0,16388,6.8,-966,-969,20.8,1638.8
0,6,8,9,1,0,16760,6.6,-429,-1821,18.6,1676,8,6,10,0,0,17189,7.2,429,1821,24.2,1718.9
1,7,5,8,2,0,16839,6.6,1211,355,20.9,1683.9,5,7,9,0,0,15628,6.8,-1211,-355,19.1,1562.8
0,6,5,6,1,0,16186,7,53,-114,22.5,1618.6,5,6,5,0,0,16133,6.8,-53,114,20.5,1613.3
0,9,5,10,1,0,16915,7,649,-103,19.8,1691.5,5,9,5,0,0,16266,6.8,-649,103,19.7,1626.6
0,9,11,7,0,0,17951,6.2,-135,-1288,20.7,1795.1,11,9,11,1,0,18086,6.6,135,1288,19,1808.6
1,8,7,7,1,0,17722,7.2,1137,-609,22.4,1772.2,7,8,6,1,0,16585,7.2,-1137,609,22.5,1658.5
1,9,1,9,1,0,18381,7,3951,2490,24.9,1838.1,1,9,0,0,0,14430,6.6,-3951,-2490,21.4,1443
0,5,6,5,0,0,16084,6.8,-859,-2114,21.9,1608.4,6,5,5,1,0,16943,7.4,859,2114,24.4,1694.3
0,2,6,0,0,0,15054,7.2,-962,612,23.9,1505.4,6,2,6,1,0,16016,6.8,962,-612,23.3,1601.6
1,12,5,6,0,0,17838,6.8,2554,1453,19.4,1783.8,5,12,5,0,0,15284,6.4,-2554,-1453,21.5,1528.4
0,8,7,8,0,0,17415,6.8,1158,-618,23.9,1741.5,7,8,4,1,0,16257,7.2,-1158,618,18.4,1625.7
0,3,6,3,1,0,15025,6.6,-2963,-1630,23.4,1502.5,6,3,6,1,0,17988,7.2,2963,1630,25.2,1798.8
0,4,7,4,0,0,15362,6.2,-1894,-2184,20.6,1536.2,7,4,4,1,0,17256,7,1894,2184,19.6,1725.6
0,4,7,1,0,0,15038,6.8,-1535,-716,23,1503.8,7,4,8,1,0,16573,6.8,1535,716,21.5,1657.3
1,8,4,11,0,0,17726,7.2,1654,1097,21.8,1772.6,4,8,5,0,0,16072,6.8,-1654,-1097,21.9,1607.2
0,3,6,3,2,0,15685,7,-516,266,23.2,1568.5,6,3,8,0,0,16201,6.8,516,-266,20.8,1620.1
1,6,4,7,1,0,17530,7.2,2577,2592,22.1,1753,4,6,3,1,0,14953,6.8,-2577,-2592,19.6,1495.3
0,6,6,10,0,0,16260,6.8,-402,-520,20.5,1626,6,6,7,1,0,16662,7,402,520,21.9,1666.2
0,5,10,5,0,0,15668,6.8,-4404,-3165,18.3,1566.8,10,5,9,1,0,20072,7.2,4404,3165,25.6,2007.2
0,7,10,7,1,0,16511,7.2,-2922,-1424,20.9,1651.1,10,7,13,0,0,19433,7.4,2922,1424,21.2,1943.3
1,8,11,13,1,0,16965,6.8,-659,-701,20,1696.5,11,8,15,0,0,17624,6.8,659,701,22,1762.4
0,11,6,6,0,0,18212,7,1924,1938,20.1,1821.2,6,11,5,0,0,16288,6.6,-1924,-1938,21.2,1628.8
0,4,7,2,0,0,15042,7,-2075,-738,20.7,1504.2,7,4,5,2,0,17117,7,2075,738,23.6,1711.7
0,4,6,2,0,0,15661,6.8,-1055,-1236,23.5,1566.1,6,4,8,0,0,16716,7.2,1055,1236,22.2,1671.6
1,10,3,11,1,0,17986,7,3239,2494,21.8,1798.6,3,10,4,0,0,14747,6.6,-3239,-2494,19.8,1474.7
0,0,5,0,1,0,13776,6.8,-2765,-2677,21.8,1377.6,5,0,6,1,0,16541,7.2,2765,2677,25.6,1654.1
0,7,8,6,0,0,15330,6.2,-1183,-1425,18.6,1533,8,7,10,1,0,16513,6.6,1183,1425,19.9,1651.3
0,4,4,0,0,0,14727,7,-1012,-1528,19.7,1472.7,4,4,7,1,0,15739,7.2,1012,1528,23.8,1573.9
1,7,4,8,1,0,17651,6.8,3245,307,22.9,1765.1,4,7,3,0,0,14406,6.8,-3245,-307,17.9,1440.6
0,5,3,10,0,0,15496,6.6,-157,-269,18.4,1549.6,3,5,4,1,0,15653,6.6,157,269,22.9,1565.3
1,9,6,10,1,0,18395,7.4,2862,1862,24.2,1839.5,6,9,4,0,0,15533,6.8,-2862,-1862,20,1553.3
1,7,4,8,1,0,16866,6.8,789,-1212,22,1686.6,4,7,5,0,0,16077,6.8,-789,1212,22.4,1607.7
0,7,7,12,0,0,16449,7,-986,-484,21.1,1644.9,7,7,13,1,0,17435,7.2,986,484,23.8,1743.5
1,5,8,4,1,0,16142,7,-812,-202,21.8,1614.2,8,5,2,0,0,16954,7.2,812,202,23.3,1695.4
0,4,7,2,0,0,15099,6.6,-3196,-3217,20.5,1509.9,7,4,10,1,0,18295,7.4,3196,3217,22.6,1829.5
1,9,8,7,1,0,18044,7.2,738,1289,20.7,1804.4,8,9,11,0,0,17306,6.8,-738,-1289,18.8,1730.6
1,5,5,6,0,0,16248,7.2,1144,464,25.1,1624.8,5,5,5,0,0,15104,7,-1144,-464,19.9,1510.4
1,5,2,5,1,0,15182,7,246,759,20.5,1518.2,2,5,2,1,0,14936,7,-246,-759,23,1493.6
0,6,6,5,0,0,15651,6.8,-919,-483,19.5,1565.1,6,6,5,1,0,16570,7,919,483,20.3,1657
1,5,4,1,2,0,15917,7,805,691,21.1,1591.7,4,5,4,0,0,15112,6.8,-805,-691,18.7,1511.2
0,2,5,2,0,0,13889,6.8,-1656,-453,19.3,1388.9,5,2,8,1,0,15545,6.6,1656,453,22.9,1554.5
0,7,5,5,0,0,16858,7,1153,930,24.1,1685.8,5,7,11,1,0,15705,7,-1153,-930,21.1,1570.5
1,9,8,6,0,0,18119,6.4,740,-692,20.4,1811.9,8,9,6,1,0,17379,6.8,-740,692,21,1737.9
0,8,2,9,0,0,17352,6.8,2841,858,20.7,1735.2,2,8,4,1,0,14511,6.6,-2841,-858,19.8,1451.1
0,11,9,15,0,0,17924,6.6,449,-260,21.9,1792.4,9,11,10,0,0,17475,6.8,-449,260,18.2,1747.5
0,3,4,2,0,0,14490,6.8,-1759,-2019,22.6,1449,4,3,1,1,0,16249,7.2,1759,2019,24.7,1624.9
0,6,8,10,0,0,16172,6.8,-1257,333,18.9,1617.2,8,6,11,1,0,17429,7,1257,-333,22.6,1742.9
0,1,6,1,0,0,14555,6.8,-1824,-613,23.9,1455.5,6,1,6,1,0,16379,7,1824,613,20.4,1637.9
0,6,5,6,0,0,15355,7.2,-843,147,19.7,1535.5,5,6,7,1,0,16198,7,843,-147,22.3,1619.8
0,4,8,3,1,0,14395,6.4,-2618,-1567,17.5,1439.5,8,4,11,0,0,17013,7,2618,1567,21.3,1701.3
0,6,6,7,1,0,16630,7,253,-453,22.5,1663,6,6,3,0,0,16377,7,-253,453,21.3,1637.7
0,8,5,9,0,0,16984,7.2,1229,1913,22.5,1698.4,5,8,3,0,0,15755,6.8,-1229,-1913,21.4,1575.5
0,7,9,9,1,0,16675,7,-938,-1180,20.5,1667.5,9,7,12,0,0,17613,7.2,938,1180,19.9,1761.3
0,7,4,6,0,0,16258,7,-487,764,20.7,1625.8,4,7,4,1,0,16745,6.6,487,-764,20.7,1674.5
0,3,7,3,0,0,15571,7.2,-1431,-648,21.2,1557.1,7,3,9,1,0,17002,7,1431,648,24.1,1700.2
1,12,5,13,1,0,19740,7.4,4498,4087,22.8,1974,5,12,6,0,0,15242,6.2,-4498,-4087,18.3,1524.2
1,1,7,0,1,0,13749,6.2,-3574,-3171,20.8,1374.9,7,1,9,0,0,17323,7.2,3574,3171,22.2,1732.3
1,4,1,3,2,0,16231,7.2,693,-204,27.1,1623.1,1,4,1,0,0,15538,7.2,-693,204,24.5,1553.8
1,6,7,5,0,0,15736,7,-915,3,18.8,1573.6,7,6,4,1,0,16651,7,915,-3,19.9,1665.1
0,6,3,8,0,0,17099,7.2,1847,1663,22.2,1709.9,3,6,5,2,0,15252,6.8,-1847,-1663,21,1525.2
1,8,2,10,0,0,17620,6.8,2978,-438,23.6,1762,2,8,4,0,0,14642,7.2,-2978,438,18,1464.2
1,5,4,6,0,0,16250,6.6,1245,1084,23.1,1625,4,5,5,0,0,15005,6.6,-1245,-1084,21.6,1500.5
0,8,10,11,1,0,17136,7,-1632,562,20.7,1713.6,10,8,6,1,0,18768,6.8,1632,-562,17.3,1876.8
1,13,7,10,1,0,16398,7.2,14,-28,23.4,1639.8,7,13,9,0,0,13571,7,-14,28,21.8,1357.1
1,9,6,15,0,0,18847,7,2197,233,21.8,1884.7,6,9,8,1,0,16650,7.4,-2197,-233,23.6,1665
0,2,6,2,0,0,13462,7,14,-28,21.8,1346.2,6,2,12,0,0,16378,7.4,-14,28,24.7,1637.8
0,7,4,7,0,0,16364,7.2,687,-291,23.9,1636.4,4,7,7,1,0,15677,7.2,-687,291,23.2,1567.7
1,6,8,9,0,0,17279,6.8,220,-740,23.3,1727.9,8,6,10,1,0,17059,7.2,-220,740,21.1,1705.9
1,1,2,1,0,0,14654,6.8,-96,-1063,22.5,1465.4,2,1,1,0,0,14750,7,96,1063,24,1475
0,6,12,8,0,0,15211,6.4,-3746,-3014,18.7,1521.1,12,6,6,1,0,18957,7.2,3746,3014,23,1895.7
1,5,6,11,1,0,17076,7.4,629,1496,22.3,1707.6,6,5,11,0,0,16447,6.8,-629,-1496,21.5,1644.7
1,1,4,2,1,0,14536,7,-1476,-346,21.4,1453.6,4,1,4,1,0,16012,7,1476,346,25.3,1601.2
0,7,9,7,1,0,17308,6.8,-575,-1680,19.8,1730.8,9,7,6,0,0,17883,7,575,1680,22.7,1788.3
0,4,6,4,1,0,16203,6.8,-635,-1525,20.5,1620.3,6,4,8,1,0,16838,7.2,635,1525,20.6,1683.8
1,6,5,4,1,0,16130,6.8,149,447,23.5,1613,5,6,3,0,0,15981,6.6,-149,-447,24.1,1598.1
0,2,4,3,1,0,15739,7,657,-1141,22.3,1573.9,4,2,5,1,0,15082,6.8,-657,1141,19.9,1508.2
0,9,11,13,0,0,17498,7.2,-958,264,22.8,1749.8,11,9,6,1,0,18456,7.2,958,-264,20,1845.6
1,6,9,3,0,0,14947,6.6,-2922,-2165,16.5,1494.7,9,6,6,1,0,17869,7.2,2922,2165,23.9,1786.9
0,3,11,3,0,0,14893,6.4,-3410,-3134,21.7,1489.3,11,3,13,1,0,18303,7.4,3410,3134,24,1830.3
1,11,8,11,1,0,18817,7,311,559,19.2,1881.7,8,11,6,0,0,18506,6.8,-311,-559,22.8,1850.6
1,9,6,10,1,0,17704,7,1792,1373,19.7,1770.4,6,9,2,1,0,15912,6.6,-1792,-1373,20.5,1591.2
0,1,6,1,1,0,15717,6.6,-856,-2269,24.1,1571.7,6,1,11,1,0,16573,7.2,856,2269,24.5,1657.3
1,10,6,9,1,0,17252,7,1154,999,21.2,1725.2,6,10,5,0,0,16098,7,-1154,-999,22,1609.8
0,3,7,3,0,0,14794,6.8,-2124,-1109,18.5,1479.4,7,3,7,1,0,16918,7,2124,1109,21.7,1691.8
0,3,4,5,0,0,14751,6.8,-982,36,21.7,1475.1,4,3,6,1,0,15733,6.8,982,-36,21,1573.3
1,2,2,2,1,0,15430,7,467,-298,24.6,1543,2,2,2,0,0,14963,7,-467,298,23.6,1496.3
0,1,7,0,0,0,14266,6.8,-3389,-1855,22.2,1426.6,7,1,9,2,0,17655,7.4,3389,1855,23.1,1765.5
0,6,8,4,2,0,16168,6.8,-1003,-491,20.4,1616.8,8,6,7,0,0,17171,6.8,1003,491,22,1717.1
1,6,7,3,1,0,17303,7,572,417,22.4,1730.3,7,6,7,0,0,16731,7,-572,-417,20.5,1673.1
0,6,8,7,1,0,16111,6.8,-1556,-1808,20.4,1611.1,8,6,5,0,0,17667,7.2,1556,1808,24.1,1766.7
1,8,6,10,0,0,18029,7.2,2323,1699,19.9,1802.9,6,8,5,0,0,15706,6.8,-2323,-1699,19.2,1570.6
0,7,4,7,0,0,16695,7.2,1486,1605,22.2,1669.5,4,7,3,1,0,15209,6.8,-1486,-1605,22.9,1520.9
1,8,2,7,1,0,17755,7.2,3755,2662,22.8,1775.5,2,8,3,0,0,14000,6.6,-3755,-2662,18.3,1400
0,8,8,12,1,0,17388,6.6,1327,-741,21.4,1738.8,8,8,6,0,0,16061,6.6,-1327,741,19,1606.1
1,6,0,7,2,0,16874,7.2,2929,2507,26,1687.4,0,6,0,0,0,13945,6.6,-2929,-2507,23.9,1394.5
0,3,2,3,0,0,15591,7,536,-18,23.9,1559.1,2,3,2,1,0,15055,7,-536,18,23.4,1505.5
1,8,3,12,1,0,17562,7,3575,1394,23.7,1756.2,3,8,1,1,0,13987,6.6,-3575,-1394,17.6,1398.7
1,12,4,16,1,0,19628,7.2,4801,2127,22.9,1962.8,4,12,4,0,0,14827,6.8,-4801,-2127,19.8,1482.7
0,5,12,5,0,0,15871,6.6,-2201,-2344,20.2,1587.1,12,5,9,1,0,18072,7.2,2201,2344,22.1,1807.2
0,9,5,8,0,0,17792,7,2785,1671,22.2,1779.2,5,9,1,1,0,15007,6.6,-2785,-1671,20.4,1500.7
0,7,8,8,1,0,16168,6.8,-692,-736,19.3,1616.8,8,7,6,0,0,16860,6.8,692,736,20.7,1686
1,4,11,3,1,0,15786,6.6,-4406,-2504,21.7,1578.6,11,4,15,0,0,20192,7.2,4406,2504,23.3,2019.2
1,8,8,6,2,0,17889,7.2,1792,1300,23.5,1788.9,8,8,7,0,0,16097,7,-1792,-1300,18,1609.7
0,2,14,3,1,0,13612,6.4,14,-4767,18.1,1361.2,14,2,6,1,0,20329,7.6,-14,4767,22.6,2032.9
0,5,7,4,0,0,16218,6.8,-193,-634,20.4,1621.8,7,5,10,2,0,16411,6.8,193,634,20.2,1641.1
1,8,6,6,0,0,18188,7.4,1667,3434,25.2,1818.8,6,8,8,1,0,16521,6.4,-1667,-3434,18.8,1652.1
0,5,8,5,1,0,15786,6.6,-1860,-2194,21.9,1578.6,8,5,11,1,0,17646,7.2,1860,2194,23.1,1764.6
0,1,7,1,1,0,14419,6.2,-3324,-3139,23.5,1441.9,7,1,7,0,0,17743,7.4,3324,3139,24.6,1774.3
0,7,11,10,0,0,16575,6.8,-1655,-1744,19.4,1657.5,11,7,7,1,0,18230,7.2,1655,1744,20.8,1823
0,5,5,4,0,0,15068,6.8,-321,272,20.3,1506.8,5,5,5,2,0,15389,6.6,321,-272,21.1,1538.9
1,10,1,9,1,0,19225,7.4,4947,2051,25.3,1922.5,1,10,1,1,0,14278,6.8,-4947,-2051,20,1427.8
1,10,6,10,0,0,18688,7.2,3424,3153,21.8,1868.8,6,10,7,0,0,15264,6.2,-3424,-3153,17,1526.4
1,10,5,10,1,0,18650,7.2,3028,1818,23.6,1865,5,10,4,0,0,15622,6.8,-3028,-1818,21.6,1562.2
0,3,2,3,2,0,15207,7,-211,843,23.4,1520.7,2,3,4,0,0,15418,7,211,-843,21.1,1541.8
1,11,5,8,1,0,17522,7,2123,1612,20.4,1752.2,5,11,3,0,0,15399,7,-2123,-1612,19.4,1539.9
0,12,9,13,0,0,18131,7,1025,439,19.3,1813.1,9,12,13,1,0,17106,6.8,-1025,-439,21.3,1710.6
1,10,7,9,1,0,18209,7.2,2343,2878,20.9,1820.9,7,10,8,1,0,15866,6.4,-2343,-2878,17,1586.6
0,5,7,4,0,0,16162,7,-565,738,23,1616.2,7,5,12,0,0,16727,7,565,-738,23.4,1672.7
1,7,10,4,0,0,16805,7,-1785,-1131,22.9,1680.5,10,7,12,2,0,18590,7.4,1785,1131,24.8,1859
1,3,6,3,1,0,15742,7,-873,-1792,22,1574.2,6,3,6,0,0,16615,7.4,873,1792,21.5,1661.5
1,11,9,8,0,0,18649,7.2,1641,1386,20.7,1864.9,9,11,9,0,0,17008,7,-1641,-1386,19.9,1700.8
1,4,12,4,1,0,16643,6.6,-1111,-1185,20.2,1664.3,12,4,15,1,0,17754,6.4,1111,1185,18.8,1775.4
1,5,9,6,0,0,16500,7,-2390,-1796,23.8,1650,9,5,11,1,0,18890,7.2,2390,1796,24,1889
0,7,6,8,1,0,16972,7,1807,733,22.1,1697.2,6,7,3,1,0,15165,7,-1807,-733,21.1,1516.5
0,3,11,5,0,0,14496,6.4,-5003,-4682,21.5,1449.6,11,3,6,1,0,19499,7.6,5003,4682,20.8,1949.9
1,7,5,5,1,0,16790,7.6,651,1744,24.1,1679,5,7,10,0,0,16139,6.8,-651,-1744,18.6,1613.9
1,3,3,5,1,0,15704,7.2,928,955,24,1570.4,3,3,1,0,0,14776,7,-928,-955,23.2,1477.6
1,7,0,8,1,0,18285,7.4,4649,3488,25.9,1828.5,0,7,0,0,0,13636,6.4,-4649,-3488,21.5,1363.6
0,3,11,4,0,0,14414,6.4,-4743,-2650,17.3,1441.4,11,3,10,2,0,19157,7.4,4743,2650,24.5,1915.7
1,3,1,3,0,0,16981,7.2,1775,1652,26.9,1698.1,1,3,2,2,0,15206,7,-1775,-1652,25.6,1520.6
1,10,6,12,1,0,18516,7,2019,674,24,1851.6,6,10,8,0,0,16497,7.2,-2019,-674,21.4,1649.7
1,3,1,0,1,0,15594,7.4,1402,2404,24.1,1559.4,1,3,1,0,0,14192,6.8,-1402,-2404,21.5,1419.2
1,8,9,5,0,0,17259,7,240,399,21.4,1725.9,9,8,14,1,0,17019,6.8,-240,-399,22.3,1701.9
1,10,7,9,0,0,17741,7,2281,546,20.8,1774.1,7,10,5,1,0,15460,6.8,-2281,-546,18.3,1546
1,8,7,6,2,0,17867,7.2,764,2490,22.6,1786.7,7,8,6,0,0,17103,6.6,-764,-2490,17.8,1710.3
1,6,4,16,0,0,16398,6.8,14,4666,20.8,1639.8,4,6,7,0,0,13883,7,-14,-4666,21.8,1388.3
1,4,4,3,0,0,15548,6.8,-112,398,22.1,1554.8,4,4,3,2,0,15660,6.8,112,-398,23.2,1566
1,8,5,8,1,0,17405,7.2,1198,197,22.9,1740.5,5,8,1,0,0,16207,7.2,-1198,-197,23.7,1620.7
1,9,5,12,2,0,17112,7,2199,1291,20.4,1711.2,5,9,9,0,0,14913,7,-2199,-1291,19.7,1491.3
1,8,4,9,0,0,17917,6.8,2992,258,23.9,1791.7,4,8,3,0,0,14925,6.8,-2992,-258,20.5,1492.5
0,5,13,8,0,0,15465,7,-4292,-4133,16.9,1546.5,13,5,13,0,0,19757,7.2,4292,4133,23,1975.7
0,5,8,6,0,0,16020,6.8,-1407,-1305,24,1602,8,5,12,1,0,17427,7.2,1407,1305,22.6,1742.7
1,8,2,9,0,0,16708,7.2,1860,1500,23,1670.8,2,8,3,0,0,14848,6.6,-1860,-1500,22.6,1484.8
0,3,5,3,0,0,14384,6.8,-1554,-704,20.6,1438.4,5,3,6,1,0,15938,7,1554,704,19.7,1593.8
0,11,14,10,0,0,18420,7.2,-1004,-515,22.5,1842,14,11,14,0,0,19424,7.2,1004,515,20.5,1942.4
0,3,2,3,0,0,14804,7,258,-298,22.3,1480.4,2,3,3,1,0,14546,7,-258,298,20,1454.6
1,6,5,3,0,0,16279,7,190,-57,23.4,1627.9,5,6,6,2,0,16089,7.2,-190,57,21.8,1608.9
1,6,4,16,1,0,16398,7.4,14,4895,24.7,1639.8,4,6,5,0,0,14298,7,-14,-4895,21.8,1429.8
0,8,6,8,1,0,17124,6.4,1315,63,20.7,1712.4,6,8,6,0,0,15809,6.6,-1315,-63,20.9,1580.9
0,5,4,2,0,0,15895,7.2,688,872,22.9,1589.5,4,5,3,0,0,15207,7,-688,-872,23.1,1520.7
0,6,3,5,1,0,15960,6.8,664,185,18,1596,3,6,1,1,0,15296,6.6,-664,-185,20.5,1529.6
1,10,7,6,1,0,17678,7.4,1754,433,18.9,1767.8,7,10,4,0,0,15924,6.8,-1754,-433,20.7,1592.4
1,12,7,15,0,0,18193,6.6,1083,554,18.2,1819.3,7,12,8,1,0,17110,6.8,-1083,-554,22.5,1711
0,2,11,1,1,0,14643,6.8,-4728,-3668,23,1464.3,11,2,14,0,0,19371,7.6,4728,3668,23.6,1937.1
1,8,5,9,1,0,16840,7.2,1015,1543,18.5,1684,5,8,7,1,0,15825,6.6,-1015,-1543,19.5,1582.5
1,2,4,2,1,0,14707,7,-410,-194,20.9,1470.7,4,2,3,0,0,15117,7,410,194,20.1,1511.7
1,4,7,1,1,0,14467,6.6,-1663,-1174,22.2,1446.7,7,4,5,0,0,16130,6.8,1663,1174,18.6,1613
1,7,2,8,0,0,17633,6.6,3373,2234,22.6,1763.3,2,7,2,0,0,14260,6.6,-3373,-2234,20.5,1426
0,3,5,3,0,0,14837,6.6,-1044,-2760,20,1483.7,5,3,7,1,0,15881,7.2,1044,2760,18.3,1588.1
0,4,11,6,0,0,15826,6.8,-2803,-1709,23.5,1582.6,11,4,12,1,0,18629,7,2803,1709,23.8,1862.9
1,8,5,7,2,0,18357,7,3346,3707,26.9,1835.7,5,8,4,0,0,15011,6.6,-3346,-3707,17.6,1501.1
0,7,4,6,1,0,16460,7,1561,-87,24.1,1646,4,7,0,1,0,14899,7.2,-1561,87,19.7,1489.9
0,7,14,6,0,0,16054,6.4,-3304,-3201,17.6,1605.4,14,7,8,1,0,19358,7.2,3304,3201,17,1935.8
0,3,6,1,0,0,13899,6.4,-3238,-2465,20.2,1389.9,6,3,7,1,0,17137,7.2,3238,2465,26.1,1713.7
1,3,5,6,2,0,15911,7,-357,221,23.1,1591.1,5,3,7,0,0,16268,7,357,-221,22.4,1626.8
1,2,4,4,0,0,15215,6.8,-714,233,23.1,1521.5,4,2,6,1,0,15929,7,714,-233,20.8,1592.9
1,9,4,11,1,0,18036,7,2806,1391,23.6,1803.6,4,9,7,1,0,15230,6.6,-2806,-1391,23.2,1523
0,6,4,5,0,0,16304,6.8,205,-1306,21.2,1630.4,4,6,5,2,0,16099,7,-205,1306,20.3,1609.9
0,2,3,4,0,0,15267,6.8,-392,-995,22.6,1526.7,3,2,1,1,0,15659,7.4,392,995,25.4,1565.9
0,4,8,5,0,0,16055,6.8,-1176,-1456,25.2,1605.5,8,4,9,1,0,17231,7,1176,1456,22.5,1723.1
1,8,7,8,0,0,17404,7,-882,-740,20.4,1740.4,7,8,9,1,0,18286,7.4,882,740,25.3,1828.6
0,1,7,1,1,0,13741,6.4,-2955,-2776,17.9,1374.1,7,1,7,1,0,16696,7,2955,2776,22,1669.6
1,5,7,6,0,0,16402,7,194,-220,22.3,1640.2,7,5,8,0,0,16208,7,-194,220,19.5,1620.8
0,2,9,1,0,0,14933,6.6,-3251,-3208,22.5,1493.3,9,2,7,0,0,18184,7.4,3251,3208,24.1,1818.4
0,3,7,4,1,0,14665,6.8,-1761,-1206,19.2,1466.5,7,3,10,1,0,16426,7,1761,1206,21.3,1642.6
1,14,8,15,1,0,19372,7,1342,13,18,1937.2,8,14,9,0,0,18030,7.4,-1342,-13,22.9,1803
0,6,3,7,0,0,16310,7,690,998,23.5,1631,3,6,5,1,0,15620,6.8,-690,-998,23,1562
0,6,14,4,0,0,14643,6.8,-4073,-3038,21.8,1464.3,14,6,11,1,0,18716,7.4,4073,3038,20.7,1871.6
1,3,1,3,1,0,16426,7.4,2296,2033,25.1,1642.6,1,3,2,0,0,14130,6.8,-2296,-2033,23.6,1413
0,6,9,3,0,0,16331,7,-1081,-953,22.9,1633.1,9,6,9,1,0,17412,7.2,1081,953,23.5,1741.2
1,6,10,4,0,0,15895,6.6,-1664,-602,22.2,1589.5,10,6,10,1,0,17559,7,1664,602,21.8,1755.9
1,10,6,15,1,0,18176,7,2287,376,21.6,1817.6,6,10,3,0,0,15889,7.2,-2287,-376,20.2,1588.9
1,7,1,11,1,0,17566,7.2,2821,2755,24.3,1756.6,1,7,3,0,0,14745,6.8,-2821,-2755,23.4,1474.5
0,2,11,3,0,0,13832,6.6,-6240,-4315,20.3,1383.2,11,2,11,2,0,20072,7.6,6240,4315,23.3,2007.2
1,8,6,7,1,0,17751,7.2,1570,643,23.8,1775.1,6,8,1,0,0,16181,7,-1570,-643,22.6,1618.1
0,3,4,5,1,0,15382,7,39,238,23.9,1538.2,4,3,7,0,0,15343,7,-39,-238,22.5,1534.3
1,9,4,11,0,0,17326,7.2,1132,269,22.6,1732.6,4,9,5,1,0,16194,7.2,-1132,-269,20.3,1619.4
0,8,10,11,0,0,16756,6.8,-1429,-1521,19.2,1675.6,10,8,11,1,0,18185,6.8,1429,1521,20.9,1818.5
1,4,9,3,1,0,16289,6.8,-1764,-1997,22.3,1628.9,9,4,11,0,0,18053,7.2,1764,1997,24.4,1805.3
1,7,9,7,0,0,16581,6.8,-172,-21,19.7,1658.1,9,7,9,1,0,16753,7,172,21,19.6,1675.3
1,7,5,6,0,0,16555,7.2,201,303,20.4,1655.5,5,7,6,1,0,16354,7.2,-201,-303,21,1635.4
0,3,9,4,0,0,15700,7,-2185,-2444,25,1570,9,3,9,0,0,17885,7.6,2185,2444,21.6,1788.5
0,2,11,2,0,0,13494,7,-5020,-4792,21.3,1349.4,11,2,9,1,0,18514,7.4,5020,4792,24.6,1851.4
0,3,9,2,1,0,13876,6.2,-5694,-3457,18.3,1387.6,9,3,15,0,0,19570,6.8,5694,3457,20.4,1957
0,7,12,6,0,0,16668,6.8,-2781,-1104,19.3,1666.8,12,7,15,1,0,19449,7.2,2781,1104,20.5,1944.9
1,5,5,3,1,0,16009,7.2,565,2073,20.6,1600.9,5,5,4,0,0,15444,6.8,-565,-2073,21.8,1544.4
1,4,3,7,1,0,16321,7,508,-183,25,1632.1,3,4,7,0,0,15813,7,-508,183,22.5,1581.3
1,9,5,7,0,0,16755,6.8,2154,2068,17.9,1675.5,5,9,3,0,0,14601,7,-2154,-2068,19.9,1460.1
1,7,5,5,0,0,16407,7,1063,1501,18.9,1640.7,5,7,0,0,0,15344,6.8,-1063,-1501,20.5,1534.4
0,5,9,6,0,0,15061,6.4,-1805,-2303,20.3,1506.1,9,5,8,1,0,16866,7,1805,2303,20.1,1686.6
0,6,9,9,0,0,16552,7,-1026,-982,21.5,1655.2,9,6,7,1,0,17578,7,1026,982,23.4,1757.8
0,8,5,5,0,0,16538,7.4,1664,1691,23.8,1653.8,5,8,1,1,0,14874,6.8,-1664,-1691,19,1487.4
0,5,8,6,0,0,15958,6.6,-84,-22,23.3,1595.8,8,5,9,0,0,16042,6.6,84,22,19,1604.2
0,7,5,7,1,0,16851,7.2,936,386,22.1,1685.1,5,7,2,1,0,15915,7,-936,-386,25.3,1591.5
1,6,2,8,1,0,16753,7.4,2631,2349,20.1,1675.3,2,6,1,1,0,14122,6.4,-2631,-2349,20.7,1412.2
0,2,3,2,1,0,14607,6.6,-1183,-2491,22.2,1460.7,3,2,1,0,0,15790,7,1183,2491,22.8,1579
0,5,8,8,1,0,17160,7.2,-312,37,24.5,1716,8,5,12,0,0,17472,7.2,312,-37,23.1,1747.2
0,7,9,4,1,0,16360,6.6,-833,-773,18.7,1636,9,7,13,1,0,17193,6.8,833,773,19.7,1719.3
0,5,7,5,1,0,15288,6.6,-1308,-564,19.2,1528.8,7,5,6,1,0,16596,7,1308,564,22.3,1659.6
1,11,5,7,0,0,18415,7.4,2862,3250,22.1,1841.5,5,11,7,0,0,15553,7,-2862,-3250,22.3,1555.3
1,3,4,3,0,0,15190,7,-1449,313,23.1,1519,4,3,4,2,0,16639,7,1449,-313,26.4,1663.9
1,7,3,9,0,0,17188,7.2,2010,1365,24.4,1718.8,3,7,0,0,0,15178,6.8,-2010,-1365,22.6,1517.8
1,10,7,9,0,0,16900,6.8,-52,258,17,1690,7,10,5,1,0,16952,7,52,-258,22.2,1695.2
0,8,5,5,0,0,16208,6.4,-315,-1874,19,1620.8,5,8,5,1,0,16523,7,315,1874,24.2,1652.3
1,3,9,3,0,0,15477,7,-1579,-655,22.3,1547.7,9,3,12,1,0,17056,7,1579,655,19.2,1705.6
0,4,5,5,0,0,15574,7,-616,-1349,21.9,1557.4,5,4,3,1,0,16190,7.2,616,1349,23.2,1619
0,4,6,3,1,0,15377,7.2,-1262,614,21.5,1537.7,6,4,5,0,0,16639,7,1262,-614,22.5,1663.9
0,1,4,0,0,0,13649,7,-2564,-2920,18.9,1364.9,4,1,6,0,0,16213,6.8,2564,2920,21.3,1621.3
0,11,8,11,1,0,19239,7.6,2587,1759,20.9,1923.9,8,11,4,0,0,16652,6.8,-2587,-1759,19.5,1665.2
1,6,4,6,1,0,20186,7.2,5491,-28,21.6,2018.6,4,6,2,0,0,14695,7,-5491,28,15.9,1469.5
1,9,7,9,1,0,19034,7.4,4051,3552,24,1903.4,7,9,6,0,0,14983,6.6,-4051,-3552,17.8,1498.3
1,13,3,13,0,0,20183,7.6,5712,4581,23.9,2018.3,3,13,3,0,0,14471,6.6,-5712,-4581,20.8,1447.1
0,3,9,3,1,0,15877,6.8,-1232,-659,23.4,1587.7,9,3,7,0,0,17109,7,1232,659,22.1,1710.9
0,9,8,8,0,0,16823,6.8,-1071,-1667,21.9,1682.3,8,9,10,1,0,17894,7.2,1071,1667,21,1789.4
1,5,5,4,1,0,16525,7,1262,413,23,1652.5,5,5,3,0,0,15263,7,-1262,-413,21.2,1526.3
1,2,5,2,1,0,15103,7,-1761,-881,24.6,1510.3,5,2,6,1,0,16864,7.4,1761,881,26.8,1686.4
1,1,4,1,0,0,14899,7,-420,138,22.8,1489.9,4,1,1,2,0,15319,6.8,420,-138,23.4,1531.9
1,7,5,7,0,0,16602,7,888,1005,21.1,1660.2,5,7,4,0,0,15714,7,-888,-1005,22.7,1571.4
0,4,11,3,0,0,14504,6.8,-3926,-1387,19.1,1450.4,11,4,11,0,0,18430,6.8,3926,1387,21.1,1843
1,10,6,10,0,0,17332,7,1711,1235,19.5,1733.2,6,10,3,0,0,15621,6.6,-1711,-1235,20.3,1562.1
1,7,11,8,0,0,16749,6.8,-2320,-1204,22.6,1674.9,11,7,12,2,0,19069,6.8,2320,1204,20.7,1906.9
1,6,8,5,1,0,16423,6.8,-1900,-1052,20.4,1642.3,8,6,10,1,0,18323,7,1900,1052,21.5,1832.3
0,4,8,1,0,0,15135,6.6,-1634,-1916,24,1513.5,8,4,7,0,0,16769,7.4,1634,1916,22,1676.9
1,7,5,5,0,0,16704,7,1002,-743,22.5,1670.4,5,7,8,2,0,15702,7.4,-1002,743,21.2,1570.2
1,10,6,14,1,0,17835,7,1568,1001,21.2,1783.5,6,10,7,0,0,16267,6.8,-1568,-1001,20.9,1626.7
0,6,8,4,0,0,15342,6.6,-1758,-2010,22.1,1534.2,8,6,10,1,0,17100,7,1758,2010,22.6,1710
0,6,8,5,1,0,16022,6.8,-3063,-1676,20.6,1602.2,8,6,12,1,0,19085,7.2,3063,1676,24,1908.5
0,6,8,10,1,0,15678,6.6,-1859,-1340,18.1,1567.8,8,6,6,0,0,17537,7.2,1859,1340,21.4,1753.7
0,7,11,6,0,0,16513,7,-1696,-1187,19.7,1651.3,11,7,12,1,0,18209,7.2,1696,1187,21.8,1820.9
0,7,7,10,0,0,16095,6.8,-986,-1163,22.8,1609.5,7,7,6,0,0,17081,7.2,986,1163,23.7,1708.1
0,5,3,5,0,0,15892,6.8,822,25,21.6,1589.2,3,5,3,2,0,15070,7.2,-822,-25,22.9,1507
1,7,9,6,0,0,16806,6.6,-369,-1242,21.8,1680.6,9,7,6,1,0,17175,7.2,369,1242,20,1717.5
1,8,3,8,0,0,16847,7.2,1255,2754,19.5,1684.7,3,8,2,0,0,15592,6.4,-1255,-2754,24.7,1559.2
1,5,4,3,0,0,16373,7.2,317,639,24.7,1637.3,4,5,1,1,0,16056,7.2,-317,-639,25.4,1605.6
0,1,9,2,0,0,13299,6.4,14,-4379,18.9,1329.9,9,1,6,1,0,16378,7.6,-14,4379,25.1,1637.8
1,9,6,6,1,0,18249,7,1909,-108,22.2,1824.9,6,9,10,0,0,16340,7,-1909,108,23.1,1634
1,6,4,9,0,0,16641,7.2,1446,446,21.3,1664.1,4,6,3,1,0,15195,7,-1446,-446,21.8,1519.5
1,5,4,7,1,0,16359,7,917,-90,21,1635.9,4,5,4,0,0,15442,7,-917,90,21.8,1544.2
1,7,3,4,1,0,16956,7,1712,1983,23.4,1695.6,3,7,5,1,0,15244,6.8,-1712,-1983,23.6,1524.4
1,7,4,9,0,0,16992,7,1582,1344,22.4,1699.2,4,7,6,1,0,15410,7,-1582,-1344,20.9,1541
0,5,12,4,0,0,16154,6.8,-2129,-2255,21.6,1615.4,12,5,12,0,0,18283,7.4,2129,2255,20.6,1828.3
1,13,4,13,2,0,19755,7.4,5240,-28,20.7,1975.5,4,13,2,0,0,14515,7,-5240,28,22,1451.5
1,4,2,4,0,0,16181,7,873,-52,26.1,1618.1,2,4,2,2,0,15308,7.2,-873,52,24.9,1530.8
0,4,8,6,0,0,15263,6.8,-2548,-2906,20.3,1526.3,8,4,14,1,0,17811,7.2,2548,2906,23.2,1781.1
0,10,5,9,1,0,18889,7.4,3136,2512,25.7,1888.9,5,10,6,0,0,15753,6.8,-3136,-2512,17.5,1575.3
1,8,2,10,1,0,19630,7.2,5082,2398,24.6,1963,2,8,2,0,0,14548,6.8,-5082,-2398,22.6,1454.8
1,4,10,1,0,0,16172,6.8,-1867,555,21.9,1617.2,10,4,6,0,0,18039,6.8,1867,-555,20.2,1803.9
0,7,7,6,0,0,17345,7,179,953,22.6,1734.5,7,7,5,0,0,17166,7,-179,-953,25.2,1716.6
1,10,5,15,0,0,17688,7.2,1937,2816,19.7,1768.8,5,10,4,0,0,15751,6.8,-1937,-2816,19.2,1575.1
0,1,3,1,0,0,14859,6.8,-520,-1073,22.5,1485.9,3,1,3,1,0,15379,7,520,1073,22.8,1537.9
1,9,4,15,1,0,18144,6.8,1834,281,22.4,1814.4,4,9,4,0,0,16310,7,-1834,-281,23.1,1631
0,5,4,6,0,0,16400,6.8,492,-1509,22.2,1640,4,5,6,1,0,15908,7.2,-492,1509,22,1590.8
0,2,4,3,0,0,14779,6.6,-1024,-571,21.4,1477.9,4,2,5,1,0,15803,7,1024,571,22.7,1580.3
0,5,3,5,1,0,16128,7,822,363,22.6,1612.8,3,5,5,0,0,15306,6.6,-822,-363,22.9,1530.6
1,6,4,14,2,0,16398,7.6,14,-28,23.5,1639.8,4,6,3,0,0,13934,7,-14,28,21.8,1393.4
1,2,4,3,0,0,14592,7,-2168,-1356,21.7,1459.2,4,2,7,1,0,16760,7.2,2168,1356,22.1,1676
1,8,6,11,0,0,17483,7.2,1232,-128,21.5,1748.3,6,8,7,0,0,16251,7.2,-1232,128,23.3,1625.1
0,4,10,5,0,0,16205,6.8,-3102,-2025,23.4,1620.5,10,4,12,1,0,19307,7.4,3102,2025,23.5,1930.7
1,8,9,6,0,0,18363,7.2,321,368,22.4,1836.3,9,8,12,0,0,18042,7,-321,-368,21.5,1804.2
1,9,8,6,1,0,18401,7,506,620,23.7,1840.1,8,9,13,0,0,17895,7,-506,-620,23.9,1789.5
1,6,5,5,0,0,16391,6.8,709,946,22.2,1639.1,5,6,6,0,0,15682,6.8,-709,-946,18.8,1568.2
1,7,3,7,1,0,16409,7.4,1261,2149,21.5,1640.9,3,7,4,0,0,15148,7,-1261,-2149,24.2,1514.8
1,8,3,5,0,0,16739,7.4,1630,1005,21.8,1673.9,3,8,3,0,0,15109,7,-1630,-1005,19.6,1510.9
1,4,6,5,0,0,15986,6.8,-46,-1226,21.2,1598.6,6,4,4,1,0,16032,7.2,46,1226,22.9,1603.2
0,3,4,4,1,0,14267,6.6,-1190,-762,18.6,1426.7,4,3,3,0,0,15457,7,1190,762,20.6,1545.7
0,2,5,4,1,0,14692,6.8,-1488,-572,22.6,1469.2,5,2,6,0,0,16180,6.8,1488,572,23.4,1618
0,6,6,4,0,0,17045,7.2,848,129,24.5,1704.5,6,6,8,0,0,16197,7,-848,-129,19.2,1619.7
0,1,7,0,0,0,13633,6.4,-5800,-3960,20.2,1363.3,7,1,15,1,0,19433,7.6,5800,3960,24.5,1943.3
0,11,11,13,0,0,18592,6.8,981,42,21.3,1859.2,11,11,13,1,0,17611,7,-981,-42,19.7,1761.1
1,4,6,5,0,0,15154,6.6,-2642,-1908,17,1515.4,6,4,7,1,0,17796,7.2,2642,1908,25.8,1779.6
0,4,7,6,0,0,16045,7,-794,-1320,22.9,1604.5,7,4,6,0,0,16839,7.2,794,1320,22.8,1683.9
1,8,8,8,1,0,17137,6.8,-718,-1666,19.5,1713.7,8,8,8,0,0,17855,7,718,1666,21.5,1785.5
0,4,7,5,1,0,14559,6.8,-1833,-2171,20,1455.9,7,4,4,0,0,16392,7.4,1833,2171,21.5,1639.2
0,2,5,2,0,0,14758,6.8,-1369,-1808,23.7,1475.8,5,2,2,1,0,16127,7.2,1369,1808,24.2,1612.7
0,9,6,11,0,0,18508,7.4,2625,1026,23.9,1850.8,6,9,3,1,0,15883,7,-2625,-1026,20.7,1588.3
0,3,12,5,0,0,15978,6.2,-2818,-3710,19.2,1597.8,12,3,11,1,0,18796,7.2,2818,3710,21.1,1879.6
1,8,5,9,0,0,17759,7.2,2450,216,23.2,1775.9,5,8,5,1,0,15309,6.8,-2450,-216,17.4,1530.9
1,8,2,10,1,0,18590,6.6,3618,1086,23.7,1859,2,8,1,0,0,14972,6.6,-3618,-1086,23.8,1497.2
0,9,9,4,1,0,16749,6.4,-645,-2890,17.2,1674.9,9,9,7,1,0,17394,7,645,2890,20.2,1739.4
1,7,2,8,0,0,17314,7.2,3307,1705,20.7,1731.4,2,7,3,2,0,14007,7,-3307,-1705,19.5,1400.7
1,11,12,12,1,0,18983,6.8,2457,255,21.1,1898.3,12,11,10,1,0,16526,7,-2457,-255,17.5,1652.6
0,6,9,6,0,0,16325,6.4,-852,-2912,19.9,1632.5,9,6,4,1,0,17177,7.2,852,2912,20.3,1717.7
0,3,8,2,0,0,14478,6.6,-2153,-2381,20.5,1447.8,8,3,8,2,0,16631,7.2,2153,2381,21.5,1663.1
0,2,11,2,1,0,14099,6.6,-3938,-2767,20.1,1409.9,11,2,8,0,0,18037,7.2,3938,2767,21.8,1803.7
0,4,7,6,2,0,16234,7,-449,-83,21.8,1623.4,7,4,5,0,0,16683,7.2,449,83,20.2,1668.3
0,7,11,5,1,0,17892,7.2,273,1428,20.5,1789.2,11,7,14,0,0,17619,6.8,-273,-1428,19.1,1761.9
0,7,5,6,1,0,16304,6.8,0,845,23,1630.4,5,7,8,0,0,16304,6.6,0,-845,23.4,1630.4
1,8,10,10,1,0,16688,6.8,-1198,-768,20.1,1668.8,10,8,14,1,0,17886,7.2,1198,768,20.9,1788.6
1,11,6,14,2,0,18894,6.8,3536,1244,20.1,1889.4,6,11,5,0,0,15358,6.6,-3536,-1244,18.7,1535.8
0,5,9,3,0,0,15761,6.8,-1632,-1461,20,1576.1,9,5,7,0,0,17393,7,1632,1461,21.2,1739.3
0,4,10,4,0,0,15028,6.8,-3472,-2256,20.7,1502.8,10,4,5,1,0,18500,7.4,3472,2256,23,1850
1,9,1,9,1,0,17239,7.2,3497,3543,23.2,1723.9,1,9,2,0,0,13742,6.4,-3497,-3543,22.3,1374.2
0,1,5,1,0,0,14181,6.8,-2489,-1271,23.4,1418.1,5,1,7,0,0,16670,7,2489,1271,25.3,1667
0,5,13,3,0,0,15557,6.6,-4197,-2772,19,1555.7,13,5,6,1,0,19754,7.2,4197,2772,22.8,1975.4
0,6,3,7,1,0,16067,6.4,841,-1456,21.8,1606.7,3,6,1,0,0,15226,7,-841,1456,24.6,1522.6
0,6,4,10,1,0,16386,6.6,742,-654,21.6,1638.6,4,6,3,0,0,15644,6.8,-742,654,25.5,1564.4
0,9,3,8,0,0,17997,7.6,3087,2543,21,1799.7,3,9,4,1,0,14910,7.2,-3087,-2543,22.5,1491
0,5,11,3,0,0,15961,6.6,-2066,3,19.9,1596.1,11,5,14,1,0,18027,6.8,2066,-3,20,1802.7
0,0,6,0,0,0,13395,6.8,-3275,-3254,20.7,1339.5,6,0,5,0,0,16670,7.2,3275,3254,25.7,1667
0,5,5,3,1,0,17048,7.2,1337,885,24.9,1704.8,5,5,4,0,0,15711,7,-1337,-885,19.9,1571.1
1,8,4,14,1,0,16924,6.6,1258,-124,19.4,1692.4,4,8,5,0,0,15666,6.8,-1258,124,22,1566.6
0,2,5,1,1,0,14902,7,-1186,-892,24.2,1490.2,5,2,6,0,0,16088,7,1186,892,21.5,1608.8
0,3,11,4,0,0,14341,6.6,-5295,-3863,18.4,1434.1,11,3,10,1,0,19636,7.6,5295,3863,26,1963.6
0,10,7,7,0,0,17984,7.2,2086,1202,22.9,1798.4,7,10,5,0,0,15898,6.8,-2086,-1202,18.9,1589.8
0,5,12,7,0,0,15893,6.8,-3909,-1904,20.2,1589.3,12,5,13,1,0,19802,7.2,3909,1904,22.8,1980.2
1,5,5,10,1,0,16138,6.6,-732,-813,20.8,1613.8,5,5,4,1,0,16870,6.8,732,813,21.8,1687
0,6,2,9,2,0,16260,6.8,1481,528,22.4,1626,2,6,5,0,0,14779,6.6,-1481,-528,19.5,1477.9
0,6,7,10,2,0,15931,7,-1613,-836,20.2,1593.1,7,6,10,0,0,17544,7.2,1613,836,21.7,1754.4
1,8,5,16,2,0,16693,6.4,2123,1219,18.7,1669.3,5,8,1,0,0,14570,6.2,-2123,-1219,17.2,1457
1,9,4,6,2,0,18200,7.2,2756,2028,24.7,1820,4,9,5,0,0,15444,7,-2756,-2028,20.8,1544.4
0,5,6,6,0,0,15771,6.8,-1091,-1990,23.7,1577.1,6,5,5,0,0,16862,7.2,1091,1990,22.6,1686.2
1,6,7,8,1,0,16682,6.8,-970,-482,19.7,1668.2,7,6,8,0,0,17652,7,970,482,22.7,1765.2
1,6,5,6,0,0,19074,6.6,3941,2200,19.1,1907.4,5,6,3,0,0,15133,6.6,-3941,-2200,19.9,1513.3
1,10,5,14,1,0,19052,7.2,3754,2642,22.6,1905.2,5,10,7,0,0,15298,6.8,-3754,-2642,21.5,1529.8
1,5,9,7,0,0,15220,6.4,-3679,-3273,17.4,1522,9,5,11,0,0,18899,7,3679,3273,26.6,1889.9
1,11,5,9,1,0,18604,7.4,2998,3108,21.4,1860.4,5,11,4,0,0,15606,7,-2998,-3108,20.3,1560.6
1,4,5,3,1,0,15131,6.8,-735,46,22.3,1513.1,5,4,5,0,0,15866,7,735,-46,22.1,1586.6
0,1,11,1,0,0,12789,6.4,14,-28,15.7,1278.9,11,1,13,1,0,19259,7.4,-14,28,25.6,1925.9
0,9,8,10,1,0,17586,7.2,319,1558,22.7,1758.6,8,9,6,0,0,17267,6.8,-319,-1558,23.2,1726.7
1,8,8,7,0,0,16072,6.6,-1247,-835,21.4,1607.2,8,8,12,1,0,17319,6.6,1247,835,22.9,1731.9
1,8,5,8,1,0,17473,7,1179,-736,22.8,1747.3,5,8,5,0,0,16294,7.4,-1179,736,22.5,1629.4
0,5,6,4,0,0,15693,6.8,-1285,-2097,23,1569.3,6,5,7,2,0,16978,7.4,1285,2097,23.6,1697.8
1,4,3,5,0,0,16079,7,752,1388,22.1,1607.9,3,4,5,1,0,15327,6.6,-752,-1388,22.3,1532.7
1,8,5,8,0,0,17109,7.2,2006,2256,24.7,1710.9,5,8,7,0,0,15103,6.6,-2006,-2256,20,1510.3
1,6,5,9,0,0,15890,6.6,-902,-1082,17,1589,5,6,5,0,0,16792,7,902,1082,22.7,1679.2
1,7,6,11,2,0,17410,7.2,1590,971,23.9,1741,6,7,8,0,0,15820,7,-1590,-971,21.6,1582
1,9,5,8,1,0,17491,7.2,2599,3321,21.6,1749.1,5,9,3,0,0,14892,6.4,-2599,-3321,18.9,1489.2
1,8,1,9,1,0,17887,7.2,4590,3681,22.1,1788.7,1,8,1,0,0,13297,6.4,-4590,-3681,21.3,1329.7
0,7,4,5,1,0,17030,7.2,1207,1638,25,1703,4,7,8,0,0,15823,7,-1207,-1638,23.4,1582.3
0,4,3,3,1,0,15762,7.2,229,398,24,1576.2,3,4,4,0,0,15533,7.2,-229,-398,23.9,1553.3
0,3,5,2,1,0,14444,6.4,-1501,-878,23.1,1444.4,5,3,4,0,0,15945,7,1501,878,21.5,1594.5
1,13,7,14,0,0,20294,7,3903,1239,21.6,2029.4,7,13,5,0,0,16391,6.8,-3903,-1239,17.1,1639.1
1,7,3,7,0,0,16592,7,1709,880,22,1659.2,3,7,1,1,0,14883,7.2,-1709,-880,20.3,1488.3
0,5,5,7,1,0,16291,6.8,-699,-580,21.1,1629.1,5,5,3,1,0,16990,6.8,699,580,21.8,1699
0,2,7,1,0,0,14639,6.6,-2862,-3209,22.2,1463.9,7,2,12,1,0,17501,7.6,2862,3209,23.7,1750.1
1,7,8,5,0,0,16447,7.4,-1422,345,21.5,1644.7,8,7,10,1,0,17869,7.2,1422,-345,24.4,1786.9
1,7,6,9,1,0,16147,6.6,-666,-290,20.1,1614.7,6,7,7,0,0,16813,7.2,666,290,21.7,1681.3
1,3,2,4,0,0,15751,7,991,1570,25.2,1575.1,2,3,2,0,0,14760,6.8,-991,-1570,22.2,1476
0,1,8,1,0,0,14742,6.8,-2177,-2726,21.9,1474.2,8,1,15,2,0,16919,7.2,2177,2726,19.7,1691.9
1,6,6,12,1,0,16618,6.8,1354,1326,19.2,1661.8,6,6,12,0,0,15264,6.6,-1354,-1326,20.3,1526.4
0,9,6,7,0,0,17492,7.2,-1988,-616,18.9,1749.2,6,9,6,2,0,19480,7.4,1988,616,20.4,1948
1,11,3,13,1,0,18208,7.4,3199,2629,21.9,1820.8,3,11,2,0,0,15009,6.8,-3199,-2629,20.9,1500.9
1,3,3,2,1,0,15584,6.8,639,-470,23,1558.4,3,3,2,1,0,14945,7,-639,470,21.5,1494.5
1,8,4,11,2,0,17094,6.8,1509,-543,20.2,1709.4,4,8,4,0,0,15585,7,-1509,543,22,1558.5
0,6,7,8,1,0,15307,6.4,-660,-922,17.5,1530.7,7,6,12,0,0,15967,6.4,660,922,17.1,1596.7
0,1,8,2,0,0,13880,6.2,-3063,-2326,19.1,1388,8,1,9,1,0,16943,6.8,3063,2326,18.7,1694.3
1,4,8,4,0,0,16059,7,-1521,-2185,22.1,1605.9,8,4,14,1,0,17580,7.4,1521,2185,24.6,1758
0,2,6,3,1,0,15471,7.2,-814,1199,22.8,1547.1,6,2,10,0,0,16285,6.8,814,-1199,22.5,1628.5
1,12,8,6,1,0,19198,6.6,3024,2225,19.9,1919.8,8,12,15,0,0,16174,6.4,-3024,-2225,17.6,1617.4
1,8,10,7,1,0,16576,7,-1147,-1294,22.6,1657.6,10,8,11,0,0,17723,7.2,1147,1294,21,1772.3
1,3,3,3,1,0,16076,7,1113,1392,23.8,1607.6,3,3,2,1,0,14963,6.6,-1113,-1392,18.5,1496.3
1,6,4,7,0,0,16041,6.8,550,1023,22.3,1604.1,4,6,5,1,0,15491,6.6,-550,-1023,21.4,1549.1
0,4,3,8,1,0,15714,7,589,675,23,1571.4,3,4,6,1,0,15125,6.8,-589,-675,19.9,1512.5
0,4,14,4,1,0,14608,7,14,-4460,18.8,1460.8,14,4,15,1,0,16378,7.4,-14,4460,21.8,1637.8
0,3,5,3,0,0,15001,7,-685,-1871,21.8,1500.1,5,3,2,1,0,15686,7.2,685,1871,21.4,1568.6
0,5,7,5,0,0,14459,6.4,-2251,-2427,18.2,1445.9,7,5,10,1,0,16710,6.8,2251,2427,19.8,1671
0,3,2,5,1,0,14783,6.6,401,95,20.5,1478.3,2,3,4,1,0,14382,6.8,-401,-95,20.9,1438.2
0,3,4,2,0,0,15211,6.8,-834,-1333,23.4,1521.1,4,3,2,1,0,16045,7.4,834,1333,21.7,1604.5
0,6,8,4,0,0,15589,6.6,-1535,-2054,18.1,1558.9,8,6,10,1,0,17124,7,1535,2054,21,1712.4
0,4,9,1,1,0,16223,6.8,-2086,-1696,22.2,1622.3,9,4,8,0,0,18309,7,2086,1696,22.8,1830.9
1,7,7,6,1,0,16375,7.2,-270,-1095,21.7,1637.5,7,7,4,1,0,16645,7.4,270,1095,20.9,1664.5
1,11,1,6,1,0,18190,7.6,4069,3954,22.5,1819,1,11,1,0,0,14121,6.6,-4069,-3954,22.4,1412.1
0,8,7,7,1,0,19120,7,2171,1375,24.8,1912,7,8,7,1,0,16949,7,-2171,-1375,21.7,1694.9
0,3,7,2,1,0,16532,6.8,151,878,24.5,1653.2,7,3,9,1,0,16381,7,-151,-878,21.5,1638.1
0,8,3,4,1,0,19224,7.6,4674,2219,22.5,1922.4,3,8,4,1,0,14550,7,-4674,-2219,18.9,1455
0,1,2,1,0,0,13993,6.6,-961,-1080,21.3,1399.3,2,1,2,1,0,14954,7,961,1080,23.5,1495.4
1,4,6,8,0,0,15235,6.8,-1089,378,20.8,1523.5,6,4,8,1,0,16324,6.6,1089,-378,20.8,1632.4
1,12,6,12,0,0,17839,7,1278,816,15.8,1783.9,6,12,2,0,0,16561,7,-1278,-816,20,1656.1
1,6,1,8,0,0,16932,7.4,2545,1922,24.3,1693.2,1,6,1,0,0,14387,6.8,-2545,-1922,24,1438.7
1,6,11,7,1,0,15990,6.4,-1800,-1035,19.1,1599,11,6,11,0,0,17790,7,1800,1035,21.7,1779
0,8,6,15,1,0,16501,6.2,-383,-667,19,1650.1,6,8,9,0,0,16884,6.6,383,667,22.9,1688.4
1,4,8,4,1,0,16193,7.4,-420,1215,22.5,1619.3,8,4,8,0,0,16613,7.2,420,-1215,20.7,1661.3
0,3,3,3,0,0,14696,6.2,-1033,-1797,18.5,1469.6,3,3,5,0,0,15729,6.8,1033,1797,21.7,1572.9
0,2,5,1,1,0,13980,6.8,-1860,-1622,22.1,1398,5,2,7,0,0,15840,7.2,1860,1622,21,1584
0,4,3,5,0,0,15132,6.8,-1487,-473,19.7,1513.2,3,4,4,0,0,16619,7,1487,473,23.5,1661.9
0,5,9,8,1,0,14927,6.6,-3214,-2318,19.4,1492.7,9,5,11,1,0,18141,7,3214,2318,23.9,1814.1
0,6,8,10,0,0,17394,7,-14,-776,21.3,1739.4,8,6,8,2,0,17408,7.2,14,776,21.5,1740.8
0,3,4,2,0,0,14961,7,33,817,23,1496.1,4,3,3,1,0,14928,7,-33,-817,19.1,1492.8
0,5,8,3,1,0,15256,6.6,-1857,-2651,19.2,1525.6,8,5,10,0,0,17113,7.4,1857,2651,20.9,1711.3
0,5,9,2,1,0,16235,7.2,-1126,-601,21.3,1623.5,9,5,6,1,0,17361,7.2,1126,601,23,1736.1
0,6,11,9,0,0,15536,6.4,-4562,-3519,17.9,1553.6,11,6,14,2,0,20098,7.2,4562,3519,22.6,2009.8
1,6,6,14,1,0,16805,7,11,64,23,1680.5,6,6,7,0,0,16794,7.2,-11,-64,22.3,1679.4
0,4,10,5,0,0,15684,6.6,-2797,-2649,24,1568.4,10,4,9,1,0,18481,7.4,2797,2649,22,1848.1
0,10,10,14,0,0,17207,6.8,519,-748,17.9,1720.7,10,10,5,0,0,16688,7.2,-519,748,18.8,1668.8
1,8,6,12,0,0,17106,7,1192,779,20.6,1710.6,6,8,9,0,0,15914,6.8,-1192,-779,21.7,1591.4
1,5,1,6,1,0,18002,7.2,3761,2092,25.4,1800.2,1,5,1,0,0,14241,6.8,-3761,-2092,24.8,1424.1
0,5,3,9,0,0,16725,7,1279,384,22.8,1672.5,3,5,1,1,0,15446,7,-1279,-384,25.1,1544.6
0,7,7,15,0,0,17045,7,-883,-1495,21.4,1704.5,7,7,7,0,0,17928,7.2,883,1495,25,1792.8
0,2,12,3,1,0,13902,6.6,-4535,-3079,17.3,1390.2,12,2,10,0,0,18437,7.2,4535,3079,24,1843.7
1,13,4,12,1,0,16398,7.4,14,-28,26.3,1639.8,4,13,5,1,0,14744,6.2,-14,28,16.8,1474.4
0,3,5,3,0,0,15673,7.2,-546,760,23.4,1567.3,5,3,3,2,0,16219,6.8,546,-760,23.7,1621.9
0,4,12,4,0,0,14958,6.2,-4917,-4426,19.2,1495.8,12,4,9,0,0,19875,7.4,4917,4426,24.1,1987.5
1,10,0,8,0,0,18408,7.4,5041,3633,24.3,1840.8,0,10,0,0,0,13367,6.6,-5041,-3633,20.2,1336.7
1,7,5,2,1,0,17247,7.2,2152,2575,24.9,1724.7,5,7,7,0,0,15095,6.8,-2152,-2575,17.8,1509.5
1,9,6,10,1,0,17590,7.2,1783,2066,20,1759,6,9,6,0,0,15807,6.8,-1783,-2066,18.3,1580.7
1,9,8,8,1,0,17657,7.2,545,1033,22.7,1765.7,8,9,9,1,0,17112,7,-545,-1033,19.8,1711.2
0,2,10,3,0,0,14094,6.2,-5521,-3591,19.7,1409.4,10,2,14,1,0,19615,7.4,5521,3591,25.8,1961.5
1,3,4,1,0,0,14629,6.8,-1623,-951,18.4,1462.9,4,3,7,2,0,16252,7,1623,951,24.3,1625.2
0,1,8,0,0,0,12791,6.6,-4684,-3216,17.3,1279.1,8,1,3,1,0,17475,7.2,4684,3216,23.9,1747.5
0,6,5,7,0,0,16879,7.4,-29,1014,20.3,1687.9,5,6,7,2,0,16908,7,29,-1014,24.9,1690.8
1,5,7,5,0,0,16005,6.8,-1313,-1424,21.8,1600.5,7,5,8,0,0,17318,7,1313,1424,23.9,1731.8
1,12,5,10,0,0,18876,7,3210,3591,21.8,1887.6,5,12,6,0,0,15666,7,-3210,-3591,18.4,1566.6
1,14,4,13,0,0,20319,7.2,5774,2869,21.6,2031.9,4,14,1,0,0,14545,6.4,-5774,-2869,21.8,1454.5
0,12,12,6,2,0,19975,7.4,1843,518,21.3,1997.5,12,12,9,0,0,18132,7.2,-1843,-518,18.3,1813.2
0,2,3,4,0,0,13761,6.6,-1400,-2239,18.7,1376.1,3,2,1,1,0,15161,7,1400,2239,24.7,1516.1
1,7,5,8,1,0,16940,7,1995,345,23.8,1694,5,7,4,1,0,14945,7.2,-1995,-345,19.3,1494.5
0,3,8,2,0,0,14585,6.6,-1321,-274,22.5,1458.5,8,3,4,2,0,15906,6.8,1321,274,18.5,1590.6
0,7,4,7,1,0,16806,6.8,1904,892,21.7,1680.6,4,7,4,0,0,14902,6.4,-1904,-892,20,1490.2
0,5,5,5,1,0,15371,6.8,-612,-1300,22.4,1537.1,5,5,7,0,0,15983,7.2,612,1300,19.4,1598.3
1,12,9,8,0,0,18086,6.8,1030,705,19,1808.6,9,12,9,0,0,17056,6.6,-1030,-705,17.4,1705.6
0,4,12,5,0,0,14246,6.4,-5112,-2602,18.9,1424.6,12,4,6,1,0,19358,7,5112,2602,20,1935.8
0,4,7,4,0,0,15220,6.4,-2475,-2226,23.6,1522,7,4,9,0,0,17695,7.2,2475,2226,24.7,1769.5
1,5,3,4,1,0,16448,7.2,1619,1470,24.5,1644.8,3,5,3,1,0,14829,6.8,-1619,-1470,20.9,1482.9
1,8,6,6,0,0,16947,7,-538,1677,18.4,1694.7,6,8,8,2,0,17485,6.8,538,-1677,19.8,1748.5
1,2,3,1,1,0,14516,6.8,-1558,-1472,22.9,1451.6,3,2,3,0,0,16074,7,1558,1472,25.5,1607.4
0,4,6,2,1,0,14933,6.6,-2781,-2752,19,1493.3,6,4,8,1,0,17714,7.2,2781,2752,20.4,1771.4
1,9,5,6,0,0,17795,7,1642,878,22,1779.5,5,9,5,1,0,16153,6.8,-1642,-878,21.6,1615.3
1,5,8,7,1,0,16137,6.6,-80,-155,21.9,1613.7,8,5,9,1,0,16217,7,80,155,20.5,1621.7
0,6,7,8,1,0,15390,6.8,-1423,-1150,19.4,1539,7,6,3,0,0,16813,7.2,1423,1150,21.8,1681.3
0,3,11,3,0,0,13998,6.4,-4911,-2529,17.1,1399.8,11,3,13,1,0,18909,7.4,4911,2529,23.6,1890.9
0,6,12,7,1,0,16203,6.4,-2787,-1507,20.3,1620.3,12,6,6,1,0,18990,7,2787,1507,20.9,1899
1,2,0,2,1,0,15081,6.6,865,-933,24,1508.1,0,2,0,0,0,14216,6.8,-865,933,25.2,1421.6
1,4,2,5,0,0,16161,6.8,901,-1138,23,1616.1,2,4,3,1,0,15260,7,-901,1138,24.6,1526
0,4,9,5,1,0,15664,6.8,-2078,-188,20.8,1566.4,9,4,10,1,0,17742,7,2078,188,21.4,1774.2
0,9,9,9,0,0,16896,7,-1603,-2388,18.7,1689.6,9,9,12,1,0,18499,7.2,1603,2388,25,1849.9
1,6,6,6,1,0,16398,7.8,14,-28,25.1,1639.8,6,6,8,0,0,15761,6.4,-14,28,17.7,1576.1
0,5,11,7,1,0,15285,6.6,-2302,-1871,18.5,1528.5,11,5,14,1,0,17587,6.8,2302,1871,16.5,1758.7
0,3,7,4,0,0,14584,6.8,-2543,-1202,22,1458.4,7,3,7,1,0,17127,7,2543,1202,25.8,1712.7
0,3,8,3,0,0,15206,6.8,-1711,-1201,20.5,1520.6,8,3,11,1,0,16917,7,1711,1201,21.7,1691.7
0,1,7,1,0,0,13745,6.6,-3426,-997,19.8,1374.5,7,1,9,1,0,17171,7,3426,997,21.2,1717.1
1,4,1,3,0,0,16210,6.8,1169,564,26.1,1621,1,4,1,1,0,15041,7,-1169,-564,23.2,1504.1
1,6,3,6,1,0,16498,7.2,1857,1385,23.3,1649.8,3,6,4,0,0,14641,7,-1857,-1385,20.4,1464.1
1,5,7,6,0,0,15778,6.8,-1829,-1429,23.5,1577.8,7,5,3,1,0,17607,6.8,1829,1429,24.4,1760.7
0,3,9,5,0,0,14347,6.4,-3221,-2950,18.2,1434.7,9,3,14,1,0,17568,7.2,3221,2950,19.2,1756.8
1,7,10,4,0,0,16663,6.8,-1514,-1142,21.4,1666.3,10,7,6,1,0,18177,7,1514,1142,21.7,1817.7
0,4,5,6,0,0,16580,7.6,409,2037,23.6,1658,5,4,6,0,0,16171,7,-409,-2037,21.1,1617.1
1,6,1,7,1,0,16036,6.8,2083,1282,20,1603.6,1,6,2,0,0,13953,6.8,-2083,-1282,22.1,1395.3
0,2,4,4,0,0,13298,6.6,-3826,-2595,19.2,1329.8,4,2,5,1,0,17124,7.2,3826,2595,25,1712.4
1,9,5,8,0,0,16959,7.2,1788,1922,19.9,1695.9,5,9,2,0,0,15171,6.6,-1788,-1922,18.7,1517.1
1,11,4,12,0,0,18173,7,3036,1949,21.8,1817.3,4,11,4,0,0,15137,6.8,-3036,-1949,20.3,1513.7
1,5,5,5,2,0,16122,7.2,-221,1274,23.6,1612.2,5,5,7,0,0,16343,7,221,-1274,22.5,1634.3
1,5,4,5,1,0,16582,6.8,380,-239,21.6,1658.2,4,5,6,1,0,16202,6.8,-380,239,24.6,1620.2
0,5,13,3,0,0,15126,6.8,-4864,-2252,20.6,1512.6,13,5,11,0,0,19990,7.4,4864,2252,21.7,1999
1,11,4,9,1,0,17666,7.4,2405,3251,21.8,1766.6,4,11,4,1,0,15261,6.6,-2405,-3251,20.4,1526.1
1,6,10,7,0,0,16172,6.4,-1260,-2264,19.1,1617.2,10,6,12,1,0,17432,6.8,1260,2264,20.7,1743.2
1,7,9,3,0,0,15609,6.8,-2569,-2934,18.2,1560.9,9,7,9,0,0,18178,7.6,2569,2934,21.2,1817.8
0,5,7,8,1,0,15897,7.2,-503,-896,21.6,1589.7,7,5,7,0,0,16400,7,503,896,22.5,1640
1,8,1,12,0,0,18810,7,5189,2522,26.1,1881,1,8,1,1,0,13621,6.6,-5189,-2522,19.4,1362.1
0,3,4,2,1,0,15759,7,-183,-779,24.5,1575.9,4,3,3,1,0,15942,7.4,183,779,23,1594.2
1,5,4,6,0,0,15411,7,-43,-152,21.5,1541.1,4,5,3,0,0,15454,7,43,152,22.4,1545.4
1,8,10,10,1,0,16526,7,-2720,-2680,17.4,1652.6,10,8,7,0,0,19246,7.6,2720,2680,23.9,1924.6
0,11,4,8,1,0,17781,7.2,2359,1828,22.5,1778.1,4,11,3,0,0,15422,6.8,-2359,-1828,21.5,1542.2
1,13,4,6,1,0,20028,7,4887,2100,21.3,2002.8,4,13,2,0,0,15141,6.6,-4887,-2100,20.7,1514.1
1,10,2,7,1,0,18725,7.2,4073,1397,24.8,1872.5,2,10,1,0,0,14652,6.8,-4073,-1397,22.5,1465.2
0,3,5,6,0,0,15365,6.8,-1519,-1284,21.6,1536.5,5,3,5,0,0,16884,7.4,1519,1284,24.5,1688.4
0,5,6,4,0,0,15727,6.8,-4245,-3455,19.8,1572.7,6,5,6,0,0,19972,7.4,4245,3455,22.7,1997.2
0,3,6,3,0,0,15541,7,-376,-71,23.6,1554.1,6,3,5,1,0,15917,7,376,71,22.6,1591.7
0,2,8,1,0,0,14183,7,-4625,-1753,22.1,1418.3,8,2,12,1,0,18808,7,4625,1753,24.8,1880.8
1,8,6,7,1,0,17135,7.6,1247,2354,21.6,1713.5,6,8,9,0,0,15888,6.8,-1247,-2354,19.6,1588.8
1,5,0,4,0,0,16637,7,2712,1161,25,1663.7,0,5,0,1,0,13925,7,-2712,-1161,21.5,1392.5
1,4,7,6,1,0,15536,6.6,-1972,-1064,23.4,1553.6,7,4,14,1,0,17508,7,1972,1064,22.3,1750.8
0,5,14,7,0,0,15755,6.4,-4136,-3444,20.3,1575.5,14,5,12,1,0,19891,7.4,4136,3444,22.2,1989.1
0,5,5,2,1,0,15795,7.2,187,1356,20.1,1579.5,5,5,3,0,0,15608,7,-187,-1356,20.4,1560.8
0,2,6,2,1,0,13590,6.6,-3089,-1857,17,1359,6,2,6,0,0,16679,6.8,3089,1857,21.5,1667.9
0,4,5,6,1,0,16260,6.8,266,-282,22.5,1626,5,4,10,1,0,15994,7.2,-266,282,22.4,1599.4
0,6,5,13,0,0,15859,6.8,-947,-2043,20.9,1585.9,5,6,6,0,0,16806,6.8,947,2043,21.8,1680.6
1,11,1,12,1,0,18137,7,4177,2615,20.7,1813.7,1,11,0,0,0,13960,6.4,-4177,-2615,20.5,1396
1,8,4,14,1,0,17451,6.8,2470,1058,21,1745.1,4,8,3,0,0,14981,6.6,-2470,-1058,21.9,1498.1
1,5,4,5,0,0,15679,6.6,812,237,22.4,1567.9,4,5,7,0,0,14867,6.4,-812,-237,22,1486.7
0,9,7,8,1,0,18502,7.2,2010,2112,21.2,1850.2,7,9,11,1,0,16492,6.6,-2010,-2112,19.4,1649.2
1,4,3,5,1,0,15120,6.8,938,2052,21.8,1512,3,4,3,0,0,14182,7,-938,-2052,17.8,1418.2
0,5,9,4,1,0,15539,6.4,-1337,-1246,16.3,1553.9,9,5,9,0,0,16876,7,1337,1246,19,1687.6
0,3,6,2,1,0,13879,6.6,-2967,-3336,21.8,1387.9,6,3,2,0,0,16846,7.2,2967,3336,22.3,1684.6
0,6,9,4,0,0,15640,7,-1567,-232,19.5,1564,9,6,13,1,0,17207,7,1567,232,21.6,1720.7
1,9,4,9,0,0,18738,7,3660,577,24.6,1873.8,4,9,5,1,0,15078,6.8,-3660,-577,19.6,1507.8
0,8,3,13,0,0,18509,7,3602,274,27,1850.9,3,8,3,1,0,14907,7,-3602,-274,21.7,1490.7
1,3,5,5,0,0,15441,7,329,601,22.6,1544.1,5,3,3,2,0,15112,6.8,-329,-601,20.3,1511.2
1,5,4,6,0,0,15887,6.8,231,-446,20.1,1588.7,4,5,4,0,0,15656,6.4,-231,446,21,1565.6
1,7,2,5,1,0,16242,7,2156,2101,21.8,1624.2,2,7,3,0,0,14086,6.4,-2156,-2101,21.2,1408.6
0,4,0,5,1,0,15714,7,1378,-144,21,1571.4,0,4,0,1,0,14336,6.8,-1378,144,25.9,1433.6
0,3,4,1,0,0,15087,7,-523,-224,25,1508.7,4,3,7,0,0,15610,6.8,523,224,20.3,1561
0,7,6,4,1,0,16680,6.8,-72,-118,19.6,1668,6,7,5,0,0,16752,7,72,118,22.3,1675.2
1,8,13,8,0,0,17639,6.6,-887,-501,19.4,1763.9,13,8,6,1,0,18526,6.8,887,501,19.8,1852.6
1,9,7,16,0,0,18000,7,796,290,20.4,1800,7,9,6,0,0,17204,6.8,-796,-290,18.7,1720.4
0,2,7,3,0,0,13443,6.4,-3241,-2297,19.2,1344.3,7,2,3,2,0,16684,6.8,3241,2297,21.7,1668.4
0,10,8,6,0,0,18121,7.4,833,-523,23,1812.1,8,10,7,2,0,17288,7.2,-833,523,21.7,1728.8
1,3,9,2,1,0,14765,6.4,-2462,-558,20,1476.5,9,3,15,0,0,17227,6.8,2462,558,20.5,1722.7
1,8,12,7,2,0,17474,7.2,-2112,-582,22.6,1747.4,12,8,14,0,0,19586,7.2,2112,582,22.3,1958.6
1,12,5,6,2,0,20176,7,4634,2354,21.8,2017.6,5,12,3,0,0,15542,6.6,-4634,-2354,21.7,1554.2
1,9,3,6,0,0,19574,7.6,4279,3408,23.7,1957.4,3,9,6,0,0,15295,6.8,-4279,-3408,23.4,1529.5
0,5,7,4,0,0,15866,6.6,-635,-2299,22.2,1586.6,7,5,5,1,0,16501,7.2,635,2299,21.5,1650.1
1,12,5,8,0,0,19313,7.8,4185,3858,23.7,1931.3,5,12,2,0,0,15128,7.2,-4185,-3858,18.2,1512.8
0,2,5,1,0,0,15125,6.8,-1770,-1069,24.1,1512.5,5,2,5,0,0,16895,7,1770,1069,25,1689.5
0,6,6,4,0,0,16485,7.2,-750,-906,22,1648.5,6,6,6,1,0,17235,7.4,750,906,24.2,1723.5
0,2,5,1,1,0,14815,7,-931,1384,23.3,1481.5,5,2,4,0,0,15746,6.6,931,-1384,20.9,1574.6
1,4,5,4,0,0,15176,6.6,-676,359,22.7,1517.6,5,4,6,2,0,15852,6.8,676,-359,22.5,1585.2
0,1,10,0,1,0,13589,6.6,-5793,-4650,20.7,1358.9,10,1,12,1,0,19382,7.8,5793,4650,25,1938.2
1,7,4,11,0,0,17012,7,1595,-63,22.6,1701.2,4,7,3,1,0,15417,6.8,-1595,63,23,1541.7
1,5,2,7,1,0,17126,6.8,1936,448,24.8,1712.6,2,5,2,0,0,15190,6.8,-1936,-448,23,1519
0,4,9,4,0,0,15102,6.8,-2173,-2274,21.4,1510.2,9,4,9,1,0,17275,7.4,2173,2274,21.2,1727.5
1,8,5,16,1,0,17338,7,1554,727,21.4,1733.8,5,8,6,0,0,15784,6.6,-1554,-727,23.9,1578.4
1,5,4,6,1,0,17402,7.4,2067,2098,24.6,1740.2,4,5,4,1,0,15335,7,-2067,-2098,23,1533.5
0,2,5,2,1,0,14514,7,-1386,-450,21.1,1451.4,5,2,1,0,0,15900,6.8,1386,450,24.2,1590
1,9,2,13,1,0,18442,7,4401,2408,25.6,1844.2,2,9,5,0,0,14041,6.6,-4401,-2408,19.3,1404.1
0,1,2,2,0,0,15231,7,-13,-378,26.2,1523.1,2,1,3,1,0,15244,7,13,378,23.2,1524.4
0,6,6,4,0,0,17328,7.2,1336,1171,24.5,1732.8,6,6,5,2,0,15992,7.2,-1336,-1171,22.4,1599.2
0,10,8,12,0,0,17767,7.4,163,-368,19.4,1776.7,8,10,13,0,0,17604,7,-163,368,21.1,1760.4
0,3,3,5,0,0,15389,6.8,-1930,-1452,23.1,1538.9,3,3,4,2,0,17319,7.2,1930,1452,27.6,1731.9
0,3,7,4,0,0,15298,6.8,-960,-1574,22.3,1529.8,7,3,4,1,0,16258,7.2,960,1574,24,1625.8
0,5,6,5,0,0,17659,7,2021,-274,22.5,1765.9,6,5,7,1,0,15638,7,-2021,274,19.6,1563.8
1,6,4,8,0,0,17201,7.2,1820,1893,23.9,1720.1,4,6,5,1,0,15381,7,-1820,-1893,21.9,1538.1
0,2,3,2,0,0,15656,6.8,265,682,24,1565.6,3,2,6,2,0,15391,6.6,-265,-682,20.1,1539.1
0,6,6,10,0,0,16889,6.8,505,-255,24,1688.9,6,6,6,1,0,16384,7,-505,255,23,1638.4
1,11,6,13,1,0,18520,7.2,2413,2181,20.4,1852,6,11,8,0,0,16107,6.6,-2413,-2181,20.6,1610.7
0,3,6,4,0,0,14564,6.6,-1966,-1998,20.9,1456.4,6,3,8,1,0,16530,7,1966,1998,22,1653
0,5,4,6,2,0,16635,7,799,239,21.7,1663.5,4,5,9,0,0,15836,6.8,-799,-239,24,1583.6
0,4,9,2,1,0,15230,6.6,-2169,-1630,19.2,1523,9,4,7,0,0,17399,7.2,2169,1630,21.8,1739.9
1,2,8,1,1,0,14906,6.8,-2361,-1663,22.9,1490.6,8,2,10,1,0,17267,7,2361,1663,23,1726.7
1,8,3,9,2,0,17706,6.8,3588,1289,22.1,1770.6,3,8,4,0,0,14118,6.6,-3588,-1289,19,1411.8
1,4,4,4,1,0,16238,7,-348,-11,23.4,1623.8,4,4,3,1,0,16586,7,348,11,23.6,1658.6
0,5,4,5,1,0,16221,7,1457,1939,24.1,1622.1,4,5,9,0,0,14764,6.6,-1457,-1939,20.5,1476.4
1,6,7,7,1,0,16564,7,-850,-256,22.2,1656.4,7,6,7,1,0,17414,7,850,256,20.1,1741.4
0,2,13,2,0,0,14712,6.2,-4016,-3206,20.2,1471.2,13,2,6,1,0,18728,7,4016,3206,25.3,1872.8
1,7,6,5,0,0,17042,7.6,1264,2805,18.9,1704.2,6,7,4,2,0,15778,6.8,-1264,-2805,22.5,1577.8
1,10,2,11,0,0,18104,7.4,4142,2934,20.1,1810.4,2,10,1,0,0,13962,6.6,-4142,-2934,17.6,1396.2
0,3,4,3,0,0,15128,6.8,-279,577,21.5,1512.8,4,3,5,1,0,15407,7,279,-577,24.4,1540.7
1,7,4,5,1,0,17773,7,2521,2240,26.2,1777.3,4,7,4,0,0,15252,6.6,-2521,-2240,19.7,1525.2
1,7,5,5,1,0,17263,7.4,715,-69,23.7,1726.3,5,7,5,0,0,16548,7.6,-715,69,23.1,1654.8
1,8,7,5,1,0,17325,7,744,1657,24.6,1732.5,7,8,6,1,0,16581,6.8,-744,-1657,21.6,1658.1
1,13,5,9,0,0,19195,7.2,2818,1675,20.5,1919.5,5,13,4,0,0,16377,7,-2818,-1675,20,1637.7
1,3,2,1,1,0,16246,7.2,2679,3685,25.3,1624.6,2,3,2,1,0,13567,6.6,-2679,-3685,16.9,1356.7
1,7,9,10,1,0,16570,7,-1262,-769,20.6,1657,9,7,14,0,0,17832,7,1262,769,23.1,1783.2
1,5,2,5,1,0,15790,7.2,1074,1004,21.6,1579,2,5,1,0,0,14716,7,-1074,-1004,21.1,1471.6
0,6,9,6,0,0,16598,6.8,-1814,-946,19.6,1659.8,9,6,13,1,0,18412,6.8,1814,946,23.1,1841.2
1,12,4,5,1,0,20018,7.6,14,4212,22.6,2001.8,4,12,0,1,0,13529,6.6,-14,-4212,17.2,1352.9
1,9,6,8,1,0,17797,7.2,2094,2788,22,1779.7,6,9,8,0,0,15703,6.8,-2094,-2788,20.3,1570.3
1,7,6,7,0,0,16160,6.8,-106,-62,20.6,1616,6,7,5,0,0,16266,6.8,106,62,22.9,1626.6
0,1,11,1,0,0,12926,6.2,14,-28,16.4,1292.6,11,1,12,2,0,16378,7.4,-14,28,25.4,1637.8
1,2,4,2,1,0,14922,7.2,-1316,-1111,22.7,1492.2,4,2,1,0,0,16238,6.8,1316,1111,24.7,1623.8
1,11,9,5,0,0,18702,7.4,1713,1791,23.4,1870.2,9,11,6,0,0,16989,6.6,-1713,-1791,17.9,1698.9
0,7,4,5,2,0,17111,7,1318,764,23.1,1711.1,4,7,4,0,0,15793,6.8,-1318,-764,22.6,1579.3
1,11,10,8,1,0,18762,7,1378,1187,20.2,1876.2,10,11,6,0,0,17384,7,-1378,-1187,21.2,1738.4
0,6,8,3,0,0,16386,7,-610,514,20.7,1638.6,8,6,11,1,0,16996,7,610,-514,21.1,1699.6
1,7,7,8,0,0,15887,6.8,-560,-1443,17.1,1588.7,7,7,3,0,0,16447,7,560,1443,20.9,1644.7
0,5,7,2,0,0,16363,7,244,-408,22.5,1636.3,7,5,7,2,0,16119,7,-244,408,19.7,1611.9
1,8,4,11,0,0,17356,7,2028,1844,20.6,1735.6,4,8,2,1,0,15328,6.8,-2028,-1844,22.7,1532.8
1,10,8,7,0,0,17677,7,-44,-2245,18.4,1767.7,8,10,9,0,0,17721,7.4,44,2245,22.4,1772.1
1,5,8,2,2,0,16101,7.2,-2069,-242,23,1610.1,8,5,6,0,0,18170,7,2069,242,23.9,1817
1,8,2,15,0,0,18257,7,4340,1841,20.9,1825.7,2,8,2,0,0,13917,6.6,-4340,-1841,19.4,1391.7
0,8,5,8,1,0,16801,7.2,-209,417,19.8,1680.1,5,8,6,0,0,17010,7,209,-417,22.9,1701
0,9,7,10,0,0,17352,6.6,612,678,22,1735.2,7,9,3,1,0,16740,6.8,-612,-678,22.3,1674
0,7,9,12,0,0,16594,6.6,-712,-537,21,1659.4,9,7,16,1,0,17306,6.8,712,537,17,1730.6
0,6,10,5,0,0,15796,6.6,-2815,-2607,19.5,1579.6,10,6,11,1,0,18611,7.6,2815,2607,24.3,1861.1
0,5,5,6,0,0,16372,7,611,817,23.4,1637.2,5,5,5,1,0,15761,6.8,-611,-817,22.2,1576.1
1,7,6,6,2,0,17088,7.2,1358,641,22,1708.8,6,7,4,0,0,15730,7.2,-1358,-641,21.1,1573
0,6,7,8,0,0,16086,7,-756,-831,19.9,1608.6,7,6,8,1,0,16842,7.2,756,831,23.5,1684.2
1,7,5,6,1,0,17323,7.2,1248,-243,24,1732.3,5,7,4,1,0,16075,7.2,-1248,243,22.2,1607.5
1,4,2,4,0,0,15205,6.8,457,690,23.4,1520.5,2,4,2,1,0,14748,6.6,-457,-690,25,1474.8
1,4,8,4,0,0,16009,7,-1917,823,21.4,1600.9,8,4,11,1,0,17926,6.8,1917,-823,19.8,1792.6
1,5,3,5,1,0,17531,7.4,2351,1317,24.1,1753.1,3,5,3,1,0,15180,7,-2351,-1317,22.3,1518
1,3,5,5,1,0,15310,7.2,-354,-8,22.8,1531,5,3,2,0,0,15664,7,354,8,23.9,1566.4
0,4,9,2,0,0,14882,6.6,-5337,-2474,19.2,1488.2,9,4,12,2,0,20219,7.2,5337,2474,24.9,2021.9
0,4,9,4,1,0,15628,6.8,-2316,-2043,23.3,1562.8,9,4,10,0,0,17944,7,2316,2043,24.3,1794.4
0,3,10,6,0,0,14208,6.4,-4960,-3887,21.2,1420.8,10,3,6,2,0,19168,7.2,4960,3887,23.5,1916.8
1,9,3,12,2,0,19629,7.6,3865,4032,23.2,1962.9,3,9,7,0,0,15764,6.8,-3865,-4032,22.5,1576.4
1,7,3,13,1,0,17782,7.2,2506,1793,22.5,1778.2,3,7,3,0,0,15276,6.8,-2506,-1793,22,1527.6
0,2,4,1,0,0,14790,7.2,-1156,466,24,1479,4,2,5,1,0,15946,6.8,1156,-466,24,1594.6
0,8,6,8,1,0,17381,7,-119,-766,21.8,1738.1,6,8,6,1,0,17500,7.2,119,766,23.5,1750
0,6,6,9,0,0,16450,7,-577,-1953,21.2,1645,6,6,5,2,0,17027,7.2,577,1953,23.9,1702.7
0,5,7,6,0,0,16456,6.6,355,-798,21.3,1645.6,7,5,5,2,0,16101,6.8,-355,798,22.3,1610.1
0,4,9,2,0,0,15201,7,-2381,-461,17.4,1520.1,9,4,13,1,0,17582,6.6,2381,461,20.8,1758.2
1,8,5,8,2,0,17523,7,1928,1805,24,1752.3,5,8,7,0,0,15595,6.8,-1928,-1805,20.9,1559.5
0,7,7,8,0,0,17072,7,166,-650,22.8,1707.2,7,7,8,2,0,16906,7,-166,650,22.3,1690.6
0,11,11,13,0,0,18878,6.8,1212,-257,22.2,1887.8,11,11,8,0,0,17666,7,-1212,257,21.2,1766.6
0,4,4,5,0,0,14782,6.8,-1430,-2438,21.1,1478.2,4,4,3,2,0,16212,7.2,1430,2438,23.6,1621.2
0,3,11,4,1,0,14017,6.6,-4941,-2777,18.2,1401.7,11,3,8,0,0,18958,7.4,4941,2777,22.7,1895.8
0,7,8,8,0,0,16670,7,-508,-1385,22,1667,8,7,6,0,0,17178,7,508,1385,21.7,1717.8
0,5,9,2,0,0,14681,6.8,-2985,-3019,17.4,1468.1,9,5,8,1,0,17666,7.6,2985,3019,21.3,1766.6
1,3,4,3,0,0,15268,6.2,460,-952,20.2,1526.8,4,3,9,1,0,14808,6.6,-460,952,20.9,1480.8
0,5,5,10,0,0,15748,7,-326,833,20.3,1574.8,5,5,5,2,0,16074,6.6,326,-833,20.4,1607.4
1,9,4,9,1,0,17284,7,2670,1589,23.8,1728.4,4,9,3,0,0,14614,6.6,-2670,-1589,20.8,1461.4
0,6,7,5,0,0,16806,6.8,-210,-130,20.5,1680.6,7,6,7,1,0,17016,6.6,210,130,23,1701.6
1,5,6,7,0,0,15334,6.8,-2412,-2055,19.3,1533.4,6,5,5,0,0,17746,7.2,2412,2055,24.3,1774.6
0,3,8,4,0,0,15333,7.2,-3737,-1022,22,1533.3,8,3,12,2,0,19070,7.4,3737,1022,26,1907
1,7,5,5,0,0,17491,7.2,2026,460,25.1,1749.1,5,7,3,1,0,15465,7.2,-2026,-460,18.9,1546.5
1,4,5,3,1,0,15698,7.4,-544,671,21.4,1569.8,5,4,5,0,0,16242,6.8,544,-671,23.8,1624.2
1,7,4,10,2,0,18223,7.2,3399,2362,23,1822.3,4,7,1,0,0,14824,6.8,-3399,-2362,20,1482.4
1,10,8,14,2,0,18360,7.2,793,475,22.2,1836,8,10,7,0,0,17567,7.4,-793,-475,21.5,1756.7
1,4,5,4,1,0,16178,7.6,297,1259,22.3,1617.8,5,4,5,0,0,15881,7,-297,-1259,22.5,1588.1
1,3,3,4,1,0,15048,6.8,-394,-1174,22.3,1504.8,3,3,3,0,0,15442,7.2,394,1174,25.3,1544.2
1,7,4,14,0,0,16865,6.8,1897,1014,21.1,1686.5,4,7,5,0,0,14968,6.6,-1897,-1014,18.2,1496.8
0,7,9,8,0,0,18072,7.2,222,1327,22.1,1807.2,9,7,10,1,0,17850,6.8,-222,-1327,20.2,1785
0,11,7,6,0,0,17500,7.2,658,747,19.3,1750,7,11,10,0,0,16842,6.8,-658,-747,19.3,1684.2
0,6,7,5,0,0,16688,6.8,-214,-334,21.3,1668.8,7,6,8,1,0,16902,7,214,334,20.1,1690.2
0,9,9,6,0,0,17384,6.8,-898,-939,22.7,1738.4,9,9,9,2,0,18282,7.2,898,939,22.5,1828.2
0,3,8,1,1,0,15126,7.2,-3439,-1460,21.4,1512.6,8,3,6,1,0,18565,7.2,3439,1460,25.1,1856.5
1,7,5,4,0,0,17214,7,1892,1261,24.1,1721.4,5,7,5,0,0,15322,6.8,-1892,-1261,21.4,1532.2
0,9,11,6,0,0,17389,6.8,-1428,-656,22.6,1738.9,11,9,12,1,0,18817,7,1428,656,23.7,1881.7
0,3,4,2,0,0,14564,6.6,-1999,-647,21.4,1456.4,4,3,5,1,0,16563,7,1999,647,23.8,1656.3
0,5,6,3,0,0,17670,7,1191,1276,25.3,1767,6,5,5,1,0,16479,6.8,-1191,-1276,16.6,1647.9
1,6,6,5,0,0,16296,7.2,301,872,21.6,1629.6,6,6,5,1,0,15995,6.8,-301,-872,22.9,1599.5
0,5,7,6,0,0,15738,6.8,-1712,-2334,19.1,1573.8,7,5,9,1,0,17450,7.2,1712,2334,22.2,1745
0,1,3,0,0,0,14118,7,-2079,-538,21.5,1411.8,3,1,4,0,0,16197,7,2079,538,24.4,1619.7
0,8,7,11,0,0,16343,6.8,-1182,-1113,17.9,1634.3,7,8,3,1,0,17525,7,1182,1113,20.4,1752.5
0,2,12,3,0,0,14579,6.4,-4225,-2478,19.6,1457.9,12,2,16,0,0,18804,7.2,4225,2478,23,1880.4
1,9,2,15,0,0,18485,7.2,4318,2821,23.2,1848.5,2,9,3,1,0,14167,6.4,-4318,-2821,19.7,1416.7
0,12,5,11,0,0,18982,7,2741,2415,23.4,1898.2,5,12,5,0,0,16241,6.6,-2741,-2415,20.5,1624.1
1,6,7,5,1,0,16688,6.8,-405,437,22.3,1668.8,7,6,11,0,0,17093,6.6,405,-437,20.5,1709.3
1,1,2,1,1,0,14836,7,-425,-316,26.1,1483.6,2,1,2,0,0,15261,7.2,425,316,25.5,1526.1
0,2,7,1,0,0,14573,6.8,-2928,-1796,21.2,1457.3,7,2,8,2,0,17501,7.2,2928,1796,23.9,1750.1
0,4,11,4,0,0,15704,6.4,-3874,-2608,20.6,1570.4,11,4,6,1,0,19578,7.4,3874,2608,23.8,1957.8
0,7,6,10,1,0,16578,7,-597,275,20.6,1657.8,6,7,6,1,0,17175,6.8,597,-275,24.2,1717.5
0,5,8,5,0,0,16045,7,-215,-165,20.8,1604.5,8,5,6,1,0,16260,7,215,165,21.6,1626
0,3,8,4,0,0,14076,6.4,-3613,-2636,18.4,1407.6,8,3,8,2,0,17689,7,3613,2636,23.4,1768.9
1,7,3,9,2,0,16518,7.2,1630,2330,20.8,1651.8,3,7,2,0,0,14888,6.8,-1630,-2330,21.8,1488.8
0,4,11,5,0,0,15373,6.6,-2539,-1447,22.7,1537.3,11,4,6,1,0,17912,7,2539,1447,17.4,1791.2
0,4,6,1,0,0,15519,7,-1149,-217,25.5,1551.9,6,4,7,0,0,16668,7.2,1149,217,23.8,1666.8
1,9,3,10,1,0,16795,7.4,2011,2996,20.3,1679.5,3,9,3,1,0,14784,6.6,-2011,-2996,20.2,1478.4
0,8,6,15,1,0,15941,6.8,-1870,-1732,16.2,1594.1,6,8,5,1,0,17811,7.4,1870,1732,24.5,1781.1
1,7,4,7,1,0,17676,7.4,2296,3462,23.3,1767.6,4,7,4,0,0,15380,6.8,-2296,-3462,21.2,1538
1,3,4,1,1,0,15056,6.8,-278,571,22.5,1505.6,4,3,7,0,0,15334,6.8,278,-571,20.8,1533.4
1,2,5,3,0,0,15282,6.8,-1665,-1607,24.3,1528.2,5,2,7,2,0,16947,7.2,1665,1607,24.8,1694.7
0,3,7,2,0,0,15189,6.8,-1527,-457,21.7,1518.9,7,3,9,1,0,16716,7.2,1527,457,22.4,1671.6
1,6,5,8,0,0,16285,7,160,-337,23,1628.5,5,6,8,0,0,16125,6.8,-160,337,20.4,1612.5
1,8,4,11,1,0,18382,7,2498,1487,22.4,1838.2,4,8,5,0,0,15884,7,-2498,-1487,21.7,1588.4
1,4,7,4,1,0,15746,7,-1556,286,19.5,1574.6,7,4,6,0,0,17302,6.8,1556,-286,23.7,1730.2
0,5,12,4,0,0,16141,7.2,-3324,-1649,21.5,1614.1,12,5,8,1,0,19465,7.6,3324,1649,23.6,1946.5
1,5,6,2,1,0,15558,6.6,-209,800,22.1,1555.8,6,5,8,1,0,15767,6.8,209,-800,18.5,1576.7
1,2,0,1,0,0,15486,7,1386,1830,25.1,1548.6,0,2,0,0,0,14100,6.4,-1386,-1830,23.4,1410
1,9,6,16,0,0,17335,6.8,2094,2937,19.3,1733.5,6,9,14,0,0,15241,6.2,-2094,-2937,17,1524.1
0,1,14,1,0,0,12598,7,14,-4989,20.4,1259.8,14,1,15,0,0,19668,7.4,-14,4989,22,1966.8
1,9,8,6,2,0,17385,7.2,1133,1833,21.6,1738.5,8,9,7,0,0,16252,6.8,-1133,-1833,17.8,1625.2
1,6,5,11,1,0,16452,6.8,906,1330,20.8,1645.2,5,6,7,0,0,15546,6.6,-906,-1330,18.5,1554.6
1,8,8,10,0,0,15996,6.2,-2523,-2980,18.5,1599.6,8,8,10,1,0,18519,6.8,2523,2980,23.1,1851.9
1,6,7,3,0,0,16370,6.6,-129,-726,23.1,1637,7,6,8,0,0,16499,7,129,726,18.2,1649.9
0,1,2,1,1,0,14264,7,-1450,340,22,1426.4,2,1,2,1,0,15714,6.8,1450,-340,25.9,1571.4
1,5,4,3,1,0,17061,7.6,1217,2934,24.9,1706.1,4,5,6,0,0,15844,6.6,-1217,-2934,21.8,1584.4
0,9,6,9,1,0,16738,6.8,91,-1992,19.8,1673.8,6,9,5,0,0,16647,7.2,-91,1992,22.4,1664.7
1,9,9,5,0,0,17999,7.2,1128,1720,22.7,1799.9,9,9,12,1,0,16871,7,-1128,-1720,21.2,1687.1
0,11,11,11,0,0,18496,7,672,-1567,21.3,1849.6,11,11,6,1,0,17824,7.2,-672,1567,21.6,1782.4
1,7,6,11,0,0,16414,6.8,-33,-677,20.5,1641.4,6,7,6,0,0,16447,7,33,677,22.3,1644.7
0,5,5,6,0,0,16563,6.8,1149,-530,22.6,1656.3,5,5,6,0,0,15414,6.8,-1149,530,20.5,1541.4
1,1,2,1,1,0,14314,7,59,77,24.4,1431.4,2,1,1,0,0,14255,6.8,-59,-77,22.4,1425.5
1,6,6,4,0,0,16556,7.2,399,147,23.1,1655.6,6,6,4,2,0,16157,7,-399,-147,23.9,1615.7
0,4,7,6,1,0,14604,6.6,-4058,-3454,19,1460.4,7,4,5,1,0,18662,7.4,4058,3454,25.7,1866.2
0,4,5,4,0,0,16195,7.2,-339,-868,24.1,1619.5,5,4,4,1,0,16534,7.4,339,868,25.9,1653.4
0,6,7,2,1,0,14668,6.6,-3686,-2333,19.8,1466.8,7,6,7,1,0,18354,7.2,3686,2333,23.2,1835.4
1,6,11,8,0,0,16557,6.8,-2564,170,23.2,1655.7,11,6,6,1,0,19121,6.8,2564,-170,21.9,1912.1
1,7,8,10,1,0,16863,6.6,106,-462,21.6,1686.3,8,7,9,0,0,16757,7.2,-106,462,18.4,1675.7
1,13,9,16,2,0,19694,7.2,1910,1136,21.5,1969.4,9,13,13,0,0,17784,7.2,-1910,-1136,21.2,1778.4
1,10,8,8,1,0,18523,7.2,2400,2600,22.9,1852.3,8,10,6,0,0,16123,6.8,-2400,-2600,19.1,1612.3
1,10,8,8,1,0,17618,7,975,1131,21.2,1761.8,8,10,4,0,0,16643,6.8,-975,-1131,19.6,1664.3
0,9,4,9,0,0,18751,7.2,4671,4193,24.9,1875.1,4,9,5,1,0,14080,6.6,-4671,-4193,17.7,1408
0,2,11,2,1,0,13932,6.4,-5540,-3682,19.3,1393.2,11,2,13,0,0,19472,7.2,5540,3682,24.5,1947.2
0,5,9,9,1,0,16394,7.2,-2037,-1895,23.8,1639.4,9,5,12,1,0,18431,7.2,2037,1895,22.9,1843.1
1,11,7,12,1,0,18276,6.8,1281,-5,20.2,1827.6,7,11,10,0,0,16995,6.6,-1281,5,21.4,1699.5
1,9,7,14,1,0,17722,7,1672,1341,21.5,1772.2,7,9,8,0,0,16050,6.8,-1672,-1341,20.5,1605
0,5,2,4,2,0,16517,7.2,2123,2669,24.6,1651.7,2,5,4,0,0,14394,6.6,-2123,-2669,22,1439.4
0,5,7,6,0,0,15337,6.6,-646,-148,19.8,1533.7,7,5,9,0,0,15983,6.6,646,148,19.7,1598.3
1,7,9,7,0,0,17569,7.2,-72,529,23.9,1756.9,9,7,11,2,0,17641,7,72,-529,20.9,1764.1
1,9,4,9,1,0,17585,7.4,2268,635,24,1758.5,4,9,3,0,0,15317,7.2,-2268,-635,21.9,1531.7
0,5,9,4,0,0,15950,7,-2365,-2046,23.1,1595,9,5,6,1,0,18315,7.4,2365,2046,23.3,1831.5
1,7,6,9,0,0,16531,7,-136,-290,21.8,1653.1,6,7,8,2,0,16667,7,136,290,24.3,1666.7
0,8,11,9,1,0,16599,6.6,-2683,-1320,18.9,1659.9,11,8,6,1,0,19282,7.2,2683,1320,20.9,1928.2
0,5,4,6,1,0,16086,7,441,626,22.2,1608.6,4,5,5,0,0,15645,6.8,-441,-626,23.5,1564.5
0,1,5,1,0,0,15065,6.8,-950,-1785,25.2,1506.5,5,1,6,0,0,16015,7.2,950,1785,23.8,1601.5
0,2,7,1,0,0,13946,6.4,-2727,-2041,22.7,1394.6,7,2,10,1,0,16673,7,2727,2041,22,1667.3
0,7,5,10,0,0,16526,7.2,-64,239,21.7,1652.6,5,7,4,0,0,16590,7,64,-239,21.4,1659
0,7,6,8,0,0,16495,6.8,222,-72,21.1,1649.5,6,7,6,1,0,16273,6.8,-222,72,20.5,1627.3
1,3,3,1,1,0,17009,7.2,862,1098,23.8,1700.9,3,3,5,1,0,16147,6.8,-862,-1098,25.2,1614.7
0,4,10,3,0,0,15419,6.4,-2636,-839,19.1,1541.9,10,4,9,0,0,18055,6.8,2636,839,22.5,1805.5
1,7,5,9,1,0,16460,7,23,-338,22,1646,5,7,8,0,0,16437,7,-23,338,22.2,1643.7
0,7,11,6,0,0,16364,6.4,-1565,-1752,22.3,1636.4,11,7,14,2,0,17929,7,1565,1752,17,1792.9
1,6,3,7,0,0,16434,6.8,1545,1824,21.6,1643.4,3,6,3,1,0,14889,6.4,-1545,-1824,23.3,1488.9
0,9,4,11,0,0,17685,7,2260,248,22.4,1768.5,4,9,3,0,0,15425,7,-2260,-248,22.6,1542.5
1,6,10,8,0,0,16506,6.8,-2535,-2654,21.6,1650.6,10,6,10,1,0,19041,7.4,2535,2654,22.8,1904.1
1,9,6,9,0,0,17174,6.8,1514,1421,21.2,1717.4,6,9,6,1,0,15660,6.8,-1514,-1421,18.7,1566
1,3,5,6,0,0,14771,7,-1426,-26,22.7,1477.1,5,3,4,2,0,16197,7,1426,26,21.8,1619.7
1,6,8,10,1,0,16359,6.4,-2414,-3087,18.2,1635.9,8,6,4,0,0,18773,7.2,2414,3087,22.5,1877.3
1,5,5,10,1,0,15871,7,1007,1105,21.9,1587.1,5,5,8,1,0,14864,6.8,-1007,-1105,16.4,1486.4
1,6,2,6,1,0,18215,7.2,4749,3580,25.6,1821.5,2,6,1,0,0,13466,6.2,-4749,-3580,20.7,1346.6
1,5,8,3,0,0,15747,7,-1358,-1063,21.4,1574.7,8,5,8,0,0,17105,7,1358,1063,21.9,1710.5
1,7,3,7,0,0,16464,7.2,1474,963,20.9,1646.4,3,7,3,0,0,14990,6.6,-1474,-963,22.5,1499
1,8,2,7,0,0,16424,6.8,2588,1543,19.6,1642.4,2,8,0,1,0,13836,6.6,-2588,-1543,18.5,1383.6
0,9,8,14,1,0,17494,6.8,14,202,20.1,1749.4,8,9,9,0,0,17480,7,-14,-202,24.3,1748
1,8,1,8,1,0,18691,7.2,5359,-28,22.8,1869.1,1,8,2,1,0,13332,6.4,-5359,28,20.8,1333.2
0,7,11,6,1,0,16446,7,-3620,-282,21.8,1644.6,11,7,16,0,0,20066,6.8,3620,282,22.9,2006.6
0,7,10,8,0,0,16259,6.8,-2295,-2516,18.4,1625.9,10,7,13,0,0,18554,7.2,2295,2516,22.8,1855.4
0,4,11,4,1,0,16231,7.2,-2932,-2135,21.1,1623.1,11,4,15,0,0,19163,7.4,2932,2135,21.5,1916.3
0,7,3,8,1,0,16146,6.6,2037,-281,19.6,1614.6,3,7,3,0,0,14109,6.4,-2037,281,17.2,1410.9
1,9,6,8,1,0,17344,6.8,992,-609,19.1,1734.4,6,9,6,0,0,16352,7,-992,609,20.6,1635.2
1,8,5,12,0,0,17327,7,1568,611,20.3,1732.7,5,8,5,0,0,15759,7,-1568,-611,21.2,1575.9
0,6,7,3,1,0,16568,7,-727,322,21.5,1656.8,7,6,10,1,0,17295,7,727,-322,21.1,1729.5
0,3,4,4,0,0,15732,7,-185,45,24.1,1573.2,4,3,4,1,0,15917,7,185,-45,23.8,1591.7
1,7,5,5,0,0,16812,7,1322,2276,22.8,1681.2,5,7,5,1,0,15490,6.6,-1322,-2276,21.5,1549
1,4,2,2,0,0,16452,7.2,1068,618,27.3,1645.2,2,4,4,0,0,15384,7.2,-1068,-618,25.3,1538.4
1,6,3,6,1,0,17427,7,1975,1433,24.9,1742.7,3,6,2,0,0,15452,7,-1975,-1433,23.4,1545.2
1,7,3,10,1,0,16892,7,2391,1726,20.7,1689.2,3,7,1,0,0,14501,6.6,-2391,-1726,19,1450.1
1,5,5,4,0,0,17003,7.2,570,368,25.2,1700.3,5,5,4,0,0,16433,7.2,-570,-368,23.5,1643.3
0,7,4,11,1,0,16836,7.2,1138,1758,20.5,1683.6,4,7,3,0,0,15698,6.6,-1138,-1758,22.3,1569.8
0,3,11,4,1,0,14434,6.6,14,-3956,18.1,1443.4,11,3,10,1,0,16378,7.6,-14,3956,24,1637.8
1,7,7,9,0,0,16696,6.8,-422,-43,20.2,1669.6,7,7,10,2,0,17118,7,422,43,18.9,1711.8
1,8,1,12,1,0,16974,7.2,2906,2360,18.2,1697.4,1,8,1,0,0,14068,6.4,-2906,-2360,20.1,1406.8
0,2,6,3,1,0,13653,7,-4566,-2032,17.8,1365.3,6,2,5,1,0,18219,7.2,4566,2032,26,1821.9
0,1,4,1,1,0,13934,6.8,-1571,-693,22.2,1393.4,4,1,6,0,0,15505,7,1571,693,19.1,1550.5
0,0,7,0,0,0,13405,6.6,-3556,-2950,21.4,1340.5,7,0,6,0,0,16961,7,3556,2950,23.7,1696.1
1,10,6,9,2,0,18747,7.2,3015,3067,22.5,1874.7,6,10,5,0,0,15732,6.8,-3015,-3067,18.4,1573.2
1,3,4,2,1,0,15156,7,-324,1651,21.7,1515.6,4,3,5,1,0,15480,6.6,324,-1651,22,1548
1,11,7,12,1,0,19241,7,1350,577,19.8,1924.1,7,11,11,0,0,17891,7,-1350,-577,24.7,1789.1
1,7,5,6,1,0,15866,6.8,394,-55,17.6,1586.6,5,7,4,0,0,15472,6.8,-394,55,21.6,1547.2
1,3,5,2,1,0,14247,6.6,-1597,-715,22.6,1424.7,5,3,8,1,0,15844,6.8,1597,715,21.8,1584.4
0,3,8,4,0,0,13493,6.2,-5355,-28,16.7,1349.3,8,3,9,1,0,18848,7.4,5355,28,23.4,1884.8
1,4,5,1,1,0,15855,7,145,972,23.8,1585.5,5,4,7,0,0,15710,6.6,-145,-972,22.4,1571
1,1,1,1,1,0,15186,7,1120,477,23.1,1518.6,1,1,2,1,0,14066,6.8,-1120,-477,19.6,1406.6
1,10,7,12,1,0,17176,6.8,99,277,18.8,1717.6,7,10,8,0,0,17077,6.6,-99,-277,20.3,1707.7
1,5,5,7,2,0,16947,7.2,980,403,22.6,1694.7,5,5,3,0,0,15967,6.8,-980,-403,24.3,1596.7
1,11,2,10,1,0,19528,7.2,5351,3549,23.4,1952.8,2,11,2,0,0,14177,6.4,-5351,-3549,21.1,1417.7
0,1,6,1,0,0,13775,6.8,-2490,-1110,20.6,1377.5,6,1,4,1,0,16265,7.2,2490,1110,23.7,1626.5
1,10,5,12,2,0,18418,7,3750,2742,24.7,1841.8,5,10,6,0,0,14668,6.4,-3750,-2742,19.4,1466.8
1,3,4,3,0,0,14815,6.4,-755,-1590,18.9,1481.5,4,3,6,1,0,15570,7,755,1590,21,1557
1,13,8,6,1,0,16398,7.4,4161,2591,24.2,1639.8,8,13,15,0,0,17567,6.8,-4161,-2591,21.4,1756.7
0,5,2,8,1,0,16348,7,1476,1149,24.3,1634.8,2,5,4,0,0,14872,6.8,-1476,-1149,23.3,1487.2
0,6,5,8,2,0,16302,7.2,336,936,23.1,1630.2,5,6,5,0,0,15966,7,-336,-936,22.3,1596.6
0,3,5,4,1,0,15410,6.8,-234,-406,21.6,1541,5,3,2,1,0,15644,7,234,406,23.6,1564.4
0,4,8,3,0,0,15119,6.4,-1901,-3111,21.6,1511.9,8,4,10,1,0,17020,7.2,1901,3111,21.6,1702
0,7,8,7,0,0,16561,7,-519,-643,20.1,1656.1,8,7,9,2,0,17080,7,519,643,22.8,1708
0,1,5,2,0,0,13736,6.6,-2301,-2659,18,1373.6,5,1,3,2,0,16037,7.2,2301,2659,22.6,1603.7
0,4,5,5,1,0,15481,6.6,481,977,22.2,1548.1,5,4,8,1,0,15000,6.4,-481,-977,19.9,1500
0,4,6,3,0,0,15967,7,-1413,-1302,22.7,1596.7,6,4,9,2,0,17380,7.2,1413,1302,25.6,1738
1,5,6,6,0,0,16627,7,-135,-997,22.3,1662.7,6,5,7,1,0,16762,7,135,997,23.6,1676.2
1,9,8,8,0,0,17087,6.8,442,-145,19,1708.7,8,9,7,1,0,16645,6.8,-442,145,18.6,1664.5
1,6,3,8,1,0,17612,7.6,2356,2431,24.6,1761.2,3,6,2,0,0,15256,7,-2356,-2431,21.3,1525.6
0,8,6,6,0,0,16731,6.4,266,-912,20.5,1673.1,6,8,6,1,0,16465,6.6,-266,912,21.8,1646.5
1,12,8,6,1,0,18360,6.8,525,476,20.2,1836,8,12,7,0,0,17835,6.6,-525,-476,21.8,1783.5
1,8,4,4,1,0,18075,7.4,2859,2944,23.7,1807.5,4,8,6,0,0,15216,6.6,-2859,-2944,22.4,1521.6
0,10,5,11,0,0,19636,7.2,4253,2731,24.7,1963.6,5,10,6,2,0,15383,6.6,-4253,-2731,20.9,1538.3
1,6,2,8,1,0,16897,7,1923,1300,23.4,1689.7,2,6,2,1,0,14974,6.8,-1923,-1300,24,1497.4
0,4,5,4,0,0,14538,6.6,-3278,-1873,21.1,1453.8,5,4,5,1,0,17816,7.2,3278,1873,25.5,1781.6
1,2,8,2,0,0,14868,6.6,-1146,-441,22.4,1486.8,8,2,4,0,0,16014,6.8,1146,441,16.2,1601.4
1,14,5,12,1,0,16398,7.6,4091,3392,25,1639.8,5,14,8,0,0,16888,6.8,-4091,-3392,21.5,1688.8
1,4,6,7,0,0,16513,6.8,-379,725,24.9,1651.3,6,4,12,1,0,16892,6.8,379,-725,24,1689.2
1,4,4,5,1,0,16180,7,476,100,21,1618,4,4,2,1,0,15704,6.8,-476,-100,23.2,1570.4
1,6,3,8,0,0,16050,7,2041,1289,19.5,1605,3,6,1,0,0,14009,6.4,-2041,-1289,20.2,1400.9
0,2,5,2,0,0,14428,6.6,-1552,-1506,21,1442.8,5,2,10,0,0,15980,6.8,1552,1506,22.3,1598
0,6,14,4,0,0,16150,6.6,-2243,-2024,19.4,1615,14,6,13,0,0,18393,7,2243,2024,18.6,1839.3
0,7,3,7,0,0,17576,7.2,2237,1848,22.7,1757.6,3,7,4,0,0,15339,6.8,-2237,-1848,20.9,1533.9
1,4,4,5,1,0,14990,6.8,-1395,-711,18.7,1499,4,4,3,0,0,16385,7,1395,711,24.8,1638.5
1,8,8,7,1,0,17664,7,257,1665,22,1766.4,8,8,11,1,0,17407,6.8,-257,-1665,22.5,1740.7
0,4,3,4,1,0,16114,7,1323,25,23.5,1611.4,3,4,5,0,0,14791,6.8,-1323,-25,20.3,1479.1
0,3,6,3,1,0,15299,6.4,-874,-1276,23,1529.9,6,3,6,0,0,16173,7,874,1276,23.1,1617.3
1,10,2,12,2,0,18912,7,4565,2079,25.7,1891.2,2,10,2,0,0,14347,6.2,-4565,-2079,19.7,1434.7
1,7,4,11,1,0,19915,7.2,5286,3583,24.6,1991.5,4,7,8,1,0,14629,6.2,-5286,-3583,21.8,1462.9
1,7,6,9,1,0,18273,6.8,2544,862,20.7,1827.3,6,7,11,1,0,15729,6.6,-2544,-862,18.5,1572.9
0,4,5,3,1,0,15158,7,-1529,-1177,21.9,1515.8,5,4,7,0,0,16687,7.2,1529,1177,21.3,1668.7
1,4,5,5,1,0,16086,6.8,842,-663,22.2,1608.6,5,4,5,0,0,15244,7,-842,663,20.1,1524.4
0,9,6,7,0,0,18626,7.2,2318,339,22.6,1862.6,6,9,4,1,0,16308,7.2,-2318,-339,23.9,1630.8
0,8,10,13,1,0,17048,6.8,-1773,-1963,19.3,1704.8,10,8,13,0,0,18821,7.2,1773,1963,21.5,1882.1
0,2,5,1,0,0,14819,7,-930,-594,22.3,1481.9,5,2,3,2,0,15749,6.8,930,594,21,1574.9
0,5,5,7,0,0,15082,6.8,-1851,-2039,19.9,1508.2,5,5,4,1,0,16933,7,1851,2039,25.8,1693.3
0,1,3,1,1,0,14605,7,-280,903,24.4,1460.5,3,1,3,1,0,14885,6.6,280,-903,21.7,1488.5
0,9,10,12,1,0,17063,7.2,-1220,-203,20,1706.3,10,9,13,0,0,18283,7.2,1220,203,21.7,1828.3
0,1,9,0,0,0,13881,6.8,-4851,-3577,22.5,1388.1,9,1,12,1,0,18732,7.4,4851,3577,24.3,1873.2
1,6,4,5,0,0,17180,7,1748,1496,25.8,1718,4,6,1,1,0,15432,7,-1748,-1496,23.6,1543.2
1,6,9,4,0,0,16978,6.8,-1589,-2907,22.9,1697.8,9,6,11,1,0,18567,7.8,1589,2907,19.3,1856.7
1,12,5,10,0,0,17827,6.8,1756,1128,20.8,1782.7,5,12,6,1,0,16071,6.8,-1756,-1128,18.8,1607.1
1,6,5,8,1,0,16168,6.8,-1149,-1327,17.6,1616.8,5,6,9,1,0,17317,7,1149,1327,26.3,1731.7
0,3,5,5,0,0,15544,7,-961,-1410,23.8,1554.4,5,3,4,1,0,16505,7.2,961,1410,23.9,1650.5
1,10,10,9,1,0,17566,7.2,-528,-296,18.3,1756.6,10,10,5,1,0,18094,7.2,528,296,22.8,1809.4
1,5,7,7,1,0,15293,6.4,-1555,-1234,20.2,1529.3,7,5,11,0,0,16848,6.8,1555,1234,21,1684.8
1,9,2,8,2,0,17303,7,2871,2154,21.9,1730.3,2,9,3,0,0,14432,6.8,-2871,-2154,21.7,1443.2
1,4,4,5,1,0,17201,7.2,1070,1159,23.4,1720.1,4,4,2,1,0,16131,6.8,-1070,-1159,21.5,1613.1
1,6,3,3,2,0,18742,7.4,3725,2903,25.2,1874.2,3,6,5,0,0,15017,6.8,-3725,-2903,20.8,1501.7
1,5,8,7,0,0,16519,7.2,-180,2299,21,1651.9,8,5,7,2,0,16699,6.6,180,-2299,19.2,1669.9
0,1,9,1,1,0,13727,6.6,-5000,-4822,20.7,1372.7,9,1,6,0,0,18727,7.6,5000,4822,25.4,1872.7
0,8,9,10,1,0,17617,7,685,1449,21.7,1761.7,9,8,12,0,0,16932,6.6,-685,-1449,18,1693.2
1,11,4,15,0,0,19432,7.2,3857,2660,22.8,1943.2,4,11,6,1,0,15575,6.6,-3857,-2660,21,1557.5
0,4,7,4,0,0,15280,6.6,-770,-1875,20.2,1528,7,4,4,1,0,16050,7.2,770,1875,21.7,1605
1,3,4,3,0,0,15496,7,-1406,-1328,21.4,1549.6,4,3,5,2,0,16902,7.2,1406,1328,23.4,1690.2
0,4,12,4,0,0,15263,6.6,-2711,-282,17.6,1526.3,12,4,6,1,0,17974,6.6,2711,282,18.6,1797.4
1,6,4,5,0,0,17012,7.2,324,106,22.5,1701.2,4,6,5,1,0,16688,7.2,-324,-106,22.9,1668.8
1,1,6,2,0,0,14168,6.6,-3344,-2671,21.7,1416.8,6,1,7,2,0,17512,7.6,3344,2671,22.5,1751.2
1,9,8,13,1,0,17060,6.8,143,845,20.7,1706,8,9,7,0,0,16917,6.6,-143,-845,21.2,1691.7
1,7,4,10,0,0,17053,7,1126,71,21.9,1705.3,4,7,5,2,0,15927,6.8,-1126,-71,21.7,1592.7
1,7,12,9,0,0,17185,6.6,-2557,-2229,20,1718.5,12,7,6,2,0,19742,7.2,2557,2229,21,1974.2
0,3,5,6,0,0,16690,6.8,-1060,-586,24.8,1669,5,3,7,2,0,17750,7,1060,586,21.4,1775
1,10,4,12,1,0,18246,7,2914,2052,22.9,1824.6,4,10,3,0,0,15332,6.4,-2914,-2052,20.9,1533.2
1,7,7,8,0,0,16310,6.8,464,426,21.9,1631,7,7,4,1,0,15846,6.8,-464,-426,21.2,1584.6
1,5,3,5,1,0,16766,7.2,1399,554,23.2,1676.6,3,5,5,0,0,15367,7,-1399,-554,24,1536.7
0,12,11,12,0,0,19460,7.4,778,1443,22.3,1946,11,12,14,0,0,18682,7,-778,-1443,23.4,1868.2
1,5,6,4,1,0,15307,6.8,-1618,-1224,20.5,1530.7,6,5,9,0,0,16925,7,1618,1224,24.3,1692.5
0,4,6,5,0,0,15908,7,-1345,169,21.8,1590.8,6,4,9,1,0,17253,6.8,1345,-169,22,1725.3
1,6,5,5,1,0,16966,7.6,138,1085,23.1,1696.6,5,6,6,1,0,16828,7,-138,-1085,21.4,1682.8
1,6,6,2,1,0,16995,7.6,-418,185,24.1,1699.5,6,6,8,0,0,17413,7.4,418,-185,23.7,1741.3
0,12,7,6,2,0,18292,7,789,1319,21.6,1829.2,7,12,6,0,0,17503,6.8,-789,-1319,22,1750.3
1,6,3,8,1,0,16481,7,760,45,22.9,1648.1,3,6,3,1,0,15721,7,-760,-45,23.2,1572.1
0,3,6,4,0,0,14907,6.6,-2342,-1982,22.6,1490.7,6,3,5,0,0,17249,7.2,2342,1982,26.2,1724.9
1,6,8,7,1,0,15108,6.4,-2302,-2232,19.1,1510.8,8,6,7,0,0,17410,7,2302,2232,24.6,1741
0,6,8,7,1,0,14779,6.2,-2932,-2570,21.8,1477.9,8,6,5,1,0,17711,7.2,2932,2570,21.9,1771.1
0,6,5,2,0,0,15739,7.2,154,159,19.3,1573.9,5,6,5,1,0,15585,7,-154,-159,21.1,1558.5
0,6,7,9,0,0,16660,6.8,99,-1609,21,1666,7,6,3,1,0,16561,7,-99,1609,21.4,1656.1
0,0,5,0,0,0,13561,6.6,-2876,-2098,22.2,1356.1,5,0,8,1,0,16437,7,2876,2098,23.3,1643.7
0,8,1,5,0,0,17761,7.4,2501,2298,24.7,1776.1,1,8,1,0,0,15260,6.6,-2501,-2298,25.1,1526
0,1,6,1,0,0,14910,6.8,-1557,-1039,24.5,1491,6,1,7,1,0,16467,7.2,1557,1039,22.5,1646.7
1,9,6,8,1,0,17410,7,1578,495,19,1741,6,9,6,0,0,15832,7,-1578,-495,19.5,1583.2
0,4,6,3,0,0,15518,6.8,-1630,-531,24.1,1551.8,6,4,8,1,0,17148,7.2,1630,531,24.3,1714.8
1,8,7,10,1,0,18261,7.4,1753,935,24.8,1826.1,7,8,8,0,0,16508,7,-1753,-935,21.8,1650.8
0,4,5,7,0,0,15574,6.8,14,-309,23.6,1557.4,5,4,6,2,0,15560,6.8,-14,309,22.4,1556
0,5,7,5,0,0,16565,7,-245,-1208,22,1656.5,7,5,3,0,0,16810,7,245,1208,24.4,1681
0,5,4,8,0,0,16163,7,1074,542,24.2,1616.3,4,5,8,1,0,15089,7,-1074,-542,22.4,1508.9
0,3,9,5,0,0,14724,6.4,-3541,-2434,21.8,1472.4,9,3,13,1,0,18265,6.8,3541,2434,24.4,1826.5
1,10,3,8,1,0,17953,7.2,2915,2085,21.3,1795.3,3,10,6,0,0,15038,6.4,-2915,-2085,20,1503.8
0,5,12,5,1,0,14819,6.8,-4413,-3537,16.4,1481.9,12,5,8,0,0,19232,7.4,4413,3537,24.2,1923.2
0,4,7,4,0,0,15025,6.6,-1517,-1487,21.2,1502.5,7,4,5,0,0,16542,7,1517,1487,22.1,1654.2
1,11,8,14,0,0,18302,6.8,2178,31,23.5,1830.2,8,11,5,0,0,16124,6.8,-2178,-31,19.2,1612.4
0,11,7,7,0,0,18197,7,1470,1240,20.5,1819.7,7,11,7,1,0,16727,6.8,-1470,-1240,20.6,1672.7
1,8,3,7,1,0,18363,7.2,4507,4079,23.3,1836.3,3,8,2,0,0,13856,6.6,-4507,-4079,19.4,1385.6
1,8,2,7,1,0,17543,7.2,4387,3411,25.4,1754.3,2,8,0,0,0,13156,6.6,-4387,-3411,18.8,1315.6
0,8,7,9,0,0,16973,7,929,1800,20.4,1697.3,7,8,4,0,0,16044,6.8,-929,-1800,20.3,1604.4
0,7,8,8,1,0,16586,6.8,-787,-1921,22.6,1658.6,8,7,7,0,0,17373,7.2,787,1921,20.7,1737.3
1,11,5,15,0,0,18106,7,2695,1787,19.1,1810.6,5,11,6,1,0,15411,6.4,-2695,-1787,18.7,1541.1
0,9,13,15,0,0,16300,7,-3173,-4350,21.8,1630,13,9,6,1,0,19473,7,3173,4350,20.7,1947.3
0,8,9,7,0,0,16397,7,-1253,933,18.3,1639.7,9,8,9,0,0,17650,6.6,1253,-933,19.9,1765
1,6,2,5,1,0,16948,6.8,2711,1821,24.1,1694.8,2,6,0,0,0,14237,6.4,-2711,-1821,22.3,1423.7
0,4,3,6,1,0,14992,7,-471,-1021,21.3,1499.2,3,4,1,0,0,15463,7.2,471,1021,24,1546.3
0,5,4,8,1,0,16560,6.8,1319,111,22,1656,4,5,5,1,0,15241,7,-1319,-111,19,1524.1
0,5,3,6,1,0,15759,6.8,338,-1062,21.9,1575.9,3,5,4,0,0,15421,7,-338,1062,22,1542.1
1,6,10,9,0,0,14711,6.4,-2263,-2155,21.8,1471.1,10,6,11,1,0,16974,6.8,2263,2155,19.6,1697.4
1,6,4,7,1,0,16940,7,2038,357,24.4,1694,4,6,6,0,0,14902,6.8,-2038,-357,19.8,1490.2
0,4,5,4,0,0,15218,7,-1911,-1211,20.3,1521.8,5,4,7,2,0,17129,7.4,1911,1211,25,1712.9
0,4,5,6,1,0,15466,6.8,488,473,22.8,1546.6,5,4,8,0,0,14978,6.8,-488,-473,18.2,1497.8
1,4,3,2,1,0,15278,7,734,355,22.7,1527.8,3,4,3,0,0,14544,7.2,-734,-355,20.3,1454.4
1,6,4,6,1,0,19651,7,5195,2289,20,1965.1,4,6,3,0,0,14456,6.4,-5195,-2289,17.9,1445.6
0,9,4,6,2,0,18233,7.6,3319,-28,24.4,1823.3,4,9,7,0,0,14914,6.6,-3319,28,17.7,1491.4
1,7,4,13,1,0,17470,7,2335,979,20.6,1747,4,7,4,0,0,15135,6.8,-2335,-979,21.5,1513.5
0,7,8,5,0,0,16768,7.2,-268,-155,22.5,1676.8,8,7,9,1,0,17036,7.2,268,155,22.1,1703.6
0,3,4,3,0,0,14509,6.8,-1110,-1148,20.1,1450.9,4,3,4,0,0,15619,6.8,1110,1148,24.1,1561.9
1,7,3,5,1,0,16178,7.2,381,203,21.6,1617.8,3,7,3,1,0,15797,7,-381,-203,25.3,1579.7
0,2,6,0,0,0,14333,6.8,-1636,-1396,22.3,1433.3,6,2,5,1,0,15969,6.8,1636,1396,22.3,1596.9
1,9,9,12,2,0,17732,7.2,-532,298,19.4,1773.2,9,9,8,0,0,18264,7.2,532,-298,20.8,1826.4
0,4,9,3,0,0,14695,6.8,-2467,80,20.7,1469.5,9,4,10,1,0,17162,7.2,2467,-80,18.7,1716.2
1,7,3,13,0,0,17800,7,2460,1934,22.3,1780,3,7,5,1,0,15340,6.6,-2460,-1934,20.5,1534
1,4,3,3,0,0,16048,7.2,1454,1411,25.5,1604.8,3,4,3,0,0,14594,7,-1454,-1411,23.4,1459.4
1,1,1,0,0,0,14163,6.8,450,924,24.6,1416.3,1,1,2,1,0,13713,6.6,-450,-924,21.1,1371.3
1,4,6,3,2,0,15695,7.2,-300,451,23.8,1569.5,6,4,5,0,0,15995,7.2,300,-451,20.3,1599.5
0,3,6,6,1,0,14844,6.8,-2343,-2188,21.8,1484.4,6,3,3,0,0,17187,7.2,2343,2188,25.6,1718.7
0,9,10,3,0,0,15974,6.6,-1008,-1516,17.5,1597.4,10,9,9,1,0,16982,7,1008,1516,18.4,1698.2
1,3,7,5,0,0,14995,7,-2442,-1250,24,1499.5,7,3,11,1,0,17437,7.2,2442,1250,26.4,1743.7
0,4,12,5,0,0,14799,6.6,-4740,-3081,21.8,1479.9,12,4,8,2,0,19539,7,4740,3081,23.1,1953.9
0,10,11,14,0,0,17056,6.6,-1603,-1406,16.7,1705.6,11,10,11,2,0,18659,7,1603,1406,22.9,1865.9
0,7,6,10,1,0,16243,6.8,-555,-1462,19.2,1624.3,6,7,6,1,0,16798,7.2,555,1462,23.2,1679.8
0,11,10,14,1,0,17892,6.8,-1361,-1031,15.7,1789.2,10,11,10,1,0,19253,6.8,1361,1031,23.9,1925.3
1,6,3,4,1,0,16508,6.6,2024,1979,24.3,1650.8,3,6,4,1,0,14484,6.4,-2024,-1979,21.3,1448.4
1,4,2,4,0,0,16568,6.8,1840,1870,24.2,1656.8,2,4,2,0,0,14728,6.6,-1840,-1870,24,1472.8
1,5,5,6,0,0,16503,7.2,690,365,23.1,1650.3,5,5,3,1,0,15813,7.2,-690,-365,23.2,1581.3
0,9,9,7,1,0,17459,7,-98,-1136,18.5,1745.9,9,9,6,0,0,17557,7.2,98,1136,21.9,1755.7
1,7,7,5,0,0,17024,7.2,197,1883,22.2,1702.4,7,7,7,2,0,16827,7,-197,-1883,19.8,1682.7
1,5,4,3,0,0,16660,6.8,1574,1067,25.2,1666,4,5,6,0,0,15086,6.8,-1574,-1067,19.7,1508.6
0,2,9,0,0,0,14244,6.6,-3553,-1730,20.7,1424.4,9,2,9,1,0,17797,7,3553,1730,22,1779.7
0,1,10,1,0,0,14041,6.4,-5162,-3610,22.6,1404.1,10,1,6,0,0,19203,7.2,5162,3610,19.6,1920.3
1,4,2,1,1,0,16752,7.4,2210,2411,23.2,1675.2,2,4,0,0,0,14542,6.6,-2210,-2411,21.4,1454.2
1,8,2,13,1,0,17563,7.2,3410,2058,20.3,1756.3,2,8,2,1,0,14153,6.4,-3410,-2058,21.3,1415.3
1,6,6,4,1,0,17262,7,251,-74,23.1,1726.2,6,6,5,0,0,17011,7.2,-251,74,23.6,1701.1
1,9,3,9,0,0,17438,7,3018,1995,18.6,1743.8,3,9,3,0,0,14420,6.6,-3018,-1995,22.2,1442
0,3,8,3,0,0,14275,6.4,-3414,-3747,18,1427.5,8,3,4,2,0,17689,7.2,3414,3747,22.8,1768.9
1,7,4,10,1,0,16753,6.8,2015,857,22,1675.3,4,7,2,1,0,14738,6.4,-2015,-857,17.1,1473.8
1,8,4,9,1,0,17163,7.2,1422,775,22.4,1716.3,4,8,2,0,0,15741,7.2,-1422,-775,21.8,1574.1
0,5,6,8,0,0,15750,7,-1727,-619,21.4,1575,6,5,8,0,0,17477,6.8,1727,619,22.3,1747.7
1,7,6,6,0,0,15954,6.8,654,823,21.1,1595.4,6,7,6,1,0,15300,6.2,-654,-823,19,1530
1,9,3,10,2,0,18293,7.2,3691,2805,24,1829.3,3,9,3,0,0,14602,7,-3691,-2805,18.6,1460.2
0,13,5,16,0,0,19336,7.2,4627,4784,21.2,1933.6,5,13,6,0,0,14709,7,-4627,-4784,17.5,1470.9
0,2,8,1,1,0,14014,6.6,-3443,-2284,20.5,1401.4,8,2,8,0,0,17457,7.2,3443,2284,23,1745.7
0,6,6,8,2,0,16207,7,-819,-1829,21.1,1620.7,6,6,3,0,0,17026,7,819,1829,22.3,1702.6
1,4,1,4,0,0,16654,7.2,1856,1530,25.5,1665.4,1,4,1,2,0,14798,6.8,-1856,-1530,24.4,1479.8
1,4,4,6,0,0,16711,7.4,1759,2524,23.3,1671.1,4,4,9,1,0,14952,6.8,-1759,-2524,20.3,1495.2
0,7,3,10,1,0,16578,7,1159,1510,20,1657.8,3,7,3,0,0,15419,6.6,-1159,-1510,25,1541.9
1,4,8,7,1,0,16220,6.8,-444,-184,22.7,1622,8,4,12,0,0,16664,7,444,184,21.2,1666.4
0,6,4,8,0,0,15096,6.2,-120,-1620,19.9,1509.6,4,6,2,1,0,15216,6.4,120,1620,19.3,1521.6
1,10,8,13,1,0,18426,7.2,1493,202,19.2,1842.6,8,10,7,0,0,16933,7,-1493,-202,18.5,1693.3
1,11,3,14,1,0,18758,7,4335,2324,21.2,1875.8,3,11,3,0,0,14423,6.6,-4335,-2324,21.5,1442.3
0,4,7,3,0,0,15928,7.2,-935,-4,20.4,1592.8,7,4,5,1,0,16863,6.8,935,4,23.3,1686.3
1,6,3,9,1,0,16233,7,1081,199,21.5,1623.3,3,6,1,0,0,15152,7.2,-1081,-199,22,1515.2
1,8,8,7,1,0,16493,7,-862,-1734,17.5,1649.3,8,8,5,1,0,17355,7.2,862,1734,22.3,1735.5
0,6,10,8,1,0,15633,6.8,-2770,-2347,21,1563.3,10,6,13,1,0,18403,7.2,2770,2347,21.8,1840.3
1,7,2,8,2,0,17750,7.4,3673,2756,23.7,1775,2,7,1,0,0,14077,6.8,-3673,-2756,20.4,1407.7
0,5,14,6,0,0,16251,6.8,-4859,-2956,21.3,1625.1,14,5,14,1,0,16378,7.2,4859,2956,22.6,1637.8
1,7,7,6,0,0,17627,7,428,35,24.4,1762.7,7,7,11,1,0,17199,7,-428,-35,24.7,1719.9
0,5,10,4,1,0,17315,7.4,-733,-1569,25.3,1731.5,10,5,7,0,0,18048,7.6,733,1569,21.6,1804.8
0,4,5,4,0,0,15663,7,936,1377,23.7,1566.3,5,4,2,1,0,14727,6.6,-936,-1377,19.1,1472.7
0,2,4,1,0,0,14865,7,-1179,646,23.3,1486.5,4,2,4,2,0,16044,6.8,1179,-646,22.6,1604.4
1,5,2,4,0,0,16230,7,932,542,23.5,1623,2,5,4,0,0,15298,7.2,-932,-542,24.7,1529.8
1,5,5,1,0,0,16065,7.4,544,2063,24.7,1606.5,5,5,3,0,0,15521,6.8,-544,-2063,22.2,1552.1
0,7,5,8,1,0,17049,7.4,-105,1881,22.3,1704.9,5,7,7,0,0,17154,7.2,105,-1881,23.1,1715.4
0,4,3,5,1,0,15412,7,-287,-1045,21.2,1541.2,3,4,3,0,0,15699,7,287,1045,24.3,1569.9
1,10,8,10,0,0,17949,7,1052,340,20,1794.9,8,10,6,1,0,16897,7,-1052,-340,22.3,1689.7
1,6,4,5,0,0,16938,7,2145,-316,22,1693.8,4,6,5,0,0,14793,6.8,-2145,316,19.7,1479.3
0,4,8,7,0,0,14627,6.6,-3960,-4005,19.3,1462.7,8,4,9,1,0,18587,7.6,3960,4005,24.7,1858.7
0,6,3,7,0,0,16485,7,1097,711,22.2,1648.5,3,6,1,1,0,15388,7,-1097,-711,24,1538.8
0,4,5,2,0,0,15246,7,-671,-738,21.7,1524.6,5,4,2,1,0,15917,7,671,738,22.7,1591.7
0,10,9,6,1,0,17583,7,-236,-1078,20.1,1758.3,9,10,13,0,0,17819,7.2,236,1078,22.5,1781.9
1,10,6,9,1,0,18655,7.6,3212,3245,25.4,1865.5,6,10,8,0,0,15443,6.8,-3212,-3245,17,1544.3
1,7,7,5,1,0,16875,6.8,-795,236,21.9,1687.5,7,7,9,0,0,17670,6.8,795,-236,22.1,1767
1,6,1,4,1,0,17872,7.2,3544,2083,24.7,1787.2,1,6,1,1,0,14328,6.8,-3544,-2083,21.9,1432.8
1,7,6,9,2,0,16574,6.8,969,-42,19.7,1657.4,6,7,8,0,0,15605,6.6,-969,42,19.4,1560.5
0,9,5,7,0,0,17651,7,2348,1133,22.2,1765.1,5,9,4,1,0,15303,6.8,-2348,-1133,19.5,1530.3
0,4,10,7,0,0,15035,6.4,-3584,-3248,18.3,1503.5,10,4,10,1,0,18619,7.6,3584,3248,23.8,1861.9
1,5,5,3,2,0,16399,7,330,-475,23.6,1639.9,5,5,6,0,0,16069,6.8,-330,475,23.5,1606.9
0,8,8,13,1,0,18236,7,1112,203,22.1,1823.6,8,8,12,0,0,17124,7,-1112,-203,19.8,1712.4
1,5,3,6,0,0,15782,7,279,392,21.9,1578.2,3,5,4,1,0,15503,7,-279,-392,24.6,1550.3
0,7,3,9,1,0,16938,7,1516,426,22.6,1693.8,3,7,4,0,0,15422,7,-1516,-426,21,1542.2
0,5,10,5,0,0,14740,6.4,-4229,-4184,21.8,1474,10,5,12,1,0,18969,7.4,4229,4184,22,1896.9
0,5,12,6,0,0,15299,7,-3111,-2286,16.9,1529.9,12,5,10,0,0,18410,7,3111,2286,17.8,1841
1,8,5,8,0,0,17615,7,3686,1471,20.6,1761.5,5,8,4,0,0,13929,6.6,-3686,-1471,21.8,1392.9
1,13,3,14,1,0,16398,7.2,5136,2785,22.5,1639.8,3,13,3,0,0,15819,6.8,-5136,-2785,21.3,1581.9
1,6,2,8,0,0,16636,7.4,1394,1368,24.5,1663.6,2,6,3,0,0,15242,7,-1394,-1368,22.5,1524.2
0,0,4,0,1,0,13805,6.8,-2009,-2396,22.1,1380.5,4,0,5,1,0,15814,7.2,2009,2396,24.3,1581.4
0,11,10,16,0,0,18453,7,466,-316,20.4,1845.3,10,11,14,0,0,17987,7.4,-466,316,18.6,1798.7
0,5,13,5,0,0,14642,6.2,-4958,-2388,17.1,1464.2,13,5,14,1,0,19600,7,4958,2388,23.1,1960
0,3,7,4,0,0,14503,6.8,-2825,-2497,20.7,1450.3,7,3,9,2,0,17328,7.2,2825,2497,22.1,1732.8
0,3,7,3,1,0,15335,6.6,-1716,-1601,23.4,1533.5,7,3,5,0,0,17051,7.2,1716,1601,26.2,1705.1
0,6,8,10,0,0,15629,6.8,-1537,-926,17.6,1562.9,8,6,9,0,0,17166,7,1537,926,18.6,1716.6
0,5,12,6,0,0,15782,6.4,-2707,-2136,19.5,1578.2,12,5,10,1,0,18489,7,2707,2136,23.3,1848.9
1,12,5,6,1,0,18685,6.8,2857,1406,23.4,1868.5,5,12,4,0,0,15828,6.8,-2857,-1406,21.4,1582.8
1,2,9,3,1,0,14901,6.8,-3206,-2169,21.4,1490.1,9,2,10,0,0,18107,7.2,3206,2169,23.8,1810.7
0,1,6,1,0,0,14012,6.8,-2670,-1395,23,1401.2,6,1,6,1,0,16682,7,2670,1395,21.8,1668.2
0,4,8,5,0,0,15913,6.4,-960,-2502,19.3,1591.3,8,4,9,0,0,16873,7.4,960,2502,19,1687.3
0,5,6,2,1,0,14969,6.6,-1579,-1179,20,1496.9,6,5,1,0,0,16548,7.2,1579,1179,22.6,1654.8
0,3,2,2,0,0,14863,7,321,-260,23,1486.3,2,3,2,0,0,14542,7,-321,260,23,1454.2
0,5,8,6,0,0,15985,7,-12,-1161,21.4,1598.5,8,5,4,0,0,15997,7.2,12,1161,19.4,1599.7
0,9,10,7,0,0,17407,7.2,222,1716,21.4,1740.7,10,9,13,0,0,17185,6.6,-222,-1716,20.5,1718.5
0,5,3,5,0,0,15829,6.8,968,715,23.7,1582.9,3,5,2,1,0,14861,6.8,-968,-715,22.4,1486.1
0,5,9,3,0,0,14953,6.6,-3042,-3641,18.3,1495.3,9,5,5,1,0,17995,7.6,3042,3641,22.4,1799.5
1,13,3,8,1,0,20389,7.4,14,3981,23.5,2038.9,3,13,0,0,0,13877,6.8,-14,-3981,18.5,1387.7
1,6,5,5,0,0,16789,7,904,164,23.3,1678.9,5,6,4,1,0,15885,6.8,-904,-164,23.4,1588.5
1,13,5,14,2,0,20403,7.4,5365,4901,23.8,2040.3,5,13,5,0,0,15038,6.4,-5365,-4901,17.8,1503.8
1,2,5,2,0,0,15318,7,-1145,-2100,21.9,1531.8,5,2,1,1,0,16463,7.4,1145,2100,26.1,1646.3
1,2,4,3,1,0,15180,7,-986,-1508,22.5,1518,4,2,3,1,0,16166,7.6,986,1508,23.5,1616.6
1,8,3,11,1,0,18200,7.2,3719,1813,21.8,1820,3,8,1,0,0,14481,6.8,-3719,-1813,21.4,1448.1
0,5,5,5,0,0,15646,6.6,-201,-1702,18.6,1564.6,5,5,2,2,0,15847,7.2,201,1702,24.7,1584.7
0,5,7,6,0,0,15747,6.8,-1123,-1230,19.2,1574.7,7,5,6,1,0,16870,7,1123,1230,22.7,1687
0,3,7,3,0,0,14668,6.6,-2440,-2239,19.7,1466.8,7,3,6,1,0,17108,7.2,2440,2239,23,1710.8
1,8,3,7,1,0,19318,7.8,4787,4701,25.7,1931.8,3,8,1,1,0,14531,6.6,-4787,-4701,23,1453.1
1,10,7,8,1,0,18302,7.2,851,709,23.7,1830.2,7,10,8,0,0,17451,7,-851,-709,25.1,1745.1
0,5,6,6,1,0,15167,7,-1315,-1049,20,1516.7,6,5,8,0,0,16482,7,1315,1049,22.2,1648.2
0,3,8,4,0,0,15330,6.4,-3277,-1680,20.5,1533,8,3,12,2,0,18607,6.8,3277,1680,22,1860.7
0,2,5,1,1,0,14579,6.8,-1684,-772,21.8,1457.9,5,2,3,0,0,16263,7.2,1684,772,22.6,1626.3
0,5,12,7,0,0,15828,6.6,-2330,-1189,19.5,1582.8,12,5,12,1,0,18158,7,2330,1189,21.5,1815.8
0,10,6,11,1,0,18001,7,1510,151,21.6,1800.1,6,10,6,0,0,16491,6.8,-1510,-151,23.1,1649.1
0,5,4,4,0,0,17305,7.2,2319,135,24.6,1730.5,4,5,2,1,0,14986,7,-2319,-135,21.7,1498.6
1,11,4,10,1,0,18706,7.2,3787,2856,24.3,1870.6,4,11,4,0,0,14919,6.8,-3787,-2856,20.2,1491.9
0,7,9,6,0,0,16939,6.8,-398,-1977,22.3,1693.9,9,7,8,1,0,17337,7.2,398,1977,20.2,1733.7
1,5,3,5,2,0,17645,7,2864,1182,22.4,1764.5,3,5,3,0,0,14781,6.6,-2864,-1182,20.7,1478.1
0,6,10,5,0,0,15985,7,-2993,-2498,17.6,1598.5,10,6,7,2,0,18978,7.4,2993,2498,21.8,1897.8
0,12,9,11,1,0,18325,7.4,793,1612,19,1832.5,9,12,7,1,0,17532,6.8,-793,-1612,20.8,1753.2
1,6,9,7,2,0,18050,7.2,284,681,23.8,1805,9,6,15,0,0,17766,6.8,-284,-681,20.7,1776.6
1,11,9,12,1,0,18585,7.2,1139,1170,22.1,1858.5,9,11,9,0,0,17446,7,-1139,-1170,21.8,1744.6
0,2,7,4,0,0,14367,6.4,-2901,-2666,20.3,1436.7,7,2,8,1,0,17268,7.2,2901,2666,22.9,1726.8
0,7,4,7,1,0,16743,7.2,1323,457,21.5,1674.3,4,7,8,0,0,15420,7,-1323,-457,20.9,1542
1,13,10,7,0,0,18388,7,535,776,18.5,1838.8,10,13,10,0,0,17853,7,-535,-776,19.8,1785.3
0,4,5,3,0,0,15710,6.8,-682,-323,24.2,1571,5,4,4,1,0,16392,6.8,682,323,22.7,1639.2
0,6,4,10,0,0,17275,7.2,1702,1352,24.1,1727.5,4,6,4,1,0,15573,6.8,-1702,-1352,23.4,1557.3
0,7,8,9,1,0,16623,6.8,-389,329,20.6,1662.3,8,7,10,1,0,17012,6.8,389,-329,22.5,1701.2
1,6,1,6,1,0,17402,7.2,3250,3073,26.2,1740.2,1,6,1,0,0,14152,6.4,-3250,-3073,23.2,1415.2
1,7,3,6,2,0,17555,7.8,2678,3150,24.8,1755.5,3,7,3,0,0,14877,7,-2678,-3150,20,1487.7
1,2,8,3,0,0,14952,6.8,-2262,-668,26.4,1495.2,8,2,4,0,0,17214,7.4,2262,668,24.4,1721.4
0,6,9,6,0,0,15487,7,-1796,-2222,18.7,1548.7,9,6,7,0,0,17283,6.8,1796,2222,21.3,1728.3
1,7,3,6,0,0,18351,7.4,3827,3161,22.2,1835.1,3,7,3,1,0,14524,6.4,-3827,-3161,20.1,1452.4
0,1,9,1,0,0,13797,6.2,-5533,-4951,17.3,1379.7,9,1,10,2,0,19330,7.4,5533,4951,25.6,1933
1,6,7,3,0,0,16241,7.2,-602,-905,23.8,1624.1,7,6,5,0,0,16843,7.2,602,905,23.2,1684.3
1,6,5,5,0,0,17065,7.4,1525,873,25.7,1706.5,5,6,5,2,0,15540,7,-1525,-873,18.9,1554
1,8,0,6,0,0,18609,7.2,5109,3009,24.4,1860.9,0,8,0,1,0,13500,6.6,-5109,-3009,21.6,1350
1,8,5,8,1,0,16259,6.8,656,-718,17.1,1625.9,5,8,3,1,0,15603,6.8,-656,718,23,1560.3
0,8,4,6,1,0,17858,7.2,1886,460,26.7,1785.8,4,8,4,0,0,15972,7,-1886,-460,21.9,1597.2
1,12,7,12,0,0,19055,7,982,1653,22.5,1905.5,7,12,8,2,0,18073,6.6,-982,-1653,18.8,1807.3
1,8,7,10,2,0,17217,7.2,-414,-47,18.5,1721.7,7,8,3,0,0,17631,7,414,47,19.8,1763.1
0,6,4,7,0,0,16091,7,356,122,23.8,1609.1,4,6,4,1,0,15735,7,-356,-122,21.7,1573.5
0,8,10,13,1,0,17174,6.8,-516,-4,24.4,1717.4,10,8,13,0,0,17690,6.8,516,4,18.3,1769
0,3,7,2,1,0,14961,6.6,-2212,-2725,22,1496.1,7,3,5,0,0,17173,7.4,2212,2725,23.5,1717.3
1,7,9,8,0,0,16076,6.8,-923,-803,18.7,1607.6,9,7,11,1,0,16999,6.8,923,803,19.7,1699.9
0,5,9,3,0,0,15905,6.8,-1798,-1804,20.3,1590.5,9,5,5,1,0,17703,7,1798,1804,21.8,1770.3
0,6,10,7,1,0,15075,6.4,-3996,-3131,17.9,1507.5,10,6,11,1,0,19071,7.4,3996,3131,21,1907.1
1,7,6,9,0,0,16711,6.6,259,-527,20.7,1671.1,6,7,3,0,0,16452,6.8,-259,527,22.1,1645.2
0,7,2,11,0,0,17371,6.6,3058,1096,20.9,1737.1,2,7,2,0,0,14313,6.6,-3058,-1096,23,1431.3
0,3,4,5,0,0,15537,7,-937,-89,23.1,1553.7,4,3,5,1,0,16474,7.2,937,89,25.1,1647.4
0,2,12,2,0,0,13751,6.2,-5551,-2712,18.3,1375.1,12,2,15,1,0,19302,6.8,5551,2712,20.1,1930.2
1,8,1,10,0,0,18888,7.2,4662,2019,23.2,1888.8,1,8,1,0,0,14226,6.6,-4662,-2019,20.7,1422.6
0,3,11,2,0,0,13962,6.4,-5812,-5009,19.2,1396.2,11,3,7,2,0,19774,7.4,5812,5009,22.5,1977.4
1,5,8,4,0,0,16697,7,-63,-779,21.4,1669.7,8,5,4,1,0,16760,7.2,63,779,21.9,1676
0,4,8,3,2,0,15815,7.2,-1110,-391,24.5,1581.5,8,4,10,0,0,16925,7,1110,391,22.9,1692.5
1,6,4,5,0,0,17047,7.2,1604,1599,26,1704.7,4,6,5,1,0,15443,6.8,-1604,-1599,20.9,1544.3
0,5,13,2,0,0,15118,6.6,-3673,-3603,21.4,1511.8,13,5,11,2,0,18791,7.4,3673,3603,20.6,1879.1
0,6,9,7,0,0,16035,6.6,-2257,-2894,19.6,1603.5,9,6,5,1,0,18292,7.4,2257,2894,23,1829.2
1,8,3,7,1,0,16225,6.8,195,428,17.9,1622.5,3,8,4,0,0,16030,6.6,-195,-428,23.9,1603
0,3,2,4,1,0,15033,6.8,6,205,21.1,1503.3,2,3,2,0,0,15027,7.2,-6,-205,22.1,1502.7
0,8,10,11,1,0,17064,6.6,-574,-1413,18.5,1706.4,10,8,14,1,0,17638,6.8,574,1413,21.7,1763.8
0,13,8,12,1,0,18043,6.8,468,302,18.6,1804.3,8,13,9,0,0,17575,6.8,-468,-302,21.9,1757.5
0,5,4,7,1,0,15710,7.2,-152,713,23.9,1571,4,5,5,1,0,15862,7,152,-713,21.8,1586.2
0,6,0,7,0,0,17476,7.2,3460,2275,22.6,1747.6,0,6,0,1,0,14016,6.8,-3460,-2275,24.2,1401.6
1,1,7,1,0,0,14745,6.8,-2556,-325,23.6,1474.5,7,1,9,0,0,17301,7,2556,325,23.8,1730.1
0,6,9,8,1,0,16052,7,-1558,-500,22.1,1605.2,9,6,9,0,0,17610,7,1558,500,21.2,1761
1,10,2,14,1,0,18888,7.2,4780,2748,24.2,1888.8,2,10,2,0,0,14108,6.4,-4780,-2748,20.3,1410.8
0,3,7,5,0,0,15423,7.2,-2523,-732,24.1,1542.3,7,3,7,1,0,17946,7.4,2523,732,24.8,1794.6
0,7,7,6,1,0,15927,6.6,-2390,-2971,19.2,1592.7,7,7,13,0,0,18317,7.2,2390,2971,21.9,1831.7
0,5,8,3,0,0,15967,6.4,-1578,-598,22.3,1596.7,8,5,10,2,0,17545,7,1578,598,20.6,1754.5
1,13,9,13,1,0,19929,7.6,2558,2349,22.4,1992.9,9,13,14,0,0,17371,7.2,-2558,-2349,20.8,1737.1
0,5,5,7,0,0,16110,7,-146,557,22.2,1611,5,5,7,0,0,16256,7,146,-557,21.7,1625.6
1,9,8,9,0,0,17631,7,1564,86,21.4,1763.1,8,9,7,0,0,16067,7,-1564,-86,19.3,1606.7
1,4,4,4,2,0,16337,7,1260,1487,25.1,1633.7,4,4,2,0,0,15077,6.8,-1260,-1487,20.4,1507.7
1,6,5,8,1,0,16693,7,1722,1857,24,1669.3,5,6,2,0,0,14971,6.6,-1722,-1857,19.3,1497.1
1,5,7,7,2,0,18334,7.4,1111,26,23.1,1833.4,7,5,7,0,0,17223,7.4,-1111,-26,24,1722.3
1,4,9,7,1,0,14641,6.6,-3174,-1926,17.1,1464.1,9,4,14,1,0,17815,7,3174,1926,19.4,1781.5
0,2,4,2,0,0,14524,6.8,-1333,-1832,21.4,1452.4,4,2,2,0,0,15857,7,1333,1832,26,1585.7
0,6,5,10,0,0,16111,6.4,1039,-79,21.9,1611.1,5,6,3,1,0,15072,6.8,-1039,79,21.3,1507.2
0,3,9,4,1,0,15284,7,-3712,-3375,20.7,1528.4,9,3,6,1,0,18996,7.6,3712,3375,24.6,1899.6
1,2,6,1,1,0,14107,6.6,-1699,-364,18,1410.7,6,2,10,0,0,15806,6.8,1699,364,22,1580.6
1,7,7,7,0,0,17152,6.8,629,753,22.3,1715.2,7,7,9,1,0,16523,6.8,-629,-753,21.2,1652.3
1,7,9,8,0,0,16025,6.4,-2344,-1592,19.7,1602.5,9,7,7,1,0,18369,6.8,2344,1592,21.1,1836.9
1,2,3,2,2,0,15130,7.2,-27,281,23.4,1513,3,2,3,0,0,15157,7.4,27,-281,25,1515.7
0,7,5,11,0,0,16230,6.6,-30,-965,18.1,1623,5,7,5,0,0,16260,6.8,30,965,23.1,1626
0,7,7,4,0,0,16113,6.8,-211,320,20.5,1611.3,7,7,9,1,0,16324,6.6,211,-320,19.1,1632.4
0,10,9,8,1,0,17394,7,-614,-846,19.5,1739.4,9,10,8,0,0,18008,7,614,846,18.7,1800.8
0,2,9,0,1,0,13803,6.6,-4410,-4163,20.3,1380.3,9,2,3,1,0,18213,7.4,4410,4163,23.6,1821.3
0,3,9,2,0,0,13893,6.4,-4054,-3806,17.1,1389.3,9,3,11,2,0,17947,7,4054,3806,21.8,1794.7
0,5,6,5,0,0,16312,7,-77,260,23.9,1631.2,6,5,11,1,0,16389,7,77,-260,23,1638.9
1,11,6,15,1,0,18205,7,2002,1791,20.7,1820.5,6,11,9,0,0,16203,6.4,-2002,-1791,20.8,1620.3
1,5,7,6,1,0,16484,6.6,-94,-844,24.2,1648.4,7,5,7,0,0,16578,7,94,844,20.1,1657.8
0,6,8,10,0,0,16661,7,171,807,23.3,1666.1,8,6,10,0,0,16490,7,-171,-807,22.9,1649
0,5,10,7,0,0,15381,6.4,-2099,-1505,20.2,1538.1,10,5,15,1,0,17480,7,2099,1505,20.6,1748
0,13,6,14,2,0,19234,6.8,3274,1603,17.9,1923.4,6,13,6,0,0,15960,6.4,-3274,-1603,20.6,1596
1,11,4,14,0,0,19350,7.4,4553,3000,23.4,1935,4,11,2,0,0,14797,6.4,-4553,-3000,20.8,1479.7
0,5,6,3,1,0,17389,7.4,760,120,22.4,1738.9,6,5,6,1,0,16629,7.2,-760,-120,23.5,1662.9
0,8,6,9,1,0,16138,6.6,611,-139,19.5,1613.8,6,8,5,0,0,15527,6.8,-611,139,21.5,1552.7
1,3,2,2,0,0,15271,7,356,58,19.9,1527.1,2,3,2,0,0,14915,7,-356,-58,23.2,1491.5
1,10,9,7,0,0,17584,6.4,316,-1561,15.9,1758.4,9,10,8,0,0,17268,6.6,-316,1561,20.2,1726.8
0,8,4,10,0,0,17297,7,1961,564,21.1,1729.7,4,8,5,1,0,15336,6.8,-1961,-564,21.1,1533.6
1,9,3,14,1,0,17693,6.8,4282,1993,20.1,1769.3,3,9,1,0,0,13411,6.6,-4282,-1993,21.8,1341.1
1,4,7,5,0,0,14703,6.6,-1323,-591,23.2,1470.3,7,4,15,0,0,16026,6.8,1323,591,19.1,1602.6
1,6,6,12,0,0,17394,7,285,-352,23.3,1739.4,6,6,9,0,0,17109,7,-285,352,22.8,1710.9
0,9,5,14,0,0,16563,6.8,-1292,-1426,18.2,1656.3,5,9,3,2,0,17855,7,1292,1426,23.7,1785.5
0,4,2,3,0,0,15270,6.8,-375,-1283,22.5,1527,2,4,1,1,0,15645,7.4,375,1283,20.7,1564.5
0,3,6,3,0,0,14906,6.6,-1198,-599,19.5,1490.6,6,3,1,0,0,16104,6.8,1198,599,25,1610.4
1,14,3,8,1,0,19085,7.2,4784,3335,22.6,1908.5,3,14,2,0,0,14301,6.2,-4784,-3335,17.8,1430.1
1,2,2,3,2,0,15290,7,-9,-307,25.3,1529,2,2,2,0,0,15299,7,9,307,24.3,1529.9
0,4,8,7,0,0,15557,6.6,-2101,-2009,21.2,1555.7,8,4,11,2,0,17658,7.2,2101,2009,24.9,1765.8
1,8,3,7,1,0,17318,7.4,2789,3223,24.4,1731.8,3,8,2,0,0,14529,6.4,-2789,-3223,20.3,1452.9
0,7,6,5,0,0,16359,7,117,-113,21.9,1635.9,6,7,7,1,0,16242,6.8,-117,113,22.9,1624.2
0,3,8,4,0,0,14722,6.4,-3784,-3051,21.8,1472.2,8,3,12,1,0,18506,7.2,3784,3051,23.9,1850.6
0,3,8,3,0,0,15035,6.4,-2930,-2300,20.2,1503.5,8,3,9,1,0,17965,7,2930,2300,23.8,1796.5
0,2,9,2,0,0,14663,6.4,-3148,-2856,22.8,1466.3,9,2,13,1,0,17811,7.2,3148,2856,21.5,1781.1
0,4,7,3,0,0,15504,7,-1471,-1204,22.2,1550.4,7,4,10,1,0,16975,7,1471,1204,21.4,1697.5
0,4,6,2,0,0,16463,7.2,801,1090,24.7,1646.3,6,4,7,1,0,15662,6.8,-801,-1090,19.7,1566.2
1,7,8,6,0,0,17009,7.2,45,1199,24.1,1700.9,8,7,9,0,0,16964,7,-45,-1199,21.1,1696.4
1,6,6,6,1,0,16866,6.8,69,-552,21.8,1686.6,6,6,9,1,0,16797,6.8,-69,552,24.7,1679.7
0,6,3,4,0,0,16982,7,1277,297,24.2,1698.2,3,6,4,1,0,15705,6.8,-1277,-297,21.8,1570.5
0,3,12,5,0,0,15051,6.8,-4401,-3035,21.1,1505.1,12,3,12,0,0,19452,7.6,4401,3035,23.9,1945.2
0,10,3,11,0,0,18719,7.4,3523,1757,23.6,1871.9,3,10,2,1,0,15196,6.6,-3523,-1757,22,1519.6
0,7,13,11,0,0,15541,6.2,-3711,-2987,18,1554.1,13,7,16,0,0,19252,7,3711,2987,20.7,1925.2
1,14,10,6,1,0,20114,7,2397,3292,22,2011.4,10,14,9,0,0,17717,6.4,-2397,-3292,21.8,1771.7
1,10,3,8,1,0,20173,7.4,6281,4551,24.8,2017.3,3,10,0,1,0,13892,6.6,-6281,-4551,20.4,1389.2
0,9,9,14,0,0,17058,6.4,-1004,-2008,17.4,1705.8,9,9,14,0,0,18062,7,1004,2008,21.3,1806.2
0,11,6,6,1,0,19900,7,4027,701,20,1990,6,11,9,0,0,15873,6.6,-4027,-701,19.7,1587.3
1,5,6,5,1,0,15536,6.8,-833,-1021,17.9,1553.6,6,5,6,1,0,16369,7.2,833,1021,24,1636.9
0,5,11,5,0,0,15946,6.8,-2267,-2010,20.8,1594.6,11,5,14,1,0,18213,7,2267,2010,22.7,1821.3
1,6,9,6,0,0,16398,7.4,4624,2511,20.9,1639.8,9,6,6,0,0,17825,6.6,-4624,-2511,18,1782.5
0,6,9,8,0,0,15087,6.6,-3782,-3060,17.7,1508.7,9,6,10,1,0,18869,7.4,3782,3060,24.5,1886.9
1,3,4,6,0,0,14632,6.4,-1134,-906,19.8,1463.2,4,3,5,1,0,15766,6.8,1134,906,22.3,1576.6
1,8,6,4,1,0,16883,7.2,955,642,21.5,1688.3,6,8,5,0,0,15928,7,-955,-642,20.6,1592.8
0,7,6,5,0,0,15463,6.4,-3882,-2253,20.8,1546.3,6,7,15,2,0,19345,7,3882,2253,21.3,1934.5
0,5,4,6,0,0,16158,7.4,-811,1024,17.5,1615.8,4,5,2,2,0,16969,7.2,811,-1024,23.2,1696.9
1,4,7,6,0,0,15295,6.8,-1755,-1014,22.5,1529.5,7,4,13,0,0,17050,7,1755,1014,21.8,1705
1,8,6,5,1,0,17540,7.4,1499,2433,23.2,1754,6,8,4,0,0,16041,7,-1499,-2433,18.7,1604.1
1,6,1,6,0,0,17066,7.6,3215,2650,23.9,1706.6,1,6,0,1,0,13851,6.8,-3215,-2650,22,1385.1
0,5,5,6,0,0,16110,6.8,-1519,-1488,24.5,1611,5,5,10,1,0,17629,7.2,1519,1488,22.8,1762.9
1,9,5,6,0,0,17707,7.2,2488,2913,20.5,1770.7,5,9,5,0,0,15219,6.4,-2488,-2913,19,1521.9
1,6,7,5,1,0,16461,7,-667,1243,17.3,1646.1,7,6,9,0,0,17128,6.6,667,-1243,22.4,1712.8
0,5,4,4,0,0,16429,7,-172,1254,24.2,1642.9,4,5,5,0,0,16601,6.8,172,-1254,21.9,1660.1
0,3,7,3,1,0,15495,7,-1972,-1613,22.6,1549.5,7,3,9,0,0,17467,7.2,1972,1613,23.3,1746.7
0,4,5,4,1,0,15875,7,-396,-1091,23.5,1587.5,5,4,6,0,0,16271,7.2,396,1091,21,1627.1
0,7,5,10,0,0,16521,7,413,-857,22.3,1652.1,5,7,5,0,0,16108,7,-413,857,19.7,1610.8
1,7,6,10,0,0,16781,7,439,751,19.5,1678.1,6,7,6,2,0,16342,7,-439,-751,20.3,1634.2
0,10,4,12,0,0,17748,7.2,2329,2416,17.5,1774.8,4,10,4,1,0,15419,6.6,-2329,-2416,21.8,1541.9
0,5,13,2,0,0,16145,7,-2746,-1939,22.1,1614.5,13,5,14,1,0,18891,7.2,2746,1939,22.9,1889.1
0,3,6,3,0,0,15049,6.8,-964,-271,20,1504.9,6,3,4,2,0,16013,7,964,271,19.6,1601.3
1,8,4,13,1,0,16712,6.8,2357,1436,19.4,1671.2,4,8,3,0,0,14355,6.4,-2357,-1436,16.2,1435.5
0,8,6,11,1,0,17662,7.2,1016,310,21.9,1766.2,6,8,8,1,0,16646,7.2,-1016,-310,23.1,1664.6
0,3,12,2,0,0,15197,6.8,-3960,-1446,22.3,1519.7,12,3,15,2,0,19157,7,3960,1446,21.6,1915.7
1,6,3,6,1,0,17604,7.4,2547,2796,24.8,1760.4,3,6,2,0,0,15057,6.6,-2547,-2796,19.5,1505.7
0,10,12,7,0,0,17431,6.8,-1294,-267,20.2,1743.1,12,10,6,0,0,18725,6.8,1294,267,19.5,1872.5
0,2,11,2,0,0,14346,6.4,-3886,-3453,20,1434.6,11,2,10,1,0,18232,7.2,3886,3453,22,1823.2
0,8,3,8,1,0,17623,7,3100,1006,22.9,1762.3,3,8,2,0,0,14523,6.8,-3100,-1006,20.9,1452.3
0,8,8,8,1,0,18683,7.2,1874,1408,21.8,1868.3,8,8,8,1,0,16809,6.8,-1874,-1408,21.5,1680.9
1,4,4,5,1,0,15561,6.8,246,-549,22.6,1556.1,4,4,1,0,0,15315,7,-246,549,22.8,1531.5
0,10,10,11,1,0,18172,7.2,-347,393,21.8,1817.2,10,10,10,0,0,18519,7,347,-393,21.9,1851.9
1,6,6,2,1,0,16753,6.8,1936,1799,19,1675.3,6,6,3,1,0,14817,7,-1936,-1799,19,1481.7
0,6,6,7,0,0,15800,6.8,-966,111,20.3,1580,6,6,7,0,0,16766,7,966,-111,22,1676.6
0,1,12,1,0,0,13525,6.4,-5423,-4119,21,1352.5,12,1,14,1,0,18948,7.4,5423,4119,20.6,1894.8
1,5,3,5,0,0,16418,7.2,1234,962,24.2,1641.8,3,5,3,2,0,15184,6.8,-1234,-962,21.5,1518.4
0,3,4,2,0,0,14867,6.8,-822,-592,22.2,1486.7,4,3,4,0,0,15689,7,822,592,20.9,1568.9
0,1,8,0,0,0,14288,6.4,-3358,-2837,23.7,1428.8,8,1,6,1,0,17646,7.2,3358,2837,24,1764.6
1,6,5,7,1,0,16106,6.8,-443,396,21.6,1610.6,5,6,6,1,0,16549,7,443,-396,24,1654.9
0,7,7,4,0,0,16068,6.8,-466,608,19.3,1606.8,7,7,9,0,0,16534,6.4,466,-608,22.4,1653.4
1,6,7,6,0,0,16559,7,-1192,-1896,20.8,1655.9,7,6,6,1,0,17751,7.4,1192,1896,24.2,1775.1
1,5,5,5,1,0,16388,7,178,882,25.6,1638.8,5,5,5,1,0,16210,6.8,-178,-882,21.6,1621
1,4,8,6,1,0,15077,7,-2035,-1237,20.8,1507.7,8,4,7,0,0,17112,7,2035,1237,23.1,1711.2
0,2,7,2,0,0,15106,6.8,-4579,-3361,23.7,1510.6,7,2,7,2,0,19685,7.4,4579,3361,24.6,1968.5
0,4,5,6,0,0,16569,7,77,-875,22.8,1656.9,5,4,6,1,0,16492,7.2,-77,875,24.6,1649.2
1,9,6,11,1,0,16863,7,296,1370,22.7,1686.3,6,9,3,0,0,16567,7,-296,-1370,22.2,1656.7
0,7,11,7,0,0,16171,6.4,-2171,-2897,16.6,1617.1,11,7,13,1,0,18342,7,2171,2897,22,1834.2
1,7,1,12,1,0,17149,7,3370,2895,21.6,1714.9,1,7,0,0,0,13779,6.4,-3370,-2895,20.9,1377.9
1,5,2,4,2,0,16071,6.8,1723,1090,22.4,1607.1,2,5,3,0,0,14348,6.6,-1723,-1090,21,1434.8
1,8,4,12,0,0,18498,7.2,2759,980,23.2,1849.8,4,8,2,1,0,15739,7,-2759,-980,21.5,1573.9
0,3,7,3,0,0,14936,6.6,-1703,-2550,22.5,1493.6,7,3,7,0,0,16639,7.2,1703,2550,22.1,1663.9
1,12,6,6,1,0,18901,7,2699,1015,21,1890.1,6,12,8,0,0,16202,6.6,-2699,-1015,20.3,1620.2
1,6,3,6,0,0,16372,6.8,2201,374,19.1,1637.2,3,6,2,0,0,14171,6.8,-2201,-374,18.7,1417.1
1,10,3,11,1,0,17959,7.2,3136,1557,22.2,1795.9,3,10,1,0,0,14823,6.8,-3136,-1557,22.1,1482.3
0,2,10,1,0,0,13550,6.8,-4982,-3368,19.4,1355,10,2,5,2,0,18532,7.4,4982,3368,25.8,1853.2
1,4,8,4,1,0,15767,7,-953,-677,23.3,1576.7,8,4,8,0,0,16720,7,953,677,22.6,1672
1,10,5,6,2,0,17156,7.4,777,977,23.5,1715.6,5,10,3,0,0,16379,7,-777,-977,25.4,1637.9
0,2,12,2,0,0,13802,6.8,-5571,-2139,20.2,1380.2,12,2,16,2,0,19373,7.2,5571,2139,24.7,1937.3
0,5,9,5,0,0,15184,6.2,-2098,-1464,19.9,1518.4,9,5,9,2,0,17282,6.8,2098,1464,22,1728.2
1,3,3,3,1,0,15923,7,1916,1404,24.8,1592.3,3,3,3,1,0,14007,6.8,-1916,-1404,19.3,1400.7
1,4,4,3,1,0,15222,7,712,1633,22.8,1522.2,4,4,5,1,0,14510,6.8,-712,-1633,19.8,1451
0,2,4,1,0,0,14856,6.8,-1129,-1348,24,1485.6,4,2,4,1,0,15985,7.4,1129,1348,22.5,1598.5
0,6,10,7,1,0,15336,6.6,-2735,-2136,18.7,1533.6,10,6,9,1,0,18071,7,2735,2136,22.6,1807.1
1,10,3,15,1,0,18488,7.4,3096,2404,22.4,1848.8,3,10,2,0,0,15392,6.8,-3096,-2404,21,1539.2
1,5,7,4,1,0,15681,6.6,-1058,-1404,20.5,1568.1,7,5,10,0,0,16739,7,1058,1404,22.4,1673.9
0,3,5,3,1,0,17159,7,1075,525,25,1715.9,5,3,7,1,0,16084,7,-1075,-525,22.5,1608.4
1,3,5,2,0,0,15221,6.8,-531,28,21.8,1522.1,5,3,6,1,0,15752,7,531,-28,24,1575.2
0,8,7,10,0,0,16746,6.8,409,-292,18.8,1674.6,7,8,8,1,0,16337,7,-409,292,21.6,1633.7
0,6,8,8,0,0,18235,6.8,517,-151,22.9,1823.5,8,6,11,1,0,17718,6.8,-517,151,21.3,1771.8
1,5,7,5,0,0,16514,6.8,-17,-514,24.4,1651.4,7,5,10,1,0,16531,7,17,514,20.9,1653.1
0,8,8,14,0,0,17346,6.8,1399,1293,19.1,1734.6,8,8,14,0,0,15947,6.2,-1399,-1293,19.3,1594.7
0,3,5,5,1,0,14838,6.8,-1278,-1387,20.8,1483.8,5,3,9,0,0,16116,7,1278,1387,22.1,1611.6
0,3,9,4,0,0,14471,7,-3385,-2781,20.8,1447.1,9,3,8,1,0,17856,7.4,3385,2781,22.3,1785.6
1,5,2,5,1,0,16214,7.2,136,365,22.5,1621.4,2,5,2,1,0,16078,7,-136,-365,23.6,1607.8
0,8,5,12,2,0,17839,7,1339,1176,21.7,1783.9,5,8,5,0,0,16500,6.6,-1339,-1176,21.2,1650
1,6,5,7,1,0,17674,7.2,2521,3096,22.5,1767.4,5,6,8,0,0,15153,6.6,-2521,-3096,21.7,1515.3
1,11,3,13,0,0,19008,7.4,4255,2387,20.6,1900.8,3,11,1,0,0,14753,6.6,-4255,-2387,20.2,1475.3
1,4,4,6,0,0,15800,7.4,-302,764,23.1,1580,4,4,4,0,0,16102,7.2,302,-764,23.6,1610.2
0,6,11,3,0,0,16225,7,-2741,-425,20.3,1622.5,11,6,16,1,0,18966,7,2741,425,22,1896.6
1,8,3,8,2,0,18237,7,3675,2389,23,1823.7,3,8,4,0,0,14562,7,-3675,-2389,17,1456.2
0,6,6,5,1,0,16512,6.8,46,-1299,22.5,1651.2,6,6,8,0,0,16466,7.2,-46,1299,23.2,1646.6
1,9,3,6,1,0,17478,7.2,1071,107,25.7,1747.8,3,9,1,1,0,16407,7,-1071,-107,27.4,1640.7
1,3,6,2,2,0,15804,7.2,-427,1475,22.2,1580.4,6,3,10,0,0,16231,6.6,427,-1475,21.7,1623.1
0,7,5,6,2,0,16158,6.8,1184,1807,22.4,1615.8,5,7,3,0,0,14974,6.6,-1184,-1807,17.7,1497.4
0,5,5,7,0,0,15799,7,56,-694,22.5,1579.9,5,5,4,1,0,15743,7.2,-56,694,20.8,1574.3
1,9,5,12,0,0,18876,7,2201,615,23.5,1887.6,5,9,7,1,0,16675,7,-2201,-615,19.6,1667.5
0,2,4,1,0,0,15193,7,-610,-1156,25.2,1519.3,4,2,6,1,0,15803,7.4,610,1156,21.5,1580.3
1,8,4,8,2,0,19528,7.4,3974,2785,25.7,1952.8,4,8,5,0,0,15554,6.8,-3974,-2785,22,1555.4
0,7,7,6,1,0,17597,7.2,118,299,24.4,1759.7,7,7,7,0,0,17479,7,-118,-299,22.4,1747.9
0,5,6,3,0,0,16495,7,955,748,23,1649.5,6,5,6,0,0,15540,6.8,-955,-748,16.4,1554
0,5,8,3,0,0,16042,7,-686,-893,23.8,1604.2,8,5,4,2,0,16728,7.2,686,893,21.6,1672.8
1,3,5,3,1,0,15636,6.8,-1086,-637,22,1563.6,5,3,10,1,0,16722,7,1086,637,21.6,1672.2
1,11,7,11,1,0,19063,7.2,2411,875,23.7,1906.3,7,11,5,1,0,16652,7.2,-2411,-875,22.1,1665.2
1,11,2,6,0,0,18963,7.4,5337,3334,23.9,1896.3,2,11,2,1,0,13626,6.6,-5337,-3334,17.9,1362.6
1,9,5,9,0,0,18391,6.6,2040,725,18.3,1839.1,5,9,3,1,0,16351,6.6,-2040,-725,20.3,1635.1
0,3,9,5,1,0,15492,7,-2139,868,24.5,1549.2,9,3,12,1,0,17631,6.6,2139,-868,19.5,1763.1
0,5,9,6,2,0,16142,6.8,-1231,-888,23,1614.2,9,5,11,0,0,17373,6.8,1231,888,22.1,1737.3
1,6,4,4,1,0,16926,7.2,1947,1677,22.9,1692.6,4,6,1,1,0,14979,6.8,-1947,-1677,23,1497.9
0,4,3,7,0,0,15517,6.6,653,-556,23.1,1551.7,3,4,1,1,0,14864,6.6,-653,556,22.6,1486.4
1,7,9,7,0,0,16929,7,-1149,-1888,22.8,1692.9,9,7,7,0,0,18078,7.2,1149,1888,23.2,1807.8
0,3,6,3,1,0,15094,6.6,-911,-870,23.7,1509.4,6,3,7,0,0,16005,6.8,911,870,20.4,1600.5
0,5,10,6,1,0,14604,6.2,-4752,-2451,21.8,1460.4,10,5,11,0,0,19356,6.8,4752,2451,21,1935.6
1,1,0,1,1,0,15268,7.2,296,440,26.9,1526.8,0,1,0,1,0,14972,7.2,-296,-440,25.1,1497.2
1,6,4,9,0,0,16317,6.8,1163,-539,21,1631.7,4,6,1,1,0,15154,6.8,-1163,539,24.1,1515.4
0,3,6,4,0,0,15426,7.2,-1672,-470,21.2,1542.6,6,3,6,1,0,17098,7.2,1672,470,25.9,1709.8
0,0,4,0,0,0,14052,6.6,-2502,-3183,22.9,1405.2,4,0,4,0,0,16554,7,2502,3183,24.9,1655.4
1,6,7,4,0,0,15369,6.8,-1833,-917,20,1536.9,7,6,4,1,0,17202,7,1833,917,24.5,1720.2
0,9,6,8,0,0,16961,6.6,531,-881,19.1,1696.1,6,9,13,1,0,16430,7.2,-531,881,19.8,1643
1,8,1,9,1,0,18177,7.4,3710,2326,25.6,1817.7,1,8,2,0,0,14467,7,-3710,-2326,22.6,1446.7
1,9,7,10,0,0,17329,6.8,675,691,22.3,1732.9,7,9,6,2,0,16654,6.8,-675,-691,22.7,1665.4
1,13,7,13,1,0,19161,7,2783,2368,23.2,1916.1,7,13,3,0,0,16378,6.8,-2783,-2368,19.5,1637.8
0,3,6,3,0,0,14649,6.6,-1945,-2496,20,1464.9,6,3,7,1,0,16594,7,1945,2496,21.6,1659.4
1,2,2,2,0,0,15367,7,183,-231,23.8,1536.7,2,2,2,2,0,15184,7.2,-183,231,23.3,1518.4
0,4,5,4,1,0,16229,7.2,960,813,24.7,1622.9,5,4,5,0,0,15269,6.8,-960,-813,20.1,1526.9
0,6,6,8,2,0,17258,7,1191,-311,23.9,1725.8,6,6,5,0,0,16067,6.8,-1191,311,21.3,1606.7
1,13,1,15,1,0,16398,7.8,14,-28,23,1639.8,1,13,2,1,0,13727,6.2,-14,28,20.1,1372.7
0,9,8,12,0,0,18004,7.4,-305,685,25.1,1800.4,8,9,8,1,0,18309,7.2,305,-685,24.9,1830.9
1,6,3,14,2,0,16398,7.4,14,4018,22.1,1639.8,3,6,1,0,0,14080,6.2,-14,-4018,19.7,1408
0,7,8,7,0,0,16650,7.2,-1213,-1099,21.2,1665,8,7,6,1,0,17863,7.2,1213,1099,22.9,1786.3
0,2,6,2,0,0,14710,6.8,-3673,-2499,23.1,1471,6,2,7,2,0,18383,7.4,3673,2499,22.5,1838.3
0,3,7,5,0,0,15442,6.6,-2109,-1475,23.7,1544.2,7,3,10,1,0,17551,7.2,2109,1475,23.3,1755.1
0,10,7,7,0,0,18923,7.4,1219,1356,24.1,1892.3,7,10,8,1,0,17704,7,-1219,-1356,20.7,1770.4
0,3,8,2,0,0,14783,6.2,-1905,-2223,20.6,1478.3,8,3,5,1,0,16688,7,1905,2223,22.4,1668.8
1,12,7,6,0,0,18074,6.8,2170,1207,21.1,1807.4,7,12,11,1,0,15904,6.4,-2170,-1207,18.8,1590.4
1,9,7,8,1,0,17684,7.4,620,146,22.4,1768.4,7,9,5,1,0,17064,7.2,-620,-146,19.7,1706.4
0,5,8,4,0,0,15476,6.8,-1972,-1621,18.4,1547.6,8,5,10,2,0,17448,7.2,1972,1621,21.3,1744.8
0,8,5,6,2,0,17622,7.2,1530,2220,25.2,1762.2,5,8,9,0,0,16092,7,-1530,-2220,23.9,1609.2
1,6,4,6,1,0,16385,6.6,1163,-1176,20.8,1638.5,4,6,4,1,0,15222,6.8,-1163,1176,19.4,1522.2
0,3,8,5,0,0,14425,6.6,-2619,-1506,19.8,1442.5,8,3,9,1,0,17044,6.6,2619,1506,21.2,1704.4
1,6,5,3,0,0,16059,7.2,584,1023,21.2,1605.9,5,6,8,0,0,15475,6.8,-584,-1023,20.7,1547.5
1,9,3,13,0,0,18633,7,2910,856,24.6,1863.3,3,9,4,1,0,15723,6.8,-2910,-856,22.6,1572.3
0,3,6,2,0,0,15731,6.6,-1057,-1798,25.1,1573.1,6,3,9,1,0,16788,7.2,1057,1798,22,1678.8
1,7,8,9,0,0,17371,7,-50,563,22.7,1737.1,8,7,9,1,0,17421,6.8,50,-563,22.2,1742.1
0,5,12,9,0,0,15631,6.4,-2084,-2025,19.9,1563.1,12,5,11,2,0,17715,7,2084,2025,16.5,1771.5
1,8,7,4,0,0,16935,7,469,1328,21,1693.5,7,8,12,0,0,16466,7,-469,-1328,21.2,1646.6
1,7,7,6,0,0,16639,6.8,-293,-818,21.4,1663.9,7,7,5,1,0,16932,7.2,293,818,23.2,1693.2
1,7,3,6,0,0,16738,7.4,1031,1909,21.9,1673.8,3,7,1,1,0,15707,7,-1031,-1909,21.8,1570.7
0,3,4,4,0,0,15419,6.8,-726,-1168,25.1,1541.9,4,3,4,2,0,16145,7.4,726,1168,23.6,1614.5
1,4,8,2,2,0,14752,6.8,-2511,-2094,20.9,1475.2,8,4,10,0,0,17263,7.4,2511,2094,24.2,1726.3
0,6,4,7,0,0,16508,7,489,-1163,20.4,1650.8,4,6,5,1,0,16019,7.2,-489,1163,23.5,1601.9
0,6,10,8,0,0,16544,6.8,-999,-955,22.3,1654.4,10,6,9,1,0,17543,6.8,999,955,22.1,1754.3
1,4,5,3,0,0,15597,7,-1366,-242,23.8,1559.7,5,4,3,1,0,16963,7.2,1366,242,26.6,1696.3
0,8,3,14,1,0,18022,7,2958,983,24.2,1802.2,3,8,2,0,0,15064,7,-2958,-983,22.6,1506.4
0,5,10,5,1,0,15714,6.8,-3095,-2200,20.8,1571.4,10,5,12,0,0,18809,7.2,3095,2200,24.4,1880.9
0,7,5,9,0,0,16219,7.2,709,1449,19.7,1621.9,5,7,5,1,0,15510,6.4,-709,-1449,19.9,1551
0,9,8,8,0,0,16956,6.8,-540,238,21.9,1695.6,8,9,8,0,0,17496,6.8,540,-238,20.5,1749.6
1,11,2,9,1,0,19280,7.6,5041,3996,25.2,1928,2,11,3,0,0,14239,6.8,-5041,-3996,21.5,1423.9
1,10,8,6,0,0,19540,7.2,1714,1487,24.7,1954,8,10,8,1,0,17826,7,-1714,-1487,21.1,1782.6
1,5,5,7,0,0,16038,7.2,-844,139,22.8,1603.8,5,5,5,1,0,16882,7.2,844,-139,22.6,1688.2
1,5,2,5,1,0,16594,7.4,1737,1565,22.7,1659.4,2,5,3,0,0,14857,7,-1737,-1565,21.7,1485.7
1,4,6,6,0,0,16040,7,109,66,21.4,1604,6,4,6,1,0,15931,6.8,-109,-66,22.1,1593.1
1,7,7,8,1,0,16282,6.8,686,-89,21.1,1628.2,7,7,6,1,0,15596,6.6,-686,89,18,1559.6
0,4,6,7,0,0,15527,6.8,-1537,93,20.2,1552.7,6,4,5,2,0,17064,6.8,1537,-93,21.6,1706.4
0,7,9,4,0,0,15933,6.8,-1790,-1980,22.1,1593.3,9,7,10,1,0,17723,7.2,1790,1980,22.3,1772.3
0,6,6,9,0,0,17070,7,1044,662,20.8,1707,6,6,8,0,0,16026,7,-1044,-662,20.8,1602.6
0,3,4,0,0,0,15084,7.2,-1302,1008,22.4,1508.4,4,3,5,1,0,16386,7,1302,-1008,22.6,1638.6
0,8,4,10,0,0,16600,7.2,1627,1723,19.2,1660,4,8,2,1,0,14973,6.6,-1627,-1723,19.4,1497.3
1,6,8,7,0,0,15982,6.6,-2221,-365,18.6,1598.2,8,6,15,0,0,18203,7.2,2221,365,21.9,1820.3
1,5,5,4,0,0,16355,6.6,-1874,-1002,22.1,1635.5,5,5,5,1,0,18229,7.2,1874,1002,20.5,1822.9
1,6,10,5,0,0,17040,7,-545,-1102,21.5,1704,10,6,9,1,0,17585,7,545,1102,21.4,1758.5
1,6,2,9,1,0,16737,6.8,2423,295,24.3,1673.7,2,6,2,1,0,14314,6.8,-2423,-295,23.2,1431.4
0,7,13,3,1,0,17090,7,-2001,-1137,22.2,1709,13,7,6,0,0,19091,7.6,2001,1137,21.7,1909.1
0,5,6,5,0,0,14689,7,14,-28,16.8,1468.9,6,5,10,1,0,16378,7.4,-14,28,21.8,1637.8
1,7,6,8,0,0,16135,6.8,494,-1338,19.6,1613.5,6,7,2,0,0,15641,7.2,-494,1338,21.4,1564.1
0,6,5,5,1,0,16500,6.8,496,1530,20.2,1650,5,6,6,1,0,16004,6.8,-496,-1530,22.2,1600.4
0,6,7,8,0,0,17318,7,568,-205,23.7,1731.8,7,6,8,2,0,16750,7.4,-568,205,20.2,1675
1,9,2,14,0,0,18202,7,3424,1624,23.2,1820.2,2,9,2,1,0,14778,6.4,-3424,-1624,22.8,1477.8
0,5,5,10,1,0,17208,7.2,549,429,26,1720.8,5,5,6,0,0,16659,6.8,-549,-429,25.8,1665.9
0,5,2,8,1,0,16496,6.8,1506,-169,25.1,1649.6,2,5,1,1,0,14990,7,-1506,169,22.4,1499
1,10,5,6,0,0,17915,7.4,2833,3175,22.2,1791.5,5,10,6,0,0,15082,6.6,-2833,-3175,20.6,1508.2
0,10,8,16,0,0,18917,7.2,773,1125,21,1891.7,8,10,11,1,0,18144,6.6,-773,-1125,20.7,1814.4
0,8,12,8,1,0,16484,6.4,-2146,-3245,17.6,1648.4,12,8,7,0,0,18630,7.2,2146,3245,20.4,1863
0,13,7,10,1,0,19402,7,2399,1719,21.3,1940.2,7,13,8,0,0,17003,6.6,-2399,-1719,21.2,1700.3
0,4,1,5,2,0,15869,7.2,453,76,24.9,1586.9,1,4,1,0,0,15416,7,-453,-76,26.5,1541.6
1,6,2,5,1,0,17338,7.4,2533,1568,25.6,1733.8,2,6,3,0,0,14805,7.2,-2533,-1568,24.2,1480.5
1,12,1,10,0,0,18849,7.4,5077,3251,23.1,1884.9,1,12,0,0,0,13772,6.6,-5077,-3251,22.4,1377.2
0,6,11,8,0,0,15250,6.2,-4699,-4580,18.3,1525,11,6,12,1,0,19949,7.4,4699,4580,23.7,1994.9
0,4,7,6,0,0,15210,6.6,-2161,-3222,20.7,1521,7,4,8,2,0,17371,7.4,2161,3222,21.4,1737.1
1,8,8,9,0,0,16692,7,-795,-117,18.1,1669.2,8,8,14,0,0,17487,7,795,117,22.2,1748.7
1,4,4,3,0,0,16621,6.8,875,-391,25.5,1662.1,4,4,7,0,0,15746,7,-875,391,23.8,1574.6
0,3,6,4,1,0,15698,7,-1556,-887,22.6,1569.8,6,3,7,0,0,17254,7,1556,887,23.7,1725.4
0,2,10,3,1,0,14593,6.6,-4019,-2008,19.9,1459.3,10,2,14,1,0,18612,7,4019,2008,23.2,1861.2
1,7,8,8,0,0,16712,6.8,-609,-1114,22.1,1671.2,8,7,11,1,0,17321,6.8,609,1114,22.9,1732.1
0,6,10,8,0,0,16837,7.2,-2152,-2041,19.1,1683.7,10,6,8,2,0,18989,7.4,2152,2041,23.7,1898.9
0,5,5,5,1,0,15514,7,-1509,-358,20,1551.4,5,5,4,0,0,17023,7,1509,358,25.9,1702.3
1,8,8,4,0,0,17236,7.2,-308,1739,23.5,1723.6,8,8,10,1,0,17544,6.8,308,-1739,22,1754.4
0,7,14,10,0,0,16204,7,-4473,-3040,18.2,1620.4,14,7,6,1,0,16378,7.4,4473,3040,23.7,1637.8
1,9,6,10,0,0,18422,7,2991,1357,21.9,1842.2,6,9,6,0,0,15431,6.6,-2991,-1357,20,1543.1
0,5,8,6,0,0,15356,6.8,-2416,-3217,20.7,1535.6,8,5,8,0,0,17772,7.4,2416,3217,23.9,1777.2
0,2,4,1,0,0,14848,6.8,-132,119,20.5,1484.8,4,2,3,1,0,14980,6.8,132,-119,21.3,1498
1,4,4,3,0,0,15688,6.8,91,591,23.7,1568.8,4,4,6,0,0,15597,6.8,-91,-591,23.9,1559.7
1,4,4,2,0,0,14926,7,-842,2032,20.3,1492.6,4,4,7,1,0,15768,7,842,-2032,24.3,1576.8
0,7,14,5,0,0,16190,6.6,-2302,-997,20.7,1619,14,7,16,0,0,18492,6.6,2302,997,17.3,1849.2
1,6,2,8,1,0,16318,7,2463,1390,22.6,1631.8,2,6,1,0,0,13855,6.8,-2463,-1390,20,1385.5
0,6,11,8,0,0,15376,6.6,-4264,-3932,19.6,1537.6,11,6,6,2,0,19640,7.4,4264,3932,26.2,1964
0,1,10,1,0,0,14666,6.2,-3480,-1368,23.3,1466.6,10,1,6,1,0,18146,7,3480,1368,19.3,1814.6
1,6,9,3,1,0,16301,7.2,-1207,606,23.5,1630.1,9,6,10,0,0,17508,7,1207,-606,23,1750.8
0,4,11,9,0,0,15124,6.8,-4664,-2707,21.3,1512.4,11,4,7,2,0,19788,7.4,4664,2707,24.9,1978.8
1,10,2,13,2,0,19031,7.4,4888,3753,21.2,1903.1,2,10,3,0,0,14143,6.8,-4888,-3753,18.2,1414.3
1,11,9,9,0,0,18581,7.2,1433,508,23.9,1858.1,9,11,7,1,0,17148,7,-1433,-508,21.8,1714.8
0,7,3,9,2,0,17144,7,1713,1673,23,1714.4,3,7,1,0,0,15431,6.6,-1713,-1673,21.6,1543.1
0,9,10,10,2,0,18368,7.2,-328,137,20.4,1836.8,10,9,13,0,0,18696,7.2,328,-137,23,1869.6
1,6,2,6,1,0,16844,7,2726,1990,24.3,1684.4,2,6,1,0,0,14118,6.8,-2726,-1990,21,1411.8
0,8,10,13,0,0,16707,6.6,-648,-1422,20.4,1670.7,10,8,12,1,0,17355,6.8,648,1422,19.3,1735.5
1,10,9,9,2,0,17868,7,-286,-916,17.7,1786.8,9,10,11,0,0,18154,7,286,916,24.7,1815.4
1,13,2,9,0,0,20043,7.8,5300,4813,26.4,2004.3,2,13,0,1,0,14743,6.6,-5300,-4813,23,1474.3
0,3,11,3,0,0,14852,6.6,-4835,-3655,19.4,1485.2,11,3,11,1,0,19687,7.2,4835,3655,19.5,1968.7
0,7,8,8,0,0,16302,6.2,-592,-2438,18.3,1630.2,8,7,10,0,0,16894,6.8,592,2438,21.6,1689.4
1,6,5,6,0,0,16398,7.4,14,-28,23.7,1639.8,5,6,7,0,0,15583,7,-14,28,21.8,1558.3
1,8,6,12,1,0,18352,7.2,1909,1099,24.2,1835.2,6,8,5,0,0,16443,7,-1909,-1099,22.5,1644.3
1,3,6,1,1,0,16873,6.8,1942,450,24,1687.3,6,3,4,0,0,14931,6.8,-1942,-450,16.8,1493.1
0,7,6,6,0,0,16949,7,16,560,23.6,1694.9,6,7,7,2,0,16933,7.2,-16,-560,23.2,1693.3
1,5,8,3,0,0,16344,7.4,-860,949,23,1634.4,8,5,6,1,0,17204,7.2,860,-949,20.2,1720.4
0,5,6,6,0,0,15268,6.6,-2308,-1946,21.1,1526.8,6,5,8,1,0,17576,7.2,2308,1946,26.3,1757.6
1,8,7,8,1,0,16463,6.4,-460,-1189,18.6,1646.3,7,8,4,0,0,16923,6.8,460,1189,23.8,1692.3
1,7,4,6,0,0,17049,6.8,799,440,22.1,1704.9,4,7,3,1,0,16250,6.6,-799,-440,21.5,1625
1,4,2,3,1,0,15811,7.2,886,355,24.2,1581.1,2,4,1,0,0,14925,7.2,-886,-355,23.6,1492.5
0,1,9,1,0,0,14109,6.4,-3300,-3318,20.5,1410.9,9,1,7,0,0,17409,7.2,3300,3318,23.1,1740.9
0,2,8,2,0,0,16398,7,14,-28,21.8,1639.8,8,2,11,1,0,16378,7.4,-14,28,23.9,1637.8
1,10,3,16,1,0,18487,7.2,3851,1574,21.1,1848.7,3,10,3,0,0,14636,6.4,-3851,-1574,21.1,1463.6
0,8,5,7,1,0,16860,7.2,-147,21,19.8,1686,5,8,5,0,0,17007,7.2,147,-21,25.7,1700.7
1,7,5,14,1,0,17798,7,1698,1171,22.2,1779.8,5,7,7,0,0,16100,6.8,-1698,-1171,24.1,1610
0,6,6,4,0,0,15789,6.6,-966,-901,23,1578.9,6,6,5,1,0,16755,7,966,901,23.1,1675.5
0,13,7,6,1,0,19609,7,3454,175,20.7,1960.9,7,13,6,0,0,16155,6.8,-3454,-175,20.1,1615.5
0,5,6,6,1,0,14853,6.4,-2673,-1867,17.4,1485.3,6,5,8,1,0,17526,7,2673,1867,24.6,1752.6
0,3,4,2,0,0,15369,7,-482,-349,22.1,1536.9,4,3,5,1,0,15851,7,482,349,25.7,1585.1
1,6,8,7,0,0,17053,7,-298,0,21.9,1705.3,8,6,7,1,0,17351,7.2,298,0,21.3,1735.1
1,11,9,10,1,0,17307,6.6,-224,-765,16.1,1730.7,9,11,9,0,0,17531,6.8,224,765,21,1753.1
0,3,9,3,0,0,14881,6.4,-1683,-377,19.5,1488.1,9,3,6,1,0,16564,6.4,1683,377,18.5,1656.4
1,9,4,7,0,0,17928,7.4,2514,2924,25,1792.8,4,9,5,0,0,15414,7,-2514,-2924,18,1541.4
0,3,3,2,1,0,14876,7,81,450,22.1,1487.6,3,3,6,1,0,14795,7,-81,-450,21.8,1479.5
1,3,2,3,1,0,15356,7,420,521,21.2,1535.6,2,3,1,0,0,14936,7,-420,-521,23,1493.6
1,7,7,7,1,0,16122,6.8,-1167,259,16.8,1612.2,7,7,3,0,0,17289,7,1167,-259,21,1728.9
1,4,4,4,1,0,15426,7,-99,151,21.1,1542.6,4,4,2,1,0,15525,6.8,99,-151,23,1552.5
1,7,7,5,0,0,16448,7.2,387,1781,21.6,1644.8,7,7,2,0,0,16061,6.8,-387,-1781,21,1606.1
0,2,5,1,0,0,14182,6.8,-1700,-1053,22,1418.2,5,2,3,0,0,15882,6.8,1700,1053,22.3,1588.2
1,4,7,4,1,0,15891,7.2,-820,-298,20,1589.1,7,4,7,1,0,16711,7.4,820,298,21.4,1671.1
1,5,13,5,1,0,15858,6.4,-3945,-1758,21.9,1585.8,13,5,6,1,0,19803,7.2,3945,1758,19.6,1980.3
0,4,8,5,1,0,14949,6.4,-3238,-1130,18,1494.9,8,4,9,1,0,18187,7,3238,1130,25.9,1818.7
0,2,6,3,1,0,14377,7,-2511,-2347,21,1437.7,6,2,8,0,0,16888,7.2,2511,2347,24.9,1688.8
0,5,3,6,1,0,15946,7,1433,1278,22.3,1594.6,3,5,2,0,0,14513,7,-1433,-1278,18.3,1451.3
0,2,6,3,0,0,15584,6.8,-1037,-1057,23.4,1558.4,6,2,13,0,0,16621,7.2,1037,1057,22.2,1662.1
1,4,3,3,1,0,15800,7,1344,1628,24.4,1580,3,4,1,0,0,14456,6.6,-1344,-1628,21,1445.6
0,6,6,7,2,0,16210,7.2,-245,330,23.1,1621,6,6,8,0,0,16455,7.2,245,-330,22,1645.5
1,13,4,7,1,0,16398,7.4,5920,2703,22.9,1639.8,4,13,3,0,0,14667,6.8,-5920,-2703,16.8,1466.7
1,3,5,3,1,0,15735,7,539,774,23.3,1573.5,5,3,4,0,0,15196,7,-539,-774,22,1519.6
0,8,7,7,0,0,17378,7.2,708,302,24.2,1737.8,7,8,6,0,0,16670,7,-708,-302,23.5,1667
0,10,5,14,0,0,17993,6.6,2876,2805,22.2,1799.3,5,10,8,0,0,15117,7,-2876,-2805,18,1511.7
1,5,7,9,0,0,16072,6.8,-184,408,23.6,1607.2,7,5,7,0,0,16256,6.8,184,-408,19.5,1625.6
0,3,5,4,1,0,15557,7,-101,-380,25.1,1555.7,5,3,2,0,0,15658,7.2,101,380,21,1565.8
0,3,13,3,0,0,14467,6.6,-5563,-4698,20.9,1446.7,13,3,8,2,0,20030,7.6,5563,4698,23.5,2003
1,8,9,12,1,0,16096,6.4,-447,-2127,19.7,1609.6,9,8,7,0,0,16543,7,447,2127,19.3,1654.3
1,7,4,8,1,0,16351,6.8,1487,1143,17.1,1635.1,4,7,2,0,0,14864,6.4,-1487,-1143,22.4,1486.4
1,6,4,5,1,0,16538,7,1126,878,22.7,1653.8,4,6,2,1,0,15412,6.8,-1126,-878,22.5,1541.2
1,5,2,3,0,0,16337,7.2,1795,1933,25.9,1633.7,2,5,2,0,0,14542,6.8,-1795,-1933,23.8,1454.2
1,10,2,13,1,0,17519,6.8,4216,2141,20.9,1751.9,2,10,1,0,0,13303,6.4,-4216,-2141,19.7,1330.3
0,2,3,5,1,0,14305,6.8,-1517,-972,21.4,1430.5,3,2,3,1,0,15822,7,1517,972,22.5,1582.2
0,12,5,9,0,0,18279,7.4,1236,149,17.4,1827.9,5,12,3,2,0,17043,7,-1236,-149,22.4,1704.3
1,8,6,9,2,0,17808,7,2489,1473,24.6,1780.8,6,8,4,0,0,15319,6.6,-2489,-1473,19.1,1531.9
0,6,6,5,1,0,17360,7.4,1259,1281,25,1736,6,6,8,1,0,16101,7,-1259,-1281,20.1,1610.1
1,11,6,10,1,0,18849,7.2,3281,1747,22,1884.9,6,11,3,1,0,15568,6.8,-3281,-1747,20.2,1556.8
0,4,4,6,0,0,15641,7.2,-1136,-1235,24.4,1564.1,4,4,3,1,0,16777,7.2,1136,1235,23.4,1677.7
0,2,6,2,0,0,13408,6.6,-5838,-4101,18.5,1340.8,6,2,4,1,0,19246,7.2,5838,4101,25.5,1924.6
1,13,10,15,0,0,19366,7,1973,1461,22.9,1936.6,10,13,13,1,0,17393,6.8,-1973,-1461,16.4,1739.3
0,7,6,8,1,0,16646,6.6,592,-875,20.4,1664.6,6,7,8,0,0,16054,6.6,-592,875,20.4,1605.4
0,3,9,4,1,0,15009,6.8,-2492,-1526,20.7,1500.9,9,3,13,0,0,17501,7.4,2492,1526,20.4,1750.1
0,5,9,5,1,0,15921,6.8,-1490,-1624,21,1592.1,9,5,14,0,0,17411,7.2,1490,1624,21.5,1741.1
1,8,6,12,1,0,18012,6.6,2957,2549,21,1801.2,6,8,5,0,0,15055,7,-2957,-2549,17.7,1505.5
0,5,12,5,1,0,15224,6.6,-4927,-28,20.3,1522.4,12,5,11,0,0,20151,7.8,4927,28,23.1,2015.1
0,6,6,7,0,0,15484,6.6,-4879,-3465,16.5,1548.4,6,6,16,1,0,20363,7.4,4879,3465,25,2036.3
1,3,3,2,2,0,15550,7.2,-424,-1075,24.9,1555,3,3,5,0,0,15974,7.2,424,1075,24.5,1597.4
0,6,4,5,0,0,15895,6.8,-1018,-1531,22.5,1589.5,4,6,6,1,0,16913,7.4,1018,1531,23.2,1691.3
1,8,5,7,1,0,16776,7,907,-86,20.7,1677.6,5,8,8,1,0,15869,7,-907,86,22.8,1586.9
0,1,5,2,0,0,13444,6.4,-3445,-2015,19.7,1344.4,5,1,5,0,0,16889,7,3445,2015,24.6,1688.9
1,11,9,11,0,0,17971,7.2,152,-486,16.2,1797.1,9,11,9,0,0,17819,7.2,-152,486,19.2,1781.9
0,1,7,3,0,0,12959,6.4,-4456,-2336,17.2,1295.9,7,1,6,0,0,17415,6.8,4456,2336,19.6,1741.5
1,9,9,7,0,0,17225,7,69,-232,21.7,1722.5,9,9,12,0,0,17156,7,-69,232,21,1715.6
0,9,6,8,0,0,17848,7.4,868,1728,21.2,1784.8,6,9,8,1,0,16980,7.2,-868,-1728,21.6,1698
0,2,4,1,1,0,15448,7,209,1023,21.5,1544.8,4,2,4,0,0,15239,6.8,-209,-1023,22.4,1523.9
0,5,6,7,1,0,15425,7,-1611,-1931,20.8,1542.5,6,5,6,0,0,17036,7.4,1611,1931,24.6,1703.6
1,5,3,10,1,0,15717,7,385,-71,21.1,1571.7,3,5,3,0,0,15332,7,-385,71,23.1,1533.2
0,5,8,1,0,0,14589,7,-3750,-4961,19.5,1458.9,8,5,14,1,0,18339,7.4,3750,4961,22.9,1833.9
1,4,5,5,0,0,15463,7.2,25,327,21.5,1546.3,5,4,5,0,0,15438,7,-25,-327,21.5,1543.8
0,7,8,7,1,0,16019,6.6,-388,-619,17.4,1601.9,8,7,8,0,0,16407,6.8,388,619,20.7,1640.7
1,8,4,7,0,0,17634,6.8,1930,425,21.9,1763.4,4,8,5,0,0,15704,6.4,-1930,-425,22.6,1570.4
0,8,8,12,0,0,16017,6.2,517,-593,15.7,1601.7,8,8,7,0,0,15500,6.4,-517,593,17,1550
1,6,7,10,2,0,17259,7,-214,1004,23.6,1725.9,7,6,8,0,0,17473,7,214,-1004,22.5,1747.3
1,5,2,3,1,0,16226,7,2229,2851,25,1622.6,2,5,2,0,0,13997,6.4,-2229,-2851,19.7,1399.7
0,10,4,11,2,0,17816,6.8,1953,1494,20.2,1781.6,4,10,6,0,0,15863,7,-1953,-1494,22.4,1586.3
0,4,6,3,0,0,15532,6.8,-781,-1296,21,1553.2,6,4,4,2,0,16313,7.2,781,1296,22,1631.3
1,7,7,9,0,0,16946,6.8,380,1750,21.7,1694.6,7,7,10,2,0,16566,6.6,-380,-1750,23,1656.6
0,5,6,4,0,0,16019,6.8,-758,733,22.2,1601.9,6,5,7,0,0,16777,7,758,-733,21.5,1677.7
1,8,4,8,0,0,17938,7.2,3072,1589,23.2,1793.8,4,8,4,1,0,14866,6.8,-3072,-1589,20.7,1486.6
1,9,6,10,1,0,17512,7,2549,1269,18.6,1751.2,6,9,6,1,0,14963,6.6,-2549,-1269,17.4,1496.3
1,8,5,7,2,0,16712,6.8,2427,2303,20.8,1671.2,5,8,7,0,0,14285,6.4,-2427,-2303,17.2,1428.5
0,5,6,7,1,0,15913,6.8,-844,-689,20.2,1591.3,6,5,3,1,0,16757,7.2,844,689,24.7,1675.7
0,6,9,6,1,0,17108,6.8,-1394,-2258,21.1,1710.8,9,6,10,0,0,18502,7.6,1394,2258,21,1850.2
1,6,9,11,2,0,16398,7.6,14,-28,22.3,1639.8,9,6,13,0,0,16221,6.2,-14,28,21.8,1622.1
0,5,5,3,2,0,15548,7.4,-826,38,22.9,1554.8,5,5,6,0,0,16374,7.2,826,-38,22.5,1637.4
0,5,2,5,1,0,15950,7,1233,251,24.7,1595,2,5,2,0,0,14717,6.8,-1233,-251,20.4,1471.7
1,5,2,3,1,0,16014,7,476,467,22.5,1601.4,2,5,1,0,0,15538,7.2,-476,-467,25.7,1553.8
0,9,6,8,1,0,17419,7,-2587,-1470,17.8,1741.9,6,9,6,0,0,20006,7.2,2587,1470,21.4,2000.6
0,11,5,13,0,0,19979,7.2,3763,874,20.7,1997.9,5,11,6,0,0,16216,7,-3763,-874,19.4,1621.6
0,3,8,2,1,0,14122,6.6,-2968,-2159,18.8,1412.2,8,3,7,0,0,17090,7,2968,2159,18.2,1709
1,10,11,13,0,0,17447,6.4,-384,-1658,17.3,1744.7,11,10,9,0,0,17831,7,384,1658,20.8,1783.1
0,7,8,9,0,0,16122,6.8,-1673,-327,19.6,1612.2,8,7,8,0,0,17795,7,1673,327,23.1,1779.5
0,12,11,12,0,0,18336,7,-466,-26,17.9,1833.6,11,12,6,0,0,18802,6.6,466,26,21.1,1880.2
0,0,12,0,0,0,16398,7,14,-28,21.8,1639.8,12,0,9,0,0,16378,7.8,-14,28,23.8,1637.8
0,3,5,5,0,0,14378,6.4,-3682,-3599,20.9,1437.8,5,3,2,2,0,18060,7.4,3682,3599,24.5,1806
0,8,4,6,0,0,17691,7,3544,2399,22.2,1769.1,4,8,4,0,0,14147,6.4,-3544,-2399,18.4,1414.7
1,6,11,13,0,0,19402,7.2,2008,2566,19.5,1940.2,11,6,12,0,0,17394,6.4,-2008,-2566,18,1739.4
1,3,1,3,0,0,16468,6.8,3100,1653,24.9,1646.8,1,3,0,0,0,13368,6.6,-3100,-1653,19.2,1336.8
0,2,11,5,0,0,14486,6.4,-3576,-3516,20.7,1448.6,11,2,11,1,0,18062,7.2,3576,3516,20.5,1806.2
1,9,8,9,0,0,17652,7.4,775,1702,22.5,1765.2,8,9,3,1,0,16877,6.6,-775,-1702,21,1687.7
1,7,3,12,1,0,15494,6.6,1515,857,16.5,1549.4,3,7,2,0,0,13979,6.4,-1515,-857,18.6,1397.9
0,6,8,11,0,0,16270,6.8,-82,117,20,1627,8,6,4,1,0,16352,6.8,82,-117,22.1,1635.2
0,5,6,3,0,0,15899,6.8,-903,-1584,23.2,1589.9,6,5,7,1,0,16802,7.2,903,1584,24.9,1680.2
0,3,12,3,0,0,14277,7,-5802,-3559,20.1,1427.7,12,3,9,1,0,20079,7.6,5802,3559,24,2007.9
1,5,6,4,0,0,17350,7.2,1492,1607,20.2,1735,6,5,9,1,0,15858,7,-1492,-1607,19.1,1585.8
1,8,9,15,0,0,18315,7,246,1266,20.9,1831.5,9,8,8,1,0,18069,6.8,-246,-1266,20.8,1806.9
1,9,2,13,0,0,19570,7.8,4826,4472,25.9,1957,2,9,4,1,0,14744,6.6,-4826,-4472,22.9,1474.4
1,6,5,5,0,0,16529,6.8,1085,775,19.8,1652.9,5,6,8,1,0,15444,6.4,-1085,-775,17.9,1544.4
1,11,5,6,1,0,18324,7,2158,640,20.5,1832.4,5,11,8,0,0,16166,7,-2158,-640,21.9,1616.6
1,8,3,6,0,0,17263,7.2,3181,3298,23.4,1726.3,3,8,3,2,0,14082,6.8,-3181,-3298,15.9,1408.2
1,4,0,3,1,0,15282,6.8,1629,677,21.1,1528.2,0,4,0,0,0,13653,6.8,-1629,-677,24.6,1365.3
0,5,4,4,0,0,15960,7.2,782,1903,23.2,1596,4,5,5,1,0,15178,6.4,-782,-1903,21.1,1517.8
0,5,5,5,1,0,15103,6.6,-1328,-317,19.8,1510.3,5,5,7,1,0,16431,7,1328,317,22.7,1643.1
1,7,3,6,0,0,16060,7,794,577,22.8,1606,3,7,4,0,0,15266,7,-794,-577,21.3,1526.6
0,7,9,6,0,0,15463,6.8,-2809,-1673,16.2,1546.3,9,7,7,1,0,18272,7.2,2809,1673,21.9,1827.2
0,6,10,7,0,0,17225,6.6,-833,-1786,21,1722.5,10,6,10,1,0,18058,7,833,1786,22,1805.8
0,3,9,2,0,0,14861,6.8,-3337,-1701,22.5,1486.1,9,3,10,0,0,18198,7.2,3337,1701,22.3,1819.8
1,4,1,10,1,0,15966,7.2,1532,1453,22.9,1596.6,1,4,1,0,0,14434,7.2,-1532,-1453,22.9,1443.4
0,4,6,2,0,0,15172,7,-1066,10,20.5,1517.2,6,4,7,1,0,16238,6.8,1066,-10,24.1,1623.8
1,4,7,4,0,0,15953,6.8,-477,-513,26,1595.3,7,4,9,0,0,16430,7,477,513,23.4,1643
1,9,5,7,0,0,17959,7.6,1696,2266,23.9,1795.9,5,9,3,1,0,16263,6.8,-1696,-2266,22.5,1626.3
1,7,2,11,2,0,17176,7,2889,1215,20,1717.6,2,7,2,0,0,14287,6.8,-2889,-1215,21.7,1428.7
1,8,4,7,1,0,17328,7,2156,3157,23.4,1732.8,4,8,8,0,0,15172,6.2,-2156,-3157,22.5,1517.2
0,2,6,3,0,0,15144,7.2,-1281,-602,23.6,1514.4,6,2,10,0,0,16425,7.2,1281,602,21.9,1642.5
0,6,6,4,1,0,16533,7,85,765,21.7,1653.3,6,6,9,0,0,16448,6.8,-85,-765,21.4,1644.8
0,11,8,9,0,0,18475,7.4,1761,1895,19.6,1847.5,8,11,9,1,0,16714,6.8,-1761,-1895,19.6,1671.4
0,3,7,2,1,0,15252,7,-1293,-380,22.4,1525.2,7,3,8,0,0,16545,7,1293,380,21.9,1654.5
1,4,9,1,0,0,14621,7,-3644,-1277,17.9,1462.1,9,4,12,1,0,18265,7,3644,1277,24.3,1826.5
0,6,8,7,0,0,15953,6.6,-1095,-249,22.1,1595.3,8,6,8,1,0,17048,6.8,1095,249,21.8,1704.8
1,5,2,5,2,0,16627,6.8,2359,1681,22.3,1662.7,2,5,3,0,0,14268,6.6,-2359,-1681,22.1,1426.8
1,8,8,4,0,0,17240,7,699,944,24.8,1724,8,8,6,1,0,16541,6.8,-699,-944,17.9,1654.1
0,5,2,4,0,0,15796,7,453,1426,22.1,1579.6,2,5,4,1,0,15343,6.4,-453,-1426,25.6,1534.3
1,8,2,10,0,0,18330,7.4,1769,319,23.2,1833,2,8,1,2,0,16561,7.2,-1769,-319,25.1,1656.1
0,6,7,8,1,0,15684,6.6,-3240,-2396,20.2,1568.4,7,6,8,1,0,18924,7,3240,2396,25.7,1892.4
1,7,4,3,1,0,17120,6.8,1936,1098,23.3,1712,4,7,4,0,0,15184,6.8,-1936,-1098,20.6,1518.4
1,4,5,2,1,0,15261,6.6,-393,-1504,23.3,1526.1,5,4,5,0,0,15654,7.2,393,1504,20.8,1565.4
0,11,8,6,1,0,18053,6.6,620,339,18.9,1805.3,8,11,10,0,0,17433,6.4,-620,-339,19.6,1743.3
0,3,6,3,1,0,15417,6.8,-691,-666,22.4,1541.7,6,3,11,1,0,16108,6.8,691,666,21.3,1610.8
1,8,5,5,1,0,16523,7.2,1357,614,19.3,1652.3,5,8,2,0,0,15166,6.8,-1357,-614,20.8,1516.6
0,8,8,6,1,0,16809,7,-12,-151,21,1680.9,8,8,6,0,0,16821,7.2,12,151,22.1,1682.1
0,5,8,6,0,0,15627,6.8,-2690,-3245,19.9,1562.7,8,5,9,2,0,18317,7.6,2690,3245,23,1831.7
0,0,3,0,1,0,13793,6.8,-2240,-1623,22.3,1379.3,3,0,1,1,0,16033,7,2240,1623,24.7,1603.3
1,3,8,4,0,0,14481,6.4,-2765,-2274,21.4,1448.1,8,3,16,2,0,17246,7.2,2765,2274,22.6,1724.6
0,8,4,11,1,0,16357,6.6,-82,280,19.6,1635.7,4,8,4,0,0,16439,6.8,82,-280,24.1,1643.9
1,10,6,11,0,0,18582,7.4,2230,2112,22.2,1858.2,6,10,8,1,0,16352,6.8,-2230,-2112,19.6,1635.2
0,1,3,1,0,0,13943,6.8,-1661,-1064,23.5,1394.3,3,1,2,0,0,15604,7,1661,1064,24.1,1560.4
0,10,7,8,0,0,18410,7.2,1720,1364,24.1,1841,7,10,6,0,0,16690,7.4,-1720,-1364,21.2,1669
0,6,7,6,0,0,16689,7,211,880,24,1668.9,7,6,7,0,0,16478,7,-211,-880,21.4,1647.8
0,6,7,4,0,0,16060,6.4,-27,-1847,20,1606,7,6,7,1,0,16087,7,27,1847,19.4,1608.7
0,3,12,4,0,0,14035,6.2,-5142,-3023,18.5,1403.5,12,3,14,1,0,19177,7,5142,3023,21,1917.7
1,9,6,10,2,0,17757,7,1818,1761,21.8,1775.7,6,9,7,0,0,15939,6.8,-1818,-1761,20.4,1593.9
0,2,9,3,0,0,14267,6.6,-5571,-3921,20.4,1426.7,9,2,10,2,0,19838,7.6,5571,3921,26.8,1983.8
0,6,12,6,0,0,15951,6.6,-1734,-3696,22.3,1595.1,12,6,5,2,0,17685,7.6,1734,3696,22.1,1768.5
0,8,8,4,0,0,16688,6.8,704,-123,21.6,1668.8,8,8,4,1,0,15984,7.2,-704,123,19,1598.4
0,3,5,2,2,0,14303,6.2,-2657,-2095,18.7,1430.3,5,3,6,0,0,16960,7,2657,2095,23.7,1696
1,9,8,12,1,0,17396,7,-377,842,20.5,1739.6,8,9,10,1,0,17773,6.6,377,-842,22.3,1777.3
1,9,3,9,1,0,18159,7.4,3037,2677,24.5,1815.9,3,9,4,1,0,15122,6.6,-3037,-2677,21.3,1512.2
0,7,5,8,1,0,16269,7.2,459,1388,20.2,1626.9,5,7,8,1,0,15810,6.6,-459,-1388,21.2,1581
1,4,9,5,1,0,15316,6.6,-2986,-3369,19.8,1531.6,9,4,3,0,0,18302,7.4,2986,3369,24.7,1830.2
1,5,4,4,1,0,16498,6.8,1699,638,23.7,1649.8,4,5,3,0,0,14799,6.8,-1699,-638,20.2,1479.9
1,6,0,6,1,0,16398,7.4,14,-28,24.5,1639.8,0,6,0,0,0,12730,6.6,-14,28,18.8,1273
1,10,7,7,1,0,19606,7.2,3534,2345,22,1960.6,7,10,8,1,0,16072,6.6,-3534,-2345,17,1607.2
1,7,8,6,1,0,16940,6.8,400,-213,23.4,1694,8,7,10,1,0,16540,6.8,-400,213,22.2,1654
1,6,4,11,0,0,16814,7,2247,1262,23.8,1681.4,4,6,0,1,0,14567,6.8,-2247,-1262,22,1456.7
1,9,8,13,1,0,18146,6.6,383,-1655,19.9,1814.6,8,9,10,0,0,17763,7.4,-383,1655,20.1,1776.3
0,3,5,3,0,0,15242,7.2,-774,334,21.6,1524.2,5,3,4,0,0,16016,6.8,774,-334,24.3,1601.6
0,10,7,5,1,0,17454,6.8,617,128,20.4,1745.4,7,10,5,0,0,16837,6.8,-617,-128,17.8,1683.7
0,5,3,6,1,0,16053,7,1614,1179,22.7,1605.3,3,5,4,0,0,14439,6.6,-1614,-1179,20.6,1443.9
1,2,9,1,0,0,14975,6.4,-2206,-2548,22.2,1497.5,9,2,12,1,0,17181,7.4,2206,2548,21.6,1718.1
1,4,4,4,1,0,16095,7,-262,-375,24.1,1609.5,4,4,2,0,0,16357,7.2,262,375,25.7,1635.7
1,8,5,11,0,0,17123,6.8,1012,-620,22.3,1712.3,5,8,3,0,0,16111,7.4,-1012,620,22,1611.1
0,6,5,14,1,0,16986,7,313,-1776,23.1,1698.6,5,6,3,1,0,16673,7.2,-313,1776,23.6,1667.3
0,3,3,3,0,0,14731,7,-1148,708,20.4,1473.1,3,3,4,1,0,15879,6.8,1148,-708,23.7,1587.9
1,8,3,9,1,0,17316,7.2,3172,2797,22.7,1731.6,3,8,4,0,0,14144,6.2,-3172,-2797,20,1414.4
1,1,3,2,0,0,14889,6.8,-819,-1709,25.6,1488.9,3,1,4,0,0,15708,7,819,1709,24.6,1570.8
0,5,6,4,1,0,16416,6.8,-205,-41,25.3,1641.6,6,5,7,1,0,16621,7,205,41,23.9,1662.1
1,7,11,10,0,0,16943,6.8,-1228,-1785,21.5,1694.3,11,7,11,1,0,18171,7.4,1228,1785,21.7,1817.1
1,13,3,13,1,0,19940,7.4,5521,4435,19.2,1994,3,13,2,0,0,14419,6.6,-5521,-4435,21.2,1441.9
0,8,7,5,0,0,16204,6.6,-1016,-1306,18.4,1620.4,7,8,7,1,0,17220,7,1016,1306,21,1722
1,7,10,7,1,0,17062,7.2,-1246,150,22,1706.2,10,7,12,0,0,18308,6.8,1246,-150,20.3,1830.8
0,6,5,6,0,0,15691,7,456,-69,21.2,1569.1,5,6,3,2,0,15235,6.8,-456,69,19.2,1523.5
0,1,11,0,0,0,13511,6.6,-5087,-2795,20,1351.1,11,1,6,0,0,18598,7.2,5087,2795,22.6,1859.8
1,12,2,11,0,0,18927,7.4,4006,3678,23.1,1892.7,2,12,2,0,0,14921,6.4,-4006,-3678,17.6,1492.1
1,7,6,10,1,0,16164,7,-876,-1141,19.6,1616.4,6,7,4,0,0,17040,7,876,1141,23.9,1704
1,4,4,8,0,0,15572,6.8,-1216,-1810,22.1,1557.2,4,4,3,0,0,16788,7.4,1216,1810,25.6,1678.8
0,5,7,2,1,0,17469,6.6,1432,-889,22.9,1746.9,7,5,6,1,0,16037,7.2,-1432,889,20.3,1603.7
1,3,10,4,1,0,14686,7,-3593,-3240,20.6,1468.6,10,3,5,0,0,18279,7.6,3593,3240,22.6,1827.9
0,8,6,10,0,0,16325,6.8,2,-345,19.3,1632.5,6,8,4,1,0,16323,7,-2,345,22.7,1632.3
1,9,4,12,1,0,17233,6.8,2034,884,20.2,1723.3,4,9,4,0,0,15199,6.6,-2034,-884,20,1519.9
0,3,8,4,0,0,16004,7.2,-966,-455,24.1,1600.4,8,3,9,0,0,16970,7.2,966,455,21.3,1697
1,6,6,9,0,0,16651,6.6,1167,-461,21.8,1665.1,6,6,4,1,0,15484,6.8,-1167,461,20.7,1548.4
1,2,6,2,0,0,14959,7,-2128,-1289,22.9,1495.9,6,2,7,1,0,17087,7.2,2128,1289,21.9,1708.7
0,5,10,4,0,0,15917,6.8,-1971,-2626,20,1591.7,10,5,13,2,0,17888,7.2,1971,2626,20,1788.8
1,6,6,9,0,0,15754,6.6,-708,-1311,19.8,1575.4,6,6,5,0,0,16462,7,708,1311,20.7,1646.2
0,8,8,9,1,0,16891,7,-1296,4,20.1,1689.1,8,8,9,0,0,18187,7,1296,-4,21.7,1818.7
0,3,6,3,0,0,14878,6.6,-5924,-3368,19.7,1487.8,6,3,6,2,0,16378,7.2,5924,3368,22.6,1637.8
1,7,3,7,0,0,17150,7.2,1443,2143,22.5,1715,3,7,5,0,0,15707,6.8,-1443,-2143,22.9,1570.7
0,5,4,6,1,0,15941,7,-2,-1484,23.6,1594.1,4,5,2,0,0,15943,7.2,2,1484,23.7,1594.3
1,7,3,11,0,0,17802,7.4,1070,1731,23.9,1780.2,3,7,3,1,0,16732,7,-1070,-1731,21.1,1673.2
1,5,6,4,1,0,15548,7,-1238,-1708,18.1,1554.8,6,5,5,0,0,16786,7.4,1238,1708,21.9,1678.6
1,5,2,6,0,0,15556,7,1300,1228,21.9,1555.6,2,5,3,0,0,14256,6.6,-1300,-1228,21.8,1425.6
1,6,5,6,1,0,16098,6.8,-282,-192,20.9,1609.8,5,6,5,1,0,16380,7,282,192,22.4,1638
1,6,5,6,1,0,16107,7,-456,-1135,21.3,1610.7,5,6,5,1,0,16563,7,456,1135,20.3,1656.3
0,7,2,6,0,0,16315,7,1167,510,20.1,1631.5,2,7,2,0,0,15148,6.8,-1167,-510,24,1514.8
0,6,7,13,1,0,16587,6.6,457,-383,19.9,1658.7,7,6,13,1,0,16130,6.8,-457,383,19.4,1613
0,8,6,9,0,0,16112,6.6,276,377,20.1,1611.2,6,8,7,1,0,15836,6.6,-276,-377,16.7,1583.6
1,10,2,12,2,0,18212,7.2,4429,3004,19.6,1821.2,2,10,1,0,0,13783,6.6,-4429,-3004,18,1378.3
0,3,5,2,0,0,14761,7,-907,414,20.4,1476.1,5,3,6,1,0,15668,6.6,907,-414,22.5,1566.8
0,5,5,5,1,0,17613,7.2,914,1227,25.1,1761.3,5,5,7,0,0,16699,7,-914,-1227,22.4,1669.9
0,8,5,13,0,0,16384,6.8,-232,-1633,21.8,1638.4,5,8,3,0,0,16616,7.2,232,1633,24.2,1661.6
1,6,6,3,0,0,17001,7.2,344,1270,23,1700.1,6,6,5,0,0,16657,7,-344,-1270,25.5,1665.7
0,4,9,3,0,0,15084,6.6,-2904,-2819,21.1,1508.4,9,4,8,1,0,17988,7.2,2904,2819,23.7,1798.8
1,8,8,5,0,0,16918,6.8,355,-336,21.6,1691.8,8,8,6,1,0,16563,6.8,-355,336,21.4,1656.3
1,9,8,13,0,0,18562,7,1911,1969,20.3,1856.2,8,9,12,1,0,16651,6.6,-1911,-1969,20.6,1665.1
1,5,6,9,1,0,15822,7,-1572,-2164,21.9,1582.2,6,5,3,1,0,17394,7.2,1572,2164,24.8,1739.4
0,9,4,10,1,0,17405,6.8,1996,860,18.7,1740.5,4,9,3,0,0,15409,7,-1996,-860,23.6,1540.9
1,11,5,12,2,0,19696,7.2,3802,1762,22.2,1969.6,5,11,6,0,0,15894,6.8,-3802,-1762,20.9,1589.4
1,9,11,11,0,0,17322,6.4,-956,-1451,18.2,1732.2,11,9,12,1,0,18278,6.8,956,1451,20.7,1827.8
1,4,2,4,0,0,15532,6.8,240,131,22.7,1553.2,2,4,2,0,0,15292,6.8,-240,-131,24,1529.2
0,10,8,7,0,0,17823,6.6,828,-79,23.7,1782.3,8,10,5,1,0,16995,6.8,-828,79,20,1699.5
0,1,12,0,0,0,13291,6.4,-5102,-3977,20.1,1329.1,12,1,6,2,0,18393,7.4,5102,3977,22.7,1839.3
1,7,11,7,0,0,16851,6.8,-778,-752,21.6,1685.1,11,7,14,1,0,17629,6.8,778,752,20,1762.9
1,7,2,8,0,0,16830,7.2,2431,1886,23.2,1683,2,7,2,0,0,14399,6.6,-2431,-1886,20.9,1439.9
1,5,5,7,0,0,16061,7,530,1280,21,1606.1,5,5,5,0,0,15531,6.8,-530,-1280,20.4,1553.1
0,2,2,2,0,0,15608,6.8,766,331,26,1560.8,2,2,2,0,0,14842,7,-766,-331,22.9,1484.2
0,5,9,3,0,0,15144,6.6,-4172,-2185,20.5,1514.4,9,5,9,0,0,19316,7.2,4172,2185,22.1,1931.6
0,7,6,7,0,0,15778,6.2,-1578,-2563,21.3,1577.8,6,7,3,2,0,17356,7.2,1578,2563,20.1,1735.6
1,2,4,1,0,0,14721,7,-964,72,23.4,1472.1,4,2,4,1,0,15685,7,964,-72,23.8,1568.5
1,8,3,6,0,0,16154,7,1764,1515,19.2,1615.4,3,8,2,2,0,14390,6.4,-1764,-1515,21,1439
0,6,9,4,0,0,15136,7,-3212,-786,17,1513.6,9,6,9,1,0,18348,7,3212,786,22.7,1834.8
0,2,4,3,0,0,14231,6.6,-2259,-2256,20.1,1423.1,4,2,5,1,0,16490,7,2259,2256,23.4,1649
1,4,2,4,1,0,16470,7.2,1718,2947,23.2,1647,2,4,3,1,0,14752,6.6,-1718,-2947,21.8,1475.2
1,0,3,0,0,0,13674,6.8,-1159,-157,22.9,1367.4,3,0,3,1,0,14833,6.8,1159,157,23,1483.3
0,5,10,5,0,0,15251,6.4,-3232,-2573,21,1525.1,10,5,13,2,0,18483,7.4,3232,2573,21.5,1848.3
1,11,5,14,1,0,18856,7.2,3248,2152,23.1,1885.6,5,11,7,1,0,15608,6.6,-3248,-2152,18.9,1560.8
1,7,9,8,0,0,16274,6.8,-1248,-843,20.4,1627.4,9,7,13,0,0,17522,7.2,1248,843,21.1,1752.2
0,7,8,5,1,0,17241,7,-136,-583,24.2,1724.1,8,7,7,1,0,17377,7.4,136,583,23.4,1737.7
1,4,8,4,1,0,16201,6.4,-468,-1886,20.4,1620.1,8,4,10,1,0,16669,6.8,468,1886,21,1666.9
0,5,10,6,0,0,15622,6.6,-3909,-2136,20,1562.2,10,5,8,2,0,19531,7.2,3909,2136,22.2,1953.1
0,7,6,8,1,0,17575,6.4,961,-973,20.9,1757.5,6,7,8,0,0,16614,7,-961,973,20.8,1661.4
1,5,10,8,1,0,16408,7,-2936,-1305,22.8,1640.8,10,5,6,0,0,19344,7,2936,1305,23.2,1934.4
1,9,7,13,1,0,18073,7.4,1766,1606,22.1,1807.3,7,9,11,1,0,16307,6.8,-1766,-1606,19.8,1630.7
1,4,9,4,0,0,15370,6.6,-2929,-1515,20,1537,9,4,13,1,0,18299,7,2929,1515,21.7,1829.9
0,2,4,1,0,0,14659,6.8,-1944,-1062,23.5,1465.9,4,2,4,1,0,16603,7,1944,1062,24,1660.3
0,11,5,10,0,0,18855,7,3164,287,18,1885.5,5,11,1,1,0,15691,7,-3164,-287,20.6,1569.1
0,2,5,2,0,0,14695,6.8,-1947,-2097,23,1469.5,5,2,6,1,0,16642,7.2,1947,2097,25.5,1664.2
0,6,7,7,1,0,17927,6.8,396,-1813,21.3,1792.7,7,6,8,1,0,17531,7.4,-396,1813,22.9,1753.1
1,5,2,5,1,0,16326,7,1697,293,21.7,1632.6,2,5,2,1,0,14629,6.6,-1697,-293,24.6,1462.9
1,12,4,13,1,0,18552,6.6,4845,2789,20.7,1855.2,4,12,4,0,0,13707,7,-4845,-2789,18.3,1370.7
1,7,2,3,1,0,16669,7,3370,4484,22.6,1666.9,2,7,2,0,0,13299,7,-3370,-4484,19.4,1329.9
0,6,13,8,0,0,15304,6.4,-5191,-3819,17.5,1530.4,13,6,15,0,0,16378,7.2,5191,3819,22.9,1637.8
0,5,6,6,0,0,15242,6.6,-3024,-1285,19.8,1524.2,6,5,3,0,0,18266,7,3024,1285,23.6,1826.6
0,2,3,5,1,0,14237,6.6,-2114,-1121,17.8,1423.7,3,2,5,1,0,16351,7,2114,1121,24.8,1635.1
0,3,9,4,0,0,14280,6.2,-3555,-3207,19,1428,9,3,10,1,0,17835,7,3555,3207,22,1783.5
1,9,8,15,0,0,18809,7,2309,1211,22.5,1880.9,8,9,8,1,0,16500,7,-2309,-1211,18.5,1650
0,0,6,0,1,0,14238,6.8,-2554,-2576,23.4,1423.8,6,0,11,0,0,16792,7,2554,2576,22.5,1679.2
0,4,5,5,1,0,15101,6.8,-654,-97,20.5,1510.1,5,4,10,0,0,15755,7,654,97,21.2,1575.5
1,8,1,11,1,0,18237,7.4,4824,2940,22.1,1823.7,1,8,2,0,0,13413,6.4,-4824,-2940,17.9,1341.3
1,8,1,5,1,0,19820,7.2,14,-28,24.7,1982,1,8,1,1,0,12937,7,-14,28,17.9,1293.7
0,9,8,9,1,0,16884,6.4,-968,-3,19.3,1688.4,8,9,6,1,0,17852,6.8,968,3,21,1785.2
0,6,14,7,1,0,15880,6.6,-4526,-2062,20.4,1588,14,6,6,0,0,16378,7,4526,2062,20.1,1637.8
0,4,9,3,0,0,15430,6.8,-2850,-832,24,1543,9,4,7,1,0,18280,7.4,2850,832,23.5,1828
0,2,5,2,0,0,14258,7,-2760,-1872,21.6,1425.8,5,2,6,2,0,17018,7.2,2760,1872,24.8,1701.8
1,0,5,0,0,0,14849,7,-2145,-1335,24.9,1484.9,5,0,7,1,0,16994,7.4,2145,1335,24.5,1699.4
1,7,7,6,0,0,17023,6.8,1202,-535,19.8,1702.3,7,7,5,1,0,15821,7,-1202,535,18,1582.1
1,12,5,9,0,0,19143,7.4,3469,3684,24.3,1914.3,5,12,8,1,0,15674,6.6,-3469,-3684,19.9,1567.4
0,5,6,4,0,0,15620,7,-1083,-127,21.4,1562,6,5,10,1,0,16703,7,1083,127,21.8,1670.3
1,8,8,11,1,0,18623,7.2,914,34,22.9,1862.3,8,8,9,0,0,17709,7,-914,-34,23.7,1770.9
1,5,3,5,0,0,16564,7,1436,1597,22.2,1656.4,3,5,5,1,0,15128,6.8,-1436,-1597,22.1,1512.8
1,11,7,16,1,0,18421,7.2,2256,725,23.2,1842.1,7,11,7,0,0,16165,6.8,-2256,-725,22.2,1616.5
0,7,5,8,1,0,17364,7,1206,1055,21.5,1736.4,5,7,4,1,0,16158,7,-1206,-1055,24.8,1615.8
1,8,7,14,1,0,16749,7,243,-276,17.4,1674.9,7,8,1,0,0,16506,6.8,-243,276,22.7,1650.6
0,9,10,9,0,0,17987,6.8,-368,-612,20.9,1798.7,10,9,11,0,0,18355,7.2,368,612,23.6,1835.5
0,6,7,4,1,0,16103,6.8,-90,-739,22,1610.3,7,6,5,0,0,16193,7.2,90,739,20.5,1619.3
1,10,6,12,0,0,18384,7.2,1717,1335,22.6,1838.4,6,10,10,0,0,16667,6.8,-1717,-1335,22.9,1666.7
1,9,7,14,1,0,17465,6.6,875,276,21.1,1746.5,7,9,7,0,0,16590,6.6,-875,-276,18.3,1659
0,6,9,8,0,0,15591,6.6,-2322,-2808,20.4,1559.1,9,6,7,1,0,17913,7.2,2322,2808,21.6,1791.3
1,3,2,2,0,0,15391,6.6,1343,1089,23.2,1539.1,2,3,1,1,0,14048,6.4,-1343,-1089,21.8,1404.8
0,2,9,2,0,0,14953,6.8,-3084,-1719,22.8,1495.3,9,2,9,1,0,18037,7.4,3084,1719,25.8,1803.7
1,5,2,11,1,0,16640,7,1964,1416,24.7,1664,2,5,1,0,0,14676,7,-1964,-1416,21.5,1467.6
1,3,5,4,1,0,15501,7,-257,-180,24.5,1550.1,5,3,7,0,0,15758,6.8,257,180,19.9,1575.8
0,11,6,12,1,0,18891,7.2,3024,1980,23.5,1889.1,6,11,5,0,0,15867,7,-3024,-1980,18.5,1586.7
1,6,8,4,1,0,16999,7.2,-647,543,23.2,1699.9,8,6,11,0,0,17646,6.8,647,-543,22.6,1764.6
1,11,8,11,0,0,18291,7,939,1327,19.5,1829.1,8,11,9,0,0,17352,7,-939,-1327,20.9,1735.2
0,1,4,1,0,0,14588,7,-1159,-73,23.4,1458.8,4,1,4,2,0,15747,7.2,1159,73,24.3,1574.7
1,6,2,4,1,0,16432,7.4,2390,1778,20.8,1643.2,2,6,1,0,0,14042,6.6,-2390,-1778,21.9,1404.2
0,5,10,3,1,0,16199,6.8,-2482,-2515,21.6,1619.9,10,5,13,1,0,18681,7.4,2482,2515,21.9,1868.1
1,10,8,12,1,0,17342,7,-447,-955,17.9,1734.2,8,10,5,0,0,17789,7.2,447,955,20.6,1778.9
0,3,1,4,1,0,16247,7,1351,940,25.7,1624.7,1,3,0,1,0,14896,7,-1351,-940,26.9,1489.6
1,8,4,4,1,0,17038,7.2,1530,334,23.3,1703.8,4,8,2,1,0,15508,6.8,-1530,-334,23.3,1550.8
0,3,6,2,0,0,14607,6.8,-2968,-2262,20.4,1460.7,6,3,8,2,0,17575,7.6,2968,2262,24.3,1757.5
0,5,10,8,0,0,14839,6.8,-2574,-1057,20.8,1483.9,10,5,6,1,0,17413,7,2574,1057,22.7,1741.3
1,3,7,5,0,0,15142,7,-1851,-1813,23.5,1514.2,7,3,9,2,0,16993,7.2,1851,1813,24.2,1699.3
0,8,4,10,1,0,17836,7.4,840,145,23.5,1783.6,4,8,3,0,0,16996,7,-840,-145,26.3,1699.6
1,6,6,6,1,0,16538,7.4,-626,239,23.1,1653.8,6,6,10,1,0,17164,6.8,626,-239,23,1716.4
1,6,9,6,1,0,16398,7,4230,1545,23,1639.8,9,6,5,0,0,16328,6.8,-4230,-1545,16.7,1632.8
1,13,5,6,1,0,19813,7,4173,1912,23.6,1981.3,5,13,7,0,0,15640,6.6,-4173,-1912,16.7,1564
1,14,6,11,1,0,18537,7.2,1809,1633,20,1853.7,6,14,5,0,0,16728,6.8,-1809,-1633,19.3,1672.8
1,5,0,5,2,0,17806,7,6304,-28,24.4,1780.6,0,5,0,0,0,16378,7,-6304,28,21.8,1637.8
1,13,5,11,0,0,16398,7.6,5501,3548,27,1639.8,5,13,7,0,0,15352,6.8,-5501,-3548,18.8,1535.2
0,5,2,5,0,0,16441,7.2,1218,1167,24.3,1644.1,2,5,2,1,0,15223,7,-1218,-1167,25.2,1522.3
0,4,4,5,0,0,15801,7.2,-187,-361,20.6,1580.1,4,4,3,1,0,15988,7.2,187,361,25.1,1598.8
0,4,5,6,1,0,15871,6.8,51,-1075,22.9,1587.1,5,4,2,0,0,15820,7,-51,1075,21.6,1582
0,7,8,6,0,0,16199,6.6,-811,-798,20.6,1619.9,8,7,8,1,0,17010,6.8,811,798,19.2,1701
0,5,9,7,0,0,15831,6.6,-2241,-1888,20.8,1583.1,9,5,13,2,0,18072,7.2,2241,1888,21.8,1807.2
0,2,8,1,0,0,14467,6.6,-3794,-1962,21.5,1446.7,8,2,11,1,0,18261,7.2,3794,1962,23.4,1826.1
0,6,10,12,1,0,17795,7,426,917,22.8,1779.5,10,6,15,1,0,17369,6.8,-426,-917,19.4,1736.9
1,5,7,4,1,0,15832,7,-1741,-1348,23.6,1583.2,7,5,5,1,0,17573,7.4,1741,1348,23.4,1757.3
1,13,5,9,2,0,18170,7,3058,3283,19.1,1817,5,13,6,0,0,15112,6.4,-3058,-3283,18.9,1511.2
0,5,2,6,1,0,16196,7,1106,1014,23.8,1619.6,2,5,3,0,0,15090,6.8,-1106,-1014,21.6,1509
0,2,3,4,0,0,14680,7,-1602,-1412,20.7,1468,3,2,2,2,0,16282,7.2,1602,1412,24.3,1628.2
1,9,6,8,1,0,17029,6.8,569,-1349,20.1,1702.9,6,9,3,0,0,16460,7,-569,1349,20.4,1646
0,3,3,4,0,0,14298,6.4,-873,-736,22.8,1429.8,3,3,2,0,0,15171,7,873,736,23.8,1517.1
0,1,10,0,0,0,14058,6.6,-5327,-4636,21.4,1405.8,10,1,10,2,0,19385,7.6,5327,4636,23.4,1938.5
1,8,4,11,2,0,17385,6.8,2745,1478,22.1,1738.5,4,8,6,0,0,14640,6.6,-2745,-1478,20.3,1464
1,11,7,10,0,0,19008,7.6,2763,2019,23.5,1900.8,7,11,6,1,0,16245,7,-2763,-2019,21.6,1624.5
0,8,9,13,0,0,18038,7,-22,86,23.6,1803.8,9,8,8,1,0,18060,7,22,-86,21.4,1806
1,6,3,3,0,0,16454,7,1510,1545,22.8,1645.4,3,6,2,1,0,14944,7,-1510,-1545,22.2,1494.4
1,11,9,9,1,0,18313,7,1099,-673,21.4,1831.3,9,11,6,0,0,17214,6.8,-1099,673,17.8,1721.4
1,6,3,7,0,0,17057,6.8,2019,138,24.3,1705.7,3,6,6,0,0,15038,6.8,-2019,-138,20.9,1503.8
0,4,11,5,0,0,15046,6.8,-4939,-3731,21.4,1504.6,11,4,16,1,0,19985,7.6,4939,3731,25.1,1998.5
0,3,6,5,0,0,14455,6.6,-2471,-2179,19.9,1445.5,6,3,4,1,0,16926,6.8,2471,2179,24.9,1692.6
1,11,5,12,0,0,18480,6.8,2532,1229,20.1,1848,5,11,10,0,0,15948,6.6,-2532,-1229,20.3,1594.8
1,12,9,11,0,0,19153,7,1249,1879,21.7,1915.3,9,12,12,0,0,17904,6.4,-1249,-1879,17.7,1790.4
1,5,4,5,1,0,16688,7.2,859,128,22.6,1668.8,4,5,5,0,0,15829,7,-859,-128,24.2,1582.9
0,6,8,6,0,0,15567,6.6,-1737,-776,16.7,1556.7,8,6,6,1,0,17304,7,1737,776,24.5,1730.4
1,3,0,3,1,0,15429,6.8,1453,1251,21.8,1542.9,0,3,0,0,0,13976,6.6,-1453,-1251,23.1,1397.6
1,9,6,10,1,0,17491,7,616,43,19.4,1749.1,6,9,5,1,0,16875,6.8,-616,-43,25.3,1687.5
0,9,6,15,1,0,17679,6.8,363,-1888,22.2,1767.9,6,9,7,1,0,17316,7.2,-363,1888,23,1731.6
1,8,4,9,1,0,17397,7.2,2598,4512,24.4,1739.7,4,8,7,0,0,14799,7,-2598,-4512,18.6,1479.9
0,7,14,11,0,0,14416,7,-5253,-28,21.8,1441.6,14,7,6,0,0,19669,6.6,5253,28,20.3,1966.9
0,7,11,10,0,0,16820,6.8,-2234,-3264,20.2,1682,11,7,15,1,0,19054,7.2,2234,3264,20.9,1905.4
1,6,4,5,0,0,15659,6.8,-127,-445,21.1,1565.9,4,6,6,2,0,15786,6.8,127,445,20.9,1578.6
1,10,8,6,0,0,19353,6.8,3458,3204,22.3,1935.3,8,10,13,0,0,15895,6.2,-3458,-3204,16.3,1589.5
0,11,9,13,0,0,17794,7.2,337,-260,21.1,1779.4,9,11,7,1,0,17457,7,-337,260,21.8,1745.7
1,7,8,2,1,0,16443,6.8,-1041,-661,22.8,1644.3,8,7,9,0,0,17484,7,1041,661,21.6,1748.4
1,7,2,9,0,0,17773,7.6,2421,3009,24.2,1777.3,2,7,2,0,0,15352,7,-2421,-3009,22.1,1535.2
1,6,13,5,1,0,14996,6.8,-4822,-2537,18.1,1499.6,13,6,15,0,0,19818,7.4,4822,2537,24.9,1981.8
0,5,9,3,1,0,15803,7,-2994,-1007,21.7,1580.3,9,5,12,1,0,18797,7.2,2994,1007,24.8,1879.7
1,6,9,8,0,0,16241,7,-1539,-601,21.1,1624.1,9,6,9,1,0,17780,7.2,1539,601,24.9,1778
1,11,9,11,1,0,17774,7,-76,1386,18,1777.4,9,11,9,0,0,17850,6.8,76,-1386,19,1785
0,6,6,4,0,0,15823,7,-1482,256,21.4,1582.3,6,6,8,1,0,17305,6.8,1482,-256,24.7,1730.5
1,10,0,7,0,0,17684,7.4,3847,2027,22.4,1768.4,0,10,0,0,0,13837,6.8,-3847,-2027,21.7,1383.7
0,8,4,5,0,0,17898,7.2,3044,1775,24.7,1789.8,4,8,2,0,0,14854,6.8,-3044,-1775,21.3,1485.4
1,3,5,3,2,0,15562,6.8,-1176,-1838,22.2,1556.2,5,3,9,0,0,16738,7,1176,1838,20.1,1673.8
0,3,4,4,0,0,14881,6.6,-1659,-1134,19.6,1488.1,4,3,5,1,0,16540,7.2,1659,1134,24.8,1654
1,5,2,9,2,0,16636,7,2547,1517,24.6,1663.6,2,5,0,0,0,14089,6.8,-2547,-1517,21.5,1408.9
1,7,8,5,0,0,16396,7.2,-389,-29,20.9,1639.6,8,7,10,1,0,16785,7,389,29,21.3,1678.5
0,3,7,4,0,0,15396,6.6,-1193,-843,21.8,1539.6,7,3,7,1,0,16589,6.8,1193,843,23.8,1658.9
1,11,11,7,1,0,18164,7,-640,403,19.8,1816.4,11,11,14,1,0,18804,7,640,-403,20.4,1880.4
1,11,9,6,0,0,17774,6.6,74,-513,19.3,1777.4,9,11,10,0,0,17700,6.8,-74,513,22.1,1770
0,6,4,8,0,0,16990,7,1954,1045,24.4,1699,4,6,3,1,0,15036,6.8,-1954,-1045,22.5,1503.6
1,6,2,6,1,0,16508,7,646,407,22.8,1650.8,2,6,2,0,0,15862,6.8,-646,-407,23.8,1586.2
0,3,6,1,0,0,15533,6.8,-1585,-280,24.4,1553.3,6,3,10,1,0,17118,7,1585,280,25.6,1711.8
1,4,3,5,1,0,15391,7,46,970,19.1,1539.1,3,4,2,0,0,15345,6.8,-46,-970,23.6,1534.5
1,2,3,3,0,0,15076,6.4,-426,-2349,19.6,1507.6,3,2,3,1,0,15502,6.8,426,2349,21.8,1550.2
1,7,7,6,0,0,16119,6.6,-524,-1029,21.7,1611.9,7,7,8,2,0,16643,6.8,524,1029,19,1664.3
0,2,7,2,0,0,14377,7,-3773,-3783,19.4,1437.7,7,2,8,1,0,18150,7.8,3773,3783,25.8,1815
1,3,7,0,0,0,13958,6.6,-4738,-2857,17.6,1395.8,7,3,4,2,0,18696,7.4,4738,2857,26.4,1869.6
1,13,11,8,1,0,18834,6.8,1059,1185,20.3,1883.4,11,13,12,0,0,17775,6.4,-1059,-1185,18.2,1777.5
1,10,7,6,1,0,17895,7,2330,1713,20.8,1789.5,7,10,7,0,0,15565,6.6,-2330,-1713,20.4,1556.5
1,6,7,4,0,0,16526,7,434,740,21.5,1652.6,7,6,3,0,0,16092,7,-434,-740,22.6,1609.2
0,8,9,9,0,0,16075,6.8,-1778,-1128,20,1607.5,9,8,10,1,0,17853,7,1778,1128,20.8,1785.3
0,9,10,10,1,0,18947,6.8,412,-655,21.5,1894.7,10,9,13,1,0,18535,7.2,-412,655,24.1,1853.5
0,3,10,2,0,0,15137,6.6,-2645,-1869,21.4,1513.7,10,3,7,1,0,17782,7.2,2645,1869,22.5,1778.2
0,5,4,5,0,0,16157,6.8,804,365,24,1615.7,4,5,4,0,0,15353,7,-804,-365,20.6,1535.3
0,4,6,2,0,0,15152,6.8,-619,190,22.9,1515.2,6,4,13,1,0,15771,6.6,619,-190,18.8,1577.1
1,8,4,8,0,0,17041,6.8,2263,1326,22.7,1704.1,4,8,5,1,0,14778,6.4,-2263,-1326,17.9,1477.8
1,6,0,7,1,0,16742,7.4,2805,2599,23.6,1674.2,0,6,0,0,0,13937,6.6,-2805,-2599,25.4,1393.7
0,4,6,3,1,0,15660,7,-2392,-2503,24.6,1566,6,4,7,0,0,18052,7.4,2392,2503,26.6,1805.2
1,6,3,5,0,0,16298,7,823,1225,22.9,1629.8,3,6,3,1,0,15475,6.8,-823,-1225,23.5,1547.5
1,4,7,5,1,0,15860,7.2,-1160,-12,22.8,1586,7,4,9,1,0,17020,7,1160,12,20.3,1702
1,6,8,3,1,0,15809,7.2,-1065,502,23.9,1580.9,8,6,8,1,0,16874,7,1065,-502,23.5,1687.4
1,13,2,6,0,0,19470,7.4,6297,-28,24.3,1947,2,13,1,1,0,13173,7,-6297,28,18.9,1317.3
0,6,4,6,2,0,19660,7,5255,2255,18.6,1966,4,6,4,0,0,14405,6.2,-5255,-2255,18.3,1440.5
0,2,9,4,0,0,13631,6.6,-5167,-3200,17.5,1363.1,9,2,7,0,0,18798,7.4,5167,3200,23.4,1879.8
1,8,5,11,0,0,16748,6.8,873,215,20.9,1674.8,5,8,5,0,0,15875,7,-873,-215,23.5,1587.5
0,1,3,0,0,0,14434,6.8,-920,-451,22.1,1443.4,3,1,3,1,0,15354,6.8,920,451,23,1535.4
1,5,5,5,0,0,16287,7,1099,-622,23.5,1628.7,5,5,4,0,0,15188,6.8,-1099,622,18.3,1518.8
0,4,8,3,1,0,15102,6.6,-3465,-897,20.1,1510.2,8,4,11,1,0,18567,6.6,3465,897,25.3,1856.7
1,4,1,4,2,0,15492,7,1412,737,21.2,1549.2,1,4,0,0,0,14080,6.8,-1412,-737,23.6,1408
1,4,6,3,1,0,14554,6.8,-2814,-2772,19.8,1455.4,6,4,5,0,0,17368,7.4,2814,2772,22.8,1736.8
1,4,6,5,0,0,15403,6.8,-1636,-2200,21.6,1540.3,6,4,5,1,0,17039,7.2,1636,2200,24.5,1703.9
0,0,9,0,0,0,13024,6.6,-4912,-4457,19.2,1302.4,9,0,5,2,0,17936,7.4,4912,4457,25.1,1793.6
1,5,7,7,1,0,15799,6.8,-1827,-1102,24.2,1579.9,7,5,10,1,0,17626,7,1827,1102,24.3,1762.6
0,7,8,8,1,0,17127,7,-373,-212,24.3,1712.7,8,7,10,1,0,17500,7,373,212,22.9,1750
1,9,7,10,2,0,17208,7.2,423,1071,20.1,1720.8,7,9,7,0,0,16785,7,-423,-1071,22.2,1678.5
1,8,7,6,0,0,16860,6.2,-91,-2362,18.3,1686,7,8,7,0,0,16951,6.8,91,2362,20.4,1695.1
0,9,13,12,0,0,18082,6.8,-1097,-674,21.5,1808.2,13,9,6,1,0,19179,7,1097,674,20.4,1917.9
0,4,6,5,0,0,14813,7,-5062,-28,19.8,1481.3,6,4,6,2,0,19875,7.4,5062,28,25,1987.5
1,8,7,14,0,0,17989,7,267,427,25.4,1798.9,7,8,11,0,0,17722,7,-267,-427,21.9,1772.2
1,6,7,9,0,0,15815,6.6,-1053,-2759,20.6,1581.5,7,6,7,1,0,16868,7.4,1053,2759,24.7,1686.8
1,8,5,12,1,0,17991,7.4,2664,3273,21.9,1799.1,5,8,7,0,0,15327,6.6,-2664,-3273,18.7,1532.7
0,8,9,5,0,0,16560,6.8,-1611,-1380,20,1656,9,8,9,1,0,18171,7.2,1611,1380,20.9,1817.1
0,4,3,5,0,0,15260,7,323,701,19.1,1526,3,4,0,2,0,14937,6.6,-323,-701,21.2,1493.7
0,2,10,1,0,0,13544,6.2,-5820,-4066,20.6,1354.4,10,2,8,0,0,19364,7.2,5820,4066,25.5,1936.4
1,4,6,4,0,0,15462,7.2,-1870,-71,23.9,1546.2,6,4,6,1,0,17332,7.2,1870,71,23.8,1733.2
0,3,9,2,1,0,15000,6.6,-3761,-2552,22.1,1500,9,3,7,0,0,18761,7.2,3761,2552,22.5,1876.1
1,6,2,6,1,0,16399,7.4,2036,2773,23.5,1639.9,2,6,2,1,0,14363,6.6,-2036,-2773,22.1,1436.3
0,5,5,1,0,0,14594,6.8,-1087,-108,18.4,1459.4,5,5,3,0,0,15681,7,1087,108,22,1568.1
1,13,2,10,1,0,16398,7.4,14,4733,25,1639.8,2,13,0,0,0,13051,6.4,-14,-4733,17.9,1305.1
0,4,6,5,1,0,15382,7,-1182,-944,21.8,1538.2,6,4,4,1,0,16564,7,1182,944,20.7,1656.4
1,5,9,8,0,0,16095,6.8,-1905,-2185,22.2,1609.5,9,5,12,0,0,18000,7.2,1905,2185,21.7,1800
0,3,10,1,0,0,14863,6.8,-3630,668,22.2,1486.3,10,3,15,2,0,18493,6.8,3630,-668,21.6,1849.3
0,10,9,9,0,0,17668,7.2,-788,-203,19.4,1766.8,9,10,6,1,0,18456,7,788,203,18.5,1845.6
0,6,13,6,0,0,16420,6.6,-3593,-3086,22.3,1642,13,6,12,2,0,20013,7.4,3593,3086,22.9,2001.3
1,7,7,8,0,0,17194,7,633,-944,23.3,1719.4,7,7,5,0,0,16561,7.2,-633,944,20.2,1656.1
1,13,7,9,0,0,19529,7.2,3476,2025,20.4,1952.9,7,13,5,1,0,16053,7,-3476,-2025,18.2,1605.3
1,9,7,11,1,0,17762,7,849,794,23.3,1776.2,7,9,8,0,0,16913,6.8,-849,-794,20,1691.3
1,5,4,4,0,0,16987,7.2,1153,-5,25.5,1698.7,4,5,6,1,0,15834,7.2,-1153,5,24.1,1583.4
1,7,4,7,0,0,16985,7.2,992,393,24.8,1698.5,4,7,5,1,0,15993,6.6,-992,-393,22.9,1599.3
0,2,8,4,0,0,14845,6.4,-3193,-2101,23.6,1484.5,8,2,14,1,0,18038,7.2,3193,2101,20.7,1803.8
0,11,11,10,0,0,18174,6.8,-787,-926,22.2,1817.4,11,11,16,1,0,18961,6.6,787,926,22.5,1896.1
1,7,6,7,1,0,17120,7,860,284,20.5,1712,6,7,8,0,0,16260,7.2,-860,-284,20,1626
0,5,7,6,1,0,15776,6.8,-400,-1311,19.9,1577.6,7,5,6,0,0,16176,6.8,400,1311,21.7,1617.6
1,5,8,6,0,0,17175,7,-680,567,26.4,1717.5,8,5,11,1,0,17855,7,680,-567,23.9,1785.5
0,5,10,4,0,0,15656,6.6,-1458,-618,20.6,1565.6,10,5,11,2,0,17114,6.6,1458,618,19.3,1711.4
0,4,7,4,1,0,14867,7,-2153,-2348,21.6,1486.7,7,4,4,0,0,17020,7.2,2153,2348,22,1702
1,7,6,5,1,0,17381,7,1895,635,23.2,1738.1,6,7,5,0,0,15486,7.2,-1895,-635,21.1,1548.6
1,12,3,8,2,0,18821,7.4,5301,-28,22.5,1882.1,3,12,3,0,0,13520,6.4,-5301,28,16.7,1352
0,4,5,5,0,0,14459,6.8,-2859,143,17.3,1445.9,5,4,8,0,0,17318,7,2859,-143,24.2,1731.8
0,6,9,6,1,0,16654,7,-959,-1002,23.9,1665.4,9,6,12,0,0,17613,7,959,1002,21.1,1761.3
1,6,4,11,0,0,17438,7.2,2152,1936,24.9,1743.8,4,6,7,2,0,15286,6.8,-2152,-1936,22.7,1528.6
1,5,4,4,0,0,17431,7.2,300,427,27.2,1743.1,4,5,3,2,0,17131,7,-300,-427,23.6,1713.1
1,6,4,5,1,0,17327,7.4,2060,1621,24,1732.7,4,6,2,0,0,15267,7,-2060,-1621,22.6,1526.7
1,7,10,5,2,0,17637,6.8,-430,-1028,19.6,1763.7,10,7,16,0,0,18067,7.2,430,1028,21,1806.7
1,6,8,4,1,0,16021,6.8,-620,-384,19.9,1602.1,8,6,9,0,0,16641,7.2,620,384,21.7,1664.1
1,7,3,13,1,0,16997,6.8,2107,1105,22.7,1699.7,3,7,5,0,0,14890,6.6,-2107,-1105,22,1489
0,5,9,7,1,0,15530,6.8,-2141,-52,22,1553,9,5,12,1,0,17671,6.8,2141,52,23.6,1767.1
1,2,6,2,0,0,14569,6.6,-575,-1495,23.4,1456.9,6,2,3,1,0,15144,7,575,1495,20,1514.4
1,7,5,7,0,0,17212,7,559,-140,22.5,1721.2,5,7,7,1,0,16653,7,-559,140,22.5,1665.3
0,10,12,8,0,0,18494,7,-790,-834,22.3,1849.4,12,10,9,1,0,19284,7.2,790,834,23.7,1928.4
0,4,8,3,1,0,15632,6.8,-2293,-1323,23,1563.2,8,4,13,1,0,17925,7.2,2293,1323,23.4,1792.5
1,5,3,4,0,0,17455,7.4,2409,2186,25.4,1745.5,3,5,4,1,0,15046,6.8,-2409,-2186,23.9,1504.6
1,5,3,4,1,0,15716,7,12,161,22.1,1571.6,3,5,3,0,0,15704,6.8,-12,-161,24.4,1570.4
1,9,3,8,2,0,17577,7.4,2812,2747,21,1757.7,3,9,4,0,0,14765,6.8,-2812,-2747,20.5,1476.5
1,7,3,10,1,0,17822,7.2,2435,1428,23.7,1782.2,3,7,4,0,0,15387,6.8,-2435,-1428,21.5,1538.7
0,5,1,6,1,0,15381,7,759,657,21.1,1538.1,1,5,0,0,0,14622,6.8,-759,-657,24.5,1462.2
1,5,7,7,0,0,15485,6.6,-215,-546,20.1,1548.5,7,5,8,2,0,15700,6.8,215,546,17,1570
1,6,5,5,1,0,16953,7.2,1491,533,23.8,1695.3,5,6,4,1,0,15462,7,-1491,-533,21.3,1546.2
0,2,14,0,0,0,13229,6.4,14,-28,17.7,1322.9,14,2,11,0,0,19689,7.4,-14,28,23.3,1968.9
1,4,5,5,1,0,16579,7.2,-27,-649,24.9,1657.9,5,4,5,0,0,16606,7.4,27,649,24.6,1660.6
0,5,7,5,0,0,15562,7.2,-1151,-753,21.9,1556.2,7,5,5,2,0,16713,7.2,1151,753,22.7,1671.3
1,6,7,8,1,0,17192,7,662,44,22.1,1719.2,7,6,6,1,0,16530,6.8,-662,-44,19.6,1653
1,7,1,9,1,0,18764,7,5121,2946,26.8,1876.4,1,7,2,0,0,13643,6.4,-5121,-2946,20.1,1364.3
0,4,9,2,0,0,15790,6.6,-1876,-2154,21.5,1579,9,4,10,1,0,17666,7.4,1876,2154,20.8,1766.6
1,10,6,11,1,0,19380,7.2,3844,2740,24.4,1938,6,10,6,0,0,15536,6.4,-3844,-2740,18.9,1553.6
0,6,7,8,0,0,16554,6.6,-154,-193,21.5,1655.4,7,6,9,1,0,16708,6.8,154,193,21.8,1670.8
0,3,9,4,0,0,14017,6.6,-5089,-1828,18.5,1401.7,9,3,10,0,0,19106,7,5089,1828,24.5,1910.6
0,14,6,14,1,0,20136,7.4,4322,3830,22.5,2013.6,6,14,8,0,0,15814,6.4,-4322,-3830,18.6,1581.4
1,7,6,6,1,0,16717,7.2,-450,-992,22.3,1671.7,6,7,5,0,0,17167,7.2,450,992,24.7,1716.7
1,5,6,8,1,0,15927,6.6,-412,-609,22,1592.7,6,5,8,1,0,16339,6.6,412,609,23.4,1633.9
0,6,14,8,0,0,15729,6.6,-5830,-3608,18.6,1572.9,14,6,14,1,0,16378,7.4,5830,3608,22.5,1637.8
0,2,9,0,1,0,14814,7,-3402,-1459,22.2,1481.4,9,2,11,0,0,18216,7.4,3402,1459,22.9,1821.6
0,6,2,5,1,0,16610,7,2044,378,22.7,1661,2,6,2,0,0,14566,7,-2044,-378,22,1456.6
1,7,6,7,2,0,17588,7,1219,292,23.3,1758.8,6,7,10,0,0,16369,6.8,-1219,-292,21.6,1636.9
0,6,4,4,1,0,16017,7.2,1598,2478,20.8,1601.7,4,6,6,0,0,14419,6.2,-1598,-2478,19.4,1441.9
0,2,5,5,0,0,14851,6.6,-1068,-17,24.5,1485.1,5,2,7,2,0,15919,6.8,1068,17,21.2,1591.9
0,4,7,3,2,0,15420,6.8,-2264,-1389,23.5,1542,7,4,7,0,0,17684,7.4,2264,1389,23.7,1768.4
1,6,8,9,0,0,15476,6.6,-963,-546,19.2,1547.6,8,6,7,1,0,16439,6.6,963,546,16.4,1643.9
0,1,5,3,0,0,14463,6.8,-2820,-1048,22.4,1446.3,5,1,8,1,0,17283,7.4,2820,1048,25.8,1728.3
1,9,6,15,1,0,17653,7.2,1931,92,21.8,1765.3,6,9,6,0,0,15722,7,-1931,-92,20.5,1572.2
0,3,2,1,0,0,15097,7.2,-429,55,21.8,1509.7,2,3,1,2,0,15526,7.2,429,-55,24.4,1552.6
1,6,4,2,1,0,16476,7,-323,345,23.8,1647.6,4,6,10,0,0,16799,7,323,-345,23.1,1679.9
1,12,1,12,1,0,20136,7.8,6290,4719,23.5,2013.6,1,12,0,0,0,13846,6.4,-6290,-4719,20.1,1384.6
0,2,2,3,0,0,14385,6.6,-959,-1331,21.6,1438.5,2,2,2,1,0,15344,7,959,1331,22.3,1534.4
0,6,9,4,0,0,16672,7,-1112,311,23.1,1667.2,9,6,8,0,0,17784,6.8,1112,-311,21.1,1778.4
1,6,9,7,0,0,17286,7.2,431,625,22.2,1728.6,9,6,7,1,0,16855,7,-431,-625,19.3,1685.5
0,4,1,4,0,0,16385,7,3001,1223,24.9,1638.5,1,4,0,1,0,13384,6.8,-3001,-1223,21.3,1338.4
1,9,6,7,0,0,16902,6.8,1451,1154,20.7,1690.2,6,9,7,0,0,15451,6.8,-1451,-1154,19.9,1545.1
1,8,2,11,2,0,17127,7.2,2735,2319,22.1,1712.7,2,8,2,0,0,14392,6.6,-2735,-2319,20.8,1439.2
1,9,2,13,0,0,18383,7,4152,1466,23.3,1838.3,2,9,2,1,0,14231,7,-4152,-1466,21.3,1423.1
0,6,10,4,0,0,15475,6.4,-2395,-3117,20.5,1547.5,10,6,13,1,0,17870,7.2,2395,3117,21,1787
1,12,11,13,0,0,18950,7.4,227,939,21.6,1895,11,12,13,0,0,18723,6.8,-227,-939,21.7,1872.3
1,7,0,11,1,0,16942,6.6,3843,2831,21.4,1694.2,0,7,0,0,0,13099,6.2,-3843,-2831,19.1,1309.9
0,3,7,3,0,0,15423,7.2,-2055,-860,23.2,1542.3,7,3,10,1,0,17478,7.2,2055,860,25.8,1747.8
0,10,7,10,0,0,18296,7,1011,17,20.8,1829.6,7,10,8,0,0,17285,7,-1011,-17,23.7,1728.5
0,6,13,6,0,0,15166,6.6,-3865,-2920,16.2,1516.6,13,6,6,1,0,19031,7,3865,2920,20.4,1903.1
0,5,8,6,0,0,16230,6.8,-1222,-125,23,1623,8,5,9,1,0,17452,6.8,1222,125,22.1,1745.2
1,14,3,6,1,0,20005,7.4,5201,4398,22.2,2000.5,3,14,3,0,0,14804,6.6,-5201,-4398,21.1,1480.4
0,2,1,3,0,0,14485,6.6,-953,-862,21.1,1448.5,1,2,2,0,0,15438,7,953,862,24.6,1543.8
0,2,2,3,1,0,15313,7,496,1365,22.1,1531.3,2,2,2,0,0,14817,6.8,-496,-1365,23.7,1481.7
1,9,6,7,0,0,17147,7.2,1412,1897,19.7,1714.7,6,9,4,1,0,15735,6.8,-1412,-1897,21,1573.5
0,5,7,4,0,0,16078,6.8,-1408,-1192,21.7,1607.8,7,5,12,1,0,17486,7,1408,1192,24.5,1748.6
0,4,5,5,0,0,14511,6.2,-2246,-961,19.3,1451.1,5,4,7,1,0,16757,7,2246,961,23.3,1675.7
0,4,1,4,1,0,15224,6.6,1168,481,21.8,1522.4,1,4,0,0,0,14056,6.4,-1168,-481,23.1,1405.6
0,7,10,7,0,0,15989,6.4,-2662,-2170,17.9,1598.9,10,7,16,1,0,18651,7,2662,2170,20.4,1865.1
1,7,1,10,0,0,17558,7.2,2704,1740,25.1,1755.8,1,7,1,1,0,14854,6.6,-2704,-1740,22.4,1485.4
1,5,4,2,0,0,15215,6.6,0,-368,21.2,1521.5,4,5,5,1,0,15215,6.8,0,368,19.7,1521.5
1,4,9,2,0,0,14887,6.4,-3088,-2028,20.9,1488.7,9,4,12,0,0,17975,6.8,3088,2028,20.3,1797.5
0,2,12,1,0,0,14100,6.6,-5508,-3521,20.4,1410,12,2,15,1,0,19608,7.6,5508,3521,23.9,1960.8
1,7,5,7,1,0,17097,7,1800,546,19.9,1709.7,5,7,9,0,0,15297,6.6,-1800,-546,18.2,1529.7
0,2,10,0,0,0,14082,6.6,-3196,-1322,23.8,1408.2,10,2,14,1,0,17278,6.8,3196,1322,21.6,1727.8
1,6,6,7,0,0,17500,7.2,2077,266,22.6,1750,6,6,4,1,0,15423,6.8,-2077,-266,21.2,1542.3
1,11,4,12,2,0,17970,7.2,2003,2155,20.8,1797,4,11,4,0,0,15967,7,-2003,-2155,23,1596.7
1,4,4,5,0,0,15198,7,-266,15,20.5,1519.8,4,4,2,1,0,15464,7,266,-15,22.4,1546.4
1,5,3,3,0,0,17194,7.4,2588,1628,26.3,1719.4,3,5,3,0,0,14606,7,-2588,-1628,21.5,1460.6
0,3,7,3,0,0,14951,6.8,-2002,-565,20.6,1495.1,7,3,6,1,0,16953,7,2002,565,21.4,1695.3
0,7,2,9,1,0,16966,7.2,1996,2078,22.2,1696.6,2,7,2,0,0,14970,6.8,-1996,-2078,22.2,1497
1,3,6,4,1,0,14513,6.8,-1494,-368,20.2,1451.3,6,3,5,0,0,16007,6.8,1494,368,23.2,1600.7
0,10,7,13,0,0,18446,7.2,1918,1638,19.5,1844.6,7,10,8,2,0,16528,7,-1918,-1638,19.1,1652.8
0,8,6,9,0,0,17100,7.2,825,318,21.3,1710,6,8,10,1,0,16275,7.2,-825,-318,19.6,1627.5
1,13,7,16,2,0,16398,7,4096,3516,21,1639.8,7,13,8,0,0,16515,6.4,-4096,-3516,16.6,1651.5
1,8,7,11,0,0,18672,7.2,2427,742,25,1867.2,7,8,5,1,0,16245,7,-2427,-742,18.4,1624.5
0,1,3,1,0,0,14988,7.2,428,-36,25.6,1498.8,3,1,1,1,0,14560,7,-428,36,22,1456
0,6,10,5,0,0,17250,7,-862,-1596,22.2,1725,10,6,11,0,0,18112,7.4,862,1596,21.6,1811.2
1,11,3,14,1,0,20145,7.4,5634,2094,24.2,2014.5,3,11,1,1,0,14511,6.8,-5634,-2094,19.6,1451.1
1,7,4,8,1,0,17325,7,1243,1506,20.7,1732.5,4,7,4,0,0,16082,6.8,-1243,-1506,21.8,1608.2
1,10,1,7,1,0,19336,7.8,6221,-28,26.7,1933.6,1,10,1,1,0,13115,6.2,-6221,28,20.5,1311.5
0,1,11,0,0,0,13701,6.6,-4873,-2666,20,1370.1,11,1,12,1,0,18574,7.2,4873,2666,22.2,1857.4
0,6,5,6,1,0,15765,7,-164,-313,21.4,1576.5,5,6,6,0,0,15929,6.8,164,313,21.8,1592.9
0,4,2,2,0,0,14841,7,-224,635,18.3,1484.1,2,4,2,2,0,15065,6.8,224,-635,23.4,1506.5
0,4,4,4,0,0,15597,6.8,717,215,23.2,1559.7,4,4,3,1,0,14880,6.8,-717,-215,19.7,1488
0,1,7,0,0,0,13828,6.6,-3588,-2501,22.8,1382.8,7,1,6,0,0,17416,7.2,3588,2501,25.8,1741.6
0,6,5,9,0,0,16275,7.2,-184,57,20.9,1627.5,5,6,3,1,0,16459,7.2,184,-57,25,1645.9
0,5,7,5,0,0,16763,7.2,-729,-620,25.2,1676.3,7,5,6,2,0,17492,7.2,729,620,24.1,1749.2
1,6,5,6,0,0,16398,7,5859,3289,21.8,1639.8,5,6,7,0,0,15230,6.4,-5859,-3289,20.5,1523
0,4,8,2,0,0,15155,6.6,-2548,-826,20.1,1515.5,8,4,10,1,0,17703,7.2,2548,826,21.2,1770.3
1,8,3,9,2,0,17226,7.2,2061,1693,19.3,1722.6,3,8,5,0,0,15165,6.4,-2061,-1693,22,1516.5
0,7,7,6,1,0,17634,7.2,825,-1367,23.7,1763.4,7,7,4,1,0,16809,7,-825,1367,21.5,1680.9
1,9,3,8,1,0,17562,7,1948,764,22.4,1756.2,3,9,6,0,0,15614,7,-1948,-764,20.2,1561.4
1,5,6,7,0,0,16161,7,-167,855,21.4,1616.1,6,5,7,0,0,16328,7.2,167,-855,21.3,1632.8
1,13,5,6,1,0,16398,7.4,5477,3692,25.1,1639.8,5,13,4,0,0,15376,6.6,-5477,-3692,20.6,1537.6
1,1,5,1,1,0,15743,6.8,-251,557,26.4,1574.3,5,1,11,1,0,15994,7,251,-557,21,1599.4
1,3,3,6,1,0,15204,6.8,153,917,20.9,1520.4,3,3,3,1,0,15051,6.8,-153,-917,23.2,1505.1
0,3,4,4,0,0,15013,6.6,-741,-637,21.2,1501.3,4,3,7,1,0,15754,6.8,741,637,22.5,1575.4
1,11,4,8,1,0,20176,7.6,5830,1979,26,2017.6,4,11,0,0,0,14346,6.8,-5830,-1979,19.4,1434.6
0,6,6,5,0,0,15856,7,-460,60,22.4,1585.6,6,6,7,1,0,16316,6.8,460,-60,23.8,1631.6
1,9,4,10,2,0,17097,7.2,1186,907,22,1709.7,4,9,3,0,0,15911,7,-1186,-907,21.3,1591.1
0,6,8,7,0,0,16595,7.2,-829,289,21.7,1659.5,8,6,10,2,0,17424,7.2,829,-289,22,1742.4
0,3,5,4,0,0,13952,6.2,-3559,-2812,17.2,1395.2,5,3,3,2,0,17511,7,3559,2812,23,1751.1
1,11,7,6,2,0,18413,7.2,2377,2335,22.8,1841.3,7,11,7,0,0,16036,7,-2377,-2335,17.2,1603.6
0,5,2,9,0,0,16113,7,1277,1357,23.6,1611.3,2,5,4,1,0,14836,6.8,-1277,-1357,22.1,1483.6
1,2,5,1,0,0,15508,7,-919,-923,25.8,1550.8,5,2,8,0,0,16427,7.2,919,923,22.6,1642.7
0,12,9,16,1,0,18345,6.8,941,-561,22.2,1834.5,9,12,8,1,0,17404,7,-941,561,20.7,1740.4
1,12,11,10,0,0,18882,7.2,291,839,22.4,1888.2,11,12,13,0,0,18591,6.8,-291,-839,22.2,1859.1
0,3,6,1,0,0,14734,6.8,-1871,-605,22.6,1473.4,6,3,6,0,0,16605,7,1871,605,23.1,1660.5
0,4,9,4,0,0,15337,6.8,-1167,-1265,21.1,1533.7,9,4,8,0,0,16504,7,1167,1265,17.3,1650.4
0,2,2,2,0,0,15280,7.2,447,609,25.7,1528,2,2,2,1,0,14833,6.8,-447,-609,24,1483.3
1,7,2,8,0,0,16861,7.2,2211,1501,19.6,1686.1,2,7,1,1,0,14650,7,-2211,-1501,20.8,1465
1,5,11,3,0,0,16321,7,-2593,-1668,18.5,1632.1,11,5,6,1,0,18914,7.2,2593,1668,24.5,1891.4
0,5,7,8,0,0,15885,6.6,-1566,-2539,22,1588.5,7,5,7,1,0,17451,7.2,1566,2539,22.1,1745.1
0,5,11,3,0,0,16007,6.6,-3397,-2492,20.6,1600.7,11,5,8,1,0,19404,7.2,3397,2492,22.9,1940.4
1,6,6,8,0,0,16171,6.8,-857,-1356,19.1,1617.1,6,6,5,1,0,17028,7,857,1356,23.4,1702.8
0,8,9,8,0,0,15726,6.4,-3796,-326,17.6,1572.6,9,8,7,0,0,19522,6.8,3796,326,21.9,1952.2
0,7,13,6,0,0,16851,6.8,-2174,-117,21.5,1685.1,13,7,6,0,0,19025,7,2174,117,21.1,1902.5
0,5,6,4,0,0,14448,6.8,-2969,-1135,21.8,1444.8,6,5,8,1,0,17417,7,2969,1135,22.5,1741.7
1,3,3,3,0,0,15045,6.6,220,-284,22.1,1504.5,3,3,5,0,0,14825,6.8,-220,284,19.9,1482.5
1,8,9,8,2,0,17267,7,-356,-408,20.3,1726.7,9,8,16,0,0,17623,6.8,356,408,18,1762.3
1,8,6,4,0,0,17706,6.8,1893,763,19.4,1770.6,6,8,7,1,0,15813,6.6,-1893,-763,19.3,1581.3
0,5,7,5,0,0,15576,6.6,-887,-1878,22.1,1557.6,7,5,7,1,0,16463,7,887,1878,19.7,1646.3
1,6,4,7,1,0,17084,7.2,2439,2070,22.7,1708.4,4,6,9,0,0,14645,6.6,-2439,-2070,20.8,1464.5
0,6,10,8,1,0,15614,6.4,-2683,-3323,19.6,1561.4,10,6,7,1,0,18297,7.4,2683,3323,22.3,1829.7
1,10,1,13,1,0,19602,7.4,5238,2654,23.6,1960.2,1,10,2,0,0,14364,6.8,-5238,-2654,20.9,1436.4
0,2,7,1,0,0,15409,7,-2550,-792,24.7,1540.9,7,2,10,1,0,17959,7,2550,792,25.6,1795.9
1,4,1,8,0,0,14298,6.4,852,-26,17.1,1429.8,1,4,1,0,0,13446,6.4,-852,26,21.3,1344.6
1,7,2,10,2,0,18507,7.2,3756,1754,24.5,1850.7,2,7,3,0,0,14751,6.6,-3756,-1754,24.7,1475.1
0,5,6,5,0,0,16179,7,-97,1114,26.3,1617.9,6,5,7,2,0,16276,6.8,97,-1114,22.1,1627.6
1,7,4,6,1,0,17018,7.2,1463,1571,23.8,1701.8,4,7,4,0,0,15555,7,-1463,-1571,21.9,1555.5
0,3,4,4,1,0,15306,6.8,-961,-1427,22,1530.6,4,3,1,0,0,16267,7.2,961,1427,25.6,1626.7
0,4,5,4,0,0,15079,7,-1226,-1378,19.6,1507.9,5,4,3,0,0,16305,7.2,1226,1378,26.1,1630.5
1,9,7,11,1,0,17622,7.2,173,41,19.2,1762.2,7,9,7,0,0,17449,6.8,-173,-41,22.7,1744.9
0,9,6,5,0,0,17341,7.2,1266,1770,20.3,1734.1,6,9,6,0,0,16075,7,-1266,-1770,19.3,1607.5
0,6,6,5,0,0,15868,6.6,-585,-795,20.1,1586.8,6,6,7,0,0,16453,6.8,585,795,24.2,1645.3
1,9,10,8,1,0,17170,7,-522,226,20.4,1717,10,9,10,0,0,17692,7,522,-226,19.2,1769.2
0,6,12,5,1,0,15716,6.8,-3393,-1177,18.9,1571.6,12,6,6,0,0,19109,6.8,3393,1177,20.6,1910.9
0,3,8,3,0,0,15036,7.2,-2855,-2453,19.8,1503.6,8,3,7,1,0,17891,7.4,2855,2453,26.9,1789.1
1,8,9,5,0,0,16608,7.2,-114,1359,20.1,1660.8,9,8,10,1,0,16722,6.8,114,-1359,20,1672.2
0,6,8,9,0,0,16116,6.8,-77,416,19.6,1611.6,8,6,11,1,0,16193,6.6,77,-416,20.4,1619.3
1,13,3,11,1,0,16398,7.4,14,-28,26.4,1639.8,3,13,3,0,0,13966,7,-14,28,19,1396.6
0,7,6,8,0,0,16441,6.4,132,-2613,21.8,1644.1,6,7,6,1,0,16309,7,-132,2613,20.3,1630.9
0,6,8,4,0,0,15446,6.4,-1995,-1392,19.8,1544.6,8,6,7,1,0,17441,7,1995,1392,21.6,1744.1
0,5,7,7,0,0,15799,6.4,-1069,-1901,22.4,1579.9,7,5,5,0,0,16868,7,1069,1901,21.5,1686.8
1,9,11,11,1,0,17909,7,-292,-506,21.4,1790.9,11,9,13,0,0,18201,7.2,292,506,20.5,1820.1
0,4,13,5,0,0,15309,6.6,-4962,-2312,17.5,1530.9,13,4,14,1,0,20271,7.2,4962,2312,24.2,2027.1
1,13,4,11,1,0,19077,7.2,3669,3030,21.5,1907.7,4,13,5,0,0,15408,6.4,-3669,-3030,20.7,1540.8
0,7,7,5,0,0,15321,6.6,-2338,-2724,17.1,1532.1,7,7,10,0,0,17659,7.4,2338,2724,22.5,1765.9
0,3,8,2,0,0,14522,6.4,-3596,-2738,21.1,1452.2,8,3,6,1,0,18118,7,3596,2738,23.6,1811.8
0,8,7,7,2,0,17996,7,1295,435,20.8,1799.6,7,8,5,0,0,16701,7,-1295,-435,22.7,1670.1
0,6,7,10,1,0,16447,7,-168,376,20.1,1644.7,7,6,10,0,0,16615,7,168,-376,22.4,1661.5
0,0,7,0,0,0,13068,6.4,-5375,-4425,19.8,1306.8,7,0,5,2,0,18443,7.2,5375,4425,23.5,1844.3
0,9,5,8,0,0,17757,7,2341,2225,21.7,1775.7,5,9,5,1,0,15416,6.8,-2341,-2225,18.5,1541.6
0,9,9,11,0,0,17459,6.8,-531,-1077,22.6,1745.9,9,9,11,0,0,17990,7.2,531,1077,20,1799
1,3,7,1,0,0,14068,6.8,-3083,-2239,20.6,1406.8,7,3,6,0,0,17151,7,3083,2239,25.2,1715.1
0,3,8,1,0,0,13960,6.2,-4808,-4098,20.2,1396,8,3,9,1,0,18768,7.4,4808,4098,24.1,1876.8
1,10,13,8,1,0,18255,6.8,-1237,-874,20.6,1825.5,13,10,6,0,0,19492,7,1237,874,20.3,1949.2
1,7,5,8,0,0,17134,7,408,742,20.7,1713.4,5,7,4,1,0,16726,7.2,-408,-742,23.6,1672.6
0,10,9,12,0,0,17487,6.8,274,-459,21.1,1748.7,9,10,13,1,0,17213,7,-274,459,19.8,1721.3
0,6,10,4,0,0,16335,6.6,-956,16,19.2,1633.5,10,6,11,1,0,17291,6.8,956,-16,20.2,1729.1
1,5,5,6,1,0,16405,7,861,1078,23.9,1640.5,5,5,9,1,0,15544,6.6,-861,-1078,23.3,1554.4
0,3,11,5,0,0,14145,7,-5471,-4481,18.6,1414.5,11,3,10,2,0,19616,7.6,5471,4481,22.8,1961.6
1,5,5,6,0,0,16419,6.8,159,363,23.3,1641.9,5,5,5,2,0,16260,6.6,-159,-363,19.4,1626
1,3,4,3,0,0,14482,6.8,-3335,-2502,19.8,1448.2,4,3,4,2,0,17817,7.2,3335,2502,24.8,1781.7
1,5,4,5,1,0,15967,6.8,803,798,20.3,1596.7,4,5,6,0,0,15164,6.8,-803,-798,22.6,1516.4
0,5,9,5,0,0,16093,6.8,-700,-1781,20.9,1609.3,9,5,6,0,0,16793,7,700,1781,19.2,1679.3
1,6,4,13,0,0,16398,7.4,5491,4640,21.5,1639.8,4,6,4,0,0,15336,6.4,-5491,-4640,18.3,1533.6
0,4,4,2,1,0,14697,7,-1620,-1655,22.2,1469.7,4,4,4,0,0,16317,7.4,1620,1655,25.5,1631.7
0,10,11,10,0,0,17702,6.4,-1478,-1657,19.8,1770.2,11,10,14,0,0,19180,6.8,1478,1657,20.2,1918
0,2,9,2,1,0,14730,6.6,-4406,-2663,24.6,1473,9,2,6,1,0,19136,7.6,4406,2663,23.3,1913.6
0,6,10,10,0,0,16876,6.6,-1015,-1031,23.8,1687.6,10,6,9,0,0,17891,6.8,1015,1031,21.2,1789.1
1,5,6,7,0,0,16203,6.6,-5057,-3732,18.7,1620.3,6,5,16,1,0,16378,7.4,5057,3732,25.5,1637.8
0,7,7,7,1,0,17214,7.2,1465,1232,21.9,1721.4,7,7,4,1,0,15749,6.8,-1465,-1232,19.3,1574.9
1,1,8,0,1,0,14019,6.6,-3720,-2126,20.6,1401.9,8,1,10,0,0,17739,7.4,3720,2126,25.1,1773.9
0,8,10,2,0,0,16163,6.8,-1825,-1174,20.1,1616.3,10,8,13,1,0,17988,7.2,1825,1174,19.6,1798.8
0,5,7,7,2,0,15745,6.8,-2082,-1005,22.5,1574.5,7,5,5,0,0,17827,7,2082,1005,26.4,1782.7
1,13,6,13,0,0,18933,7.4,2109,3154,21,1893.3,6,13,10,0,0,16824,6.6,-2109,-3154,19.4,1682.4
1,4,4,4,1,0,16452,7.4,772,702,26.6,1645.2,4,4,2,0,0,15680,7,-772,-702,21.5,1568
0,6,4,11,0,0,16527,7,1338,-385,22.5,1652.7,4,6,7,0,0,15189,7,-1338,385,19.1,1518.9
0,7,6,8,0,0,16977,6.6,841,-678,22.2,1697.7,6,7,8,0,0,16136,6.8,-841,678,21.6,1613.6
0,1,7,1,0,0,13874,6.4,-2933,-2159,21.9,1387.4,7,1,8,2,0,16807,7,2933,2159,21.5,1680.7
0,10,8,10,2,0,17272,7,-88,555,21,1727.2,8,10,13,0,0,17360,7,88,-555,22.3,1736
0,4,7,2,0,0,15125,6.8,-3346,-1685,22.3,1512.5,7,4,8,2,0,18471,7.2,3346,1685,21.9,1847.1
0,2,9,4,0,0,14691,6.8,-4024,-1999,20.7,1469.1,9,2,6,1,0,18715,7.4,4024,1999,24.2,1871.5
0,6,5,3,0,0,16961,7.2,1155,868,24,1696.1,5,6,6,1,0,15806,6.8,-1155,-868,20.1,1580.6
1,3,3,4,0,0,16688,7,1004,458,21.5,1668.8,3,3,4,0,0,15684,7,-1004,-458,23.1,1568.4
1,4,3,3,1,0,17143,7.2,2043,1866,23.7,1714.3,3,4,4,1,0,15100,6.4,-2043,-1866,23.6,1510
1,7,9,6,1,0,18097,7,811,426,24.3,1809.7,9,7,12,1,0,17286,6.6,-811,-426,19.4,1728.6
1,11,3,14,1,0,19276,7.4,4275,2943,23.7,1927.6,3,11,6,0,0,15001,6.4,-4275,-2943,20.5,1500.1
0,7,7,8,1,0,17114,7,-218,-840,21,1711.4,7,7,6,0,0,17332,7.4,218,840,22.6,1733.2
1,8,6,8,0,0,16602,6.8,-786,-808,16.3,1660.2,6,8,2,0,0,17388,6.8,786,808,20.6,1738.8
0,5,11,4,0,0,14975,6.4,-3359,-2255,19.4,1497.5,11,5,8,1,0,18334,7,3359,2255,22.1,1833.4
1,6,9,7,1,0,15843,7,-2292,-810,20.6,1584.3,9,6,11,0,0,18135,6.8,2292,810,21,1813.5
0,6,7,3,0,0,15777,6.8,-1838,-366,20.3,1577.7,7,6,8,1,0,17615,7,1838,366,21.4,1761.5
1,10,6,5,0,0,17142,7,2121,1813,22.1,1714.2,6,10,3,0,0,15021,6.4,-2121,-1813,20,1502.1
1,7,6,11,0,0,18027,7,2394,873,21.7,1802.7,6,7,5,1,0,15633,6.8,-2394,-873,21.9,1563.3
1,4,5,6,1,0,16003,6.8,-1084,-1632,23.8,1600.3,5,4,8,0,0,17087,7.2,1084,1632,24.4,1708.7
1,11,11,9,1,0,19116,7,1159,3144,22,1911.6,11,11,14,0,0,17957,6.4,-1159,-3144,16.9,1795.7
1,11,7,6,1,0,18078,6.8,1328,1106,19.2,1807.8,7,11,6,0,0,16750,6.8,-1328,-1106,19.7,1675
1,8,8,8,1,0,18011,7,1522,277,24.3,1801.1,8,8,7,0,0,16489,7.2,-1522,-277,21,1648.9
0,6,13,6,0,0,15336,6.8,-3534,-1814,19.6,1533.6,13,6,13,1,0,18870,7,3534,1814,20.8,1887
0,6,7,6,1,0,17273,7.2,292,760,22.6,1727.3,7,6,10,0,0,16981,6.8,-292,-760,22.5,1698.1
0,9,7,8,0,0,17875,7,2561,1875,20.3,1787.5,7,9,6,0,0,15314,6.6,-2561,-1875,17.9,1531.4
0,9,10,14,0,0,17215,6.8,-1908,-994,19.8,1721.5,10,9,11,0,0,19123,7.2,1908,994,23.5,1912.3
1,6,8,10,0,0,15579,6.8,-1815,-1309,20.4,1557.9,8,6,8,2,0,17394,7,1815,1309,20.5,1739.4
0,6,8,9,0,0,16479,6.6,-266,-65,23,1647.9,8,6,13,2,0,16745,6.6,266,65,18.6,1674.5
0,2,3,6,1,0,13918,6.8,-1382,-271,20.9,1391.8,3,2,1,0,0,15300,6.8,1382,271,26,1530
1,9,5,8,2,0,17615,7.2,2643,3340,21.8,1761.5,5,9,6,0,0,14972,6.4,-2643,-3340,19.4,1497.2
0,3,3,1,1,0,15848,7,1259,720,25.1,1584.8,3,3,2,0,0,14589,6.8,-1259,-720,22,1458.9
0,6,3,6,0,0,15941,7.2,1231,93,22.8,1594.1,3,6,3,0,0,14710,6.8,-1231,-93,21.2,1471
1,2,6,1,2,0,14448,6.8,-2279,-958,19.8,1444.8,6,2,7,0,0,16727,7.2,2279,958,23.9,1672.7
1,3,2,4,0,0,15719,7.4,753,263,23,1571.9,2,3,3,1,0,14966,7.2,-753,-263,23.6,1496.6
0,8,10,9,0,0,17139,6.6,-201,-1063,19.9,1713.9,10,8,11,1,0,17340,6.8,201,1063,16.7,1734
0,4,4,4,1,0,15977,6.8,1033,1209,22.4,1597.7,4,4,3,0,0,14944,6.4,-1033,-1209,18.5,1494.4
1,2,4,2,1,0,14938,6.8,-353,-370,24.6,1493.8,4,2,6,0,0,15291,7,353,370,23,1529.1
0,9,6,13,0,0,17187,7,619,1021,19.9,1718.7,6,9,6,1,0,16568,6.8,-619,-1021,21.4,1656.8
1,8,9,10,1,0,17558,6.8,-483,-427,20.2,1755.8,9,8,9,1,0,18041,7.2,483,427,20.5,1804.1
1,6,2,5,2,0,17945,7,2404,1129,26.8,1794.5,2,6,1,0,0,15541,6.8,-2404,-1129,26,1554.1
1,5,5,10,0,0,15151,6.8,-244,78,20.3,1515.1,5,5,6,0,0,15395,6.4,244,-78,21.5,1539.5
1,4,11,5,0,0,14983,6.8,-2653,-1372,20.8,1498.3,11,4,16,1,0,17636,7,2653,1372,20.7,1763.6
1,6,7,7,1,0,16527,6.6,94,-487,22.9,1652.7,7,6,11,0,0,16433,6.8,-94,487,19,1643.3
0,8,8,4,1,0,16359,7,-736,-226,20.4,1635.9,8,8,7,1,0,17095,7.2,736,226,23.2,1709.5
1,8,3,12,1,0,19038,7.2,4034,1938,23.9,1903.8,3,8,4,0,0,15004,6.8,-4034,-1938,22.8,1500.4
0,5,4,10,1,0,15976,6.8,609,-609,23.2,1597.6,4,5,5,1,0,15367,7,-609,609,23.5,1536.7
0,1,4,1,0,0,13512,6.4,-2327,-742,22.4,1351.2,4,1,6,1,0,15839,7,2327,742,21.5,1583.9
0,5,9,6,0,0,14923,6.8,-3916,-2883,17.3,1492.3,9,5,8,1,0,18839,7.4,3916,2883,23.9,1883.9
0,6,6,6,1,0,16124,6.6,-725,-925,22.5,1612.4,6,6,6,1,0,16849,6.8,725,925,24.6,1684.9
0,1,6,1,0,0,14058,6.6,-2675,-2192,21.3,1405.8,6,1,4,1,0,16733,7,2675,2192,22.9,1673.3
0,3,6,4,0,0,14422,6.8,-2346,-1871,20.1,1442.2,6,3,6,0,0,16768,7.2,2346,1871,23.7,1676.8
1,5,6,7,1,0,16539,7.4,-65,1208,24.2,1653.9,6,5,7,0,0,16604,7,65,-1208,23,1660.4
0,5,10,6,0,0,15794,6.6,-3750,-1447,20.3,1579.4,10,5,13,1,0,19544,6.8,3750,1447,21.2,1954.4
0,8,7,15,0,0,16867,6.8,150,-446,22.8,1686.7,7,8,5,1,0,16717,7.2,-150,446,22.2,1671.7
0,9,9,9,0,0,17197,7.2,-1383,-970,20.5,1719.7,9,9,12,0,0,18580,7,1383,970,23.2,1858
1,5,9,5,1,0,15881,6.4,-1441,-938,20.4,1588.1,9,5,16,1,0,17322,6.8,1441,938,19.7,1732.2
1,11,3,14,0,0,19373,7.2,4898,3092,22.8,1937.3,3,11,2,1,0,14475,6.6,-4898,-3092,19,1447.5
0,6,5,10,0,0,16548,6.6,503,-194,23,1654.8,5,6,8,2,0,16045,7,-503,194,21.1,1604.5
0,3,13,4,0,0,14126,6.4,-6319,-3391,20,1412.6,13,3,6,1,0,16378,7.2,6319,3391,19.3,1637.8
1,7,5,9,0,0,16518,6.6,238,275,20.2,1651.8,5,7,9,0,0,16280,6.6,-238,-275,21,1628
1,5,11,7,0,0,15897,6.8,-3048,-3175,21.5,1589.7,11,5,8,1,0,18945,7.4,3048,3175,24.5,1894.5
1,13,5,8,0,0,16398,7.4,14,-28,25,1639.8,5,13,5,0,0,14611,7,-14,28,15.8,1461.1
0,1,5,2,1,0,14445,6.8,-925,41,23.2,1444.5,5,1,9,0,0,15370,7,925,-41,21.1,1537
1,6,5,3,1,0,17293,7,1339,614,23.1,1729.3,5,6,6,1,0,15954,7.2,-1339,-614,23.6,1595.4
0,8,4,7,0,0,17239,6.8,1201,-46,21,1723.9,4,8,4,1,0,16038,7,-1201,46,22.5,1603.8
1,8,9,8,2,0,18339,7.2,-59,1231,23.3,1833.9,9,8,9,0,0,18398,7,59,-1231,21.2,1839.8
1,6,4,7,1,0,16541,7,1294,1165,24.9,1654.1,4,6,6,0,0,15247,7,-1294,-1165,21.1,1524.7
1,14,7,13,1,0,20488,6.8,4535,1970,20.1,2048.8,7,14,5,0,0,15953,6.2,-4535,-1970,19.1,1595.3
1,5,6,4,1,0,15072,7,-1925,-904,18.9,1507.2,6,5,5,0,0,16997,7.2,1925,904,24.4,1699.7
0,4,6,4,1,0,15433,7.2,-1629,-287,21.8,1543.3,6,4,4,0,0,17062,7.4,1629,287,24.9,1706.2
1,4,6,7,0,0,15766,6.8,-856,-642,21.3,1576.6,6,4,6,1,0,16622,6.6,856,642,23.9,1662.2
1,10,5,14,1,0,18459,7,2955,1124,18.7,1845.9,5,10,7,0,0,15504,6.8,-2955,-1124,19.6,1550.4
0,7,3,7,2,0,16467,6.8,1418,129,20.9,1646.7,3,7,2,0,0,15049,6.8,-1418,-129,23.1,1504.9
1,11,8,13,1,0,18384,7.2,1263,-392,20.8,1838.4,8,11,7,0,0,17121,7,-1263,392,20.7,1712.1
1,11,3,11,1,0,18479,7.4,3187,1811,23.2,1847.9,3,11,2,1,0,15292,6.8,-3187,-1811,25.8,1529.2
0,3,9,4,1,0,14812,6.8,-3244,-1208,19.9,1481.2,9,3,12,1,0,18056,6.8,3244,1208,20.5,1805.6
1,2,6,1,1,0,14702,6.8,-1626,-849,21.2,1470.2,6,2,5,1,0,16328,7.2,1626,849,24.3,1632.8
1,3,7,4,0,0,15715,7,-1235,-956,24.6,1571.5,7,3,4,1,0,16950,7.2,1235,956,25.2,1695
0,8,5,9,0,0,16736,7.2,1271,531,22.7,1673.6,5,8,4,0,0,15465,7,-1271,-531,22.1,1546.5
0,10,8,9,1,0,17344,7,706,766,18.4,1734.4,8,10,7,1,0,16638,6.6,-706,-766,20.6,1663.8
1,11,8,13,1,0,18625,6.6,1430,916,19,1862.5,8,11,9,1,0,17195,6.6,-1430,-916,21.5,1719.5
1,2,7,2,0,0,13825,6.6,-2891,-3196,18.5,1382.5,7,2,7,0,0,16716,7.4,2891,3196,22.9,1671.6
0,3,7,1,1,0,14604,6.6,-3333,-379,19.8,1460.4,7,3,10,1,0,17937,6.8,3333,379,24.5,1793.7
0,5,8,5,0,0,15770,6.4,-2580,-3307,24.1,1577,8,5,6,1,0,18350,7.2,2580,3307,22.4,1835
1,8,9,4,0,0,16566,7.2,-1838,-1127,21.4,1656.6,9,8,7,2,0,18404,7.2,1838,1127,23.8,1840.4
0,7,4,6,0,0,17129,6.8,1440,247,22.8,1712.9,4,7,4,1,0,15689,7,-1440,-247,21.1,1568.9
0,4,7,5,0,0,16176,7,-992,-804,25.4,1617.6,7,4,6,1,0,17168,6.8,992,804,26.2,1716.8
1,6,5,15,1,0,16398,7.2,5433,3364,20.6,1639.8,5,6,3,0,0,15623,6.4,-5433,-3364,19.3,1562.3
1,12,7,10,1,0,20471,7.6,3941,3044,23,2047.1,7,12,6,0,0,16530,6.6,-3941,-3044,19.8,1653
1,8,3,14,0,0,18823,6.6,4509,2253,24.5,1882.3,3,8,2,1,0,14314,6.6,-4509,-2253,21.8,1431.4
1,7,3,6,0,0,17204,7.4,2385,966,25.5,1720.4,3,7,4,1,0,14819,7,-2385,-966,21.5,1481.9
1,12,2,6,0,0,17628,6.2,4007,970,18.4,1762.8,2,12,3,0,0,13621,6.2,-4007,-970,18.3,1362.1
0,7,8,11,1,0,16562,7,438,196,18,1656.2,8,7,5,0,0,16124,7,-438,-196,20.1,1612.4
0,6,11,6,1,0,16543,7,-3032,-1002,21.3,1654.3,11,6,16,0,0,19575,7.2,3032,1002,24,1957.5
0,9,4,12,0,0,19292,6.8,4062,2332,21.3,1929.2,4,9,6,2,0,15230,6.4,-4062,-2332,19.1,1523
0,5,6,6,0,0,15590,7.2,-816,332,21.1,1559,6,5,4,0,0,16406,7,816,-332,22.7,1640.6
1,5,1,5,0,0,15885,7,2107,464,25,1588.5,1,5,1,1,0,13778,6.6,-2107,-464,23.1,1377.8
1,6,10,6,1,0,15936,6.6,-2542,-1008,23.3,1593.6,10,6,9,0,0,18478,7,2542,1008,23.3,1847.8
1,3,7,3,0,0,15040,6.6,-952,-1268,20.5,1504,7,3,4,2,0,15992,7,952,1268,20.5,1599.2
1,6,3,9,1,0,15927,6.8,1824,638,19.8,1592.7,3,6,1,0,0,14103,7,-1824,-638,20.2,1410.3
0,0,5,0,0,0,14231,6.8,-2681,-1877,23,1423.1,5,0,6,2,0,16912,7.2,2681,1877,24.8,1691.2
0,3,6,2,0,0,14998,7,-993,-1150,21.8,1499.8,6,3,6,1,0,15991,7,993,1150,23.6,1599.1
0,11,13,12,1,0,18315,6.6,-337,-1295,23.2,1831.5,13,11,14,1,0,18652,7.2,337,1295,19.7,1865.2
1,8,0,9,1,0,16977,7.4,3115,2163,19.9,1697.7,0,8,0,0,0,13862,6.8,-3115,-2163,21.7,1386.2
1,3,7,2,1,0,14857,6.6,-2748,-2417,22.8,1485.7,7,3,8,1,0,17605,7.4,2748,2417,20.8,1760.5
0,5,9,5,0,0,14819,6.4,-3477,-3301,18.3,1481.9,9,5,7,1,0,18296,7.2,3477,3301,22.7,1829.6
0,3,2,5,1,0,15570,7.2,-61,-100,23.6,1557,2,3,2,0,0,15631,7.2,61,100,26,1563.1
0,3,14,7,0,0,14231,6.2,-5316,-3648,20.8,1423.1,14,3,6,0,0,19547,7.4,5316,3648,21.4,1954.7
1,13,7,12,1,0,19558,7,3257,1407,21.5,1955.8,7,13,5,0,0,16301,6.8,-3257,-1407,20.3,1630.1
1,10,9,9,1,0,18531,7.2,1492,-676,21.7,1853.1,9,10,4,0,0,17039,7,-1492,676,21.4,1703.9
0,5,5,6,0,0,15211,6.6,-1310,-1595,17.9,1521.1,5,5,4,0,0,16521,6.8,1310,1595,22.2,1652.1
0,1,2,2,2,0,13683,6.8,-2032,-1876,19.8,1368.3,2,1,1,0,0,15715,6.8,2032,1876,26.2,1571.5
1,6,3,7,0,0,16887,7.4,846,680,23.2,1688.7,3,6,1,1,0,16041,7.2,-846,-680,24.2,1604.1
1,4,6,4,0,0,16317,7,-248,-1557,22.8,1631.7,6,4,4,2,0,16565,7.2,248,1557,22.5,1656.5
1,12,4,15,1,0,19000,7,4181,1584,21,1900,4,12,4,0,0,14819,6.4,-4181,-1584,19.3,1481.9
0,6,6,8,0,0,16421,7.4,121,-123,22.2,1642.1,6,6,4,1,0,16300,7.2,-121,123,24,1630
1,4,4,8,1,0,16341,7.4,1567,1637,23.6,1634.1,4,4,3,1,0,14774,6.8,-1567,-1637,20.3,1477.4
1,13,6,13,0,0,18901,7.2,2972,1799,24.4,1890.1,6,13,4,0,0,15929,6.8,-2972,-1799,20.6,1592.9
1,2,5,1,0,0,13860,6.6,-2807,-1537,19.3,1386,5,2,6,0,0,16667,6.8,2807,1537,24.9,1666.7
0,4,7,4,0,0,15317,7,-1742,-357,22.5,1531.7,7,4,7,1,0,17059,6.8,1742,357,22.1,1705.9
1,11,6,13,1,0,20111,7,4588,930,23.1,2011.1,6,11,6,0,0,15523,7,-4588,-930,21.8,1552.3
1,11,6,6,1,0,18631,7.4,3123,3364,22.9,1863.1,6,11,10,0,0,15508,6.6,-3123,-3364,19.4,1550.8
0,2,7,5,0,0,14766,6.8,-1174,-1478,23.6,1476.6,7,2,7,1,0,15940,7,1174,1478,19,1594
1,6,6,6,0,0,15967,6.8,-844,-640,22.2,1596.7,6,6,6,0,0,16811,7,844,640,23.4,1681.1
1,7,2,7,1,0,18117,7.4,5779,-28,23.6,1811.7,2,7,0,0,0,16378,7,-5779,28,19.7,1637.8
1,7,5,8,1,0,16379,6.8,377,372,20.7,1637.9,5,7,9,0,0,16002,6.8,-377,-372,24.3,1600.2
1,6,8,5,0,0,16530,6.8,-673,-1416,22.6,1653,8,6,6,0,0,17203,7.2,673,1416,19.8,1720.3
0,3,11,2,0,0,15451,6.8,-3380,-2659,24.3,1545.1,11,3,11,0,0,18831,7.4,3380,2659,23.4,1883.1
1,8,4,5,1,0,17553,7.4,2034,2002,20.3,1755.3,4,8,4,1,0,15519,6.8,-2034,-2002,21.1,1551.9
1,9,5,15,0,0,18721,7.2,2411,1852,24,1872.1,5,9,6,1,0,16310,6.8,-2411,-1852,21.9,1631
1,7,6,3,0,0,16611,6.8,912,505,21.6,1661.1,6,7,6,1,0,15699,7,-912,-505,19.5,1569.9
0,4,4,5,1,0,15059,6.8,-345,-715,19.6,1505.9,4,4,2,0,0,15404,6.6,345,715,23.7,1540.4
0,3,6,3,0,0,14715,7,-2290,-1334,19.8,1471.5,6,3,8,1,0,17005,7,2290,1334,22.9,1700.5
0,8,5,9,1,0,16753,6.8,204,-830,23.3,1675.3,5,8,4,1,0,16549,7.2,-204,830,21.7,1654.9
0,6,12,3,0,0,15676,6.6,-2653,-376,21,1567.6,12,6,15,1,0,18329,7,2653,376,19.1,1832.9
0,9,7,11,0,0,17616,7,356,565,19.5,1761.6,7,9,8,0,0,17260,7,-356,-565,20.8,1726
1,6,4,5,2,0,16727,7.2,613,-602,22,1672.7,4,6,3,0,0,16114,7.4,-613,602,24.7,1611.4
1,12,3,13,1,0,19626,7.6,4400,3092,22.8,1962.6,3,12,2,0,0,15226,6.6,-4400,-3092,22.3,1522.6
1,6,6,6,0,0,16763,6.8,54,-119,20.7,1676.3,6,6,7,1,0,16709,6.8,-54,119,21.4,1670.9
1,4,4,4,0,0,15686,7,126,290,20.6,1568.6,4,4,6,0,0,15560,6.8,-126,-290,22.4,1556
1,3,2,2,1,0,14502,7,-430,53,21.7,1450.2,2,3,1,0,0,14932,6.8,430,-53,22.3,1493.2
0,3,10,3,0,0,15130,6.6,-2528,-1326,22,1513,10,3,13,0,0,17658,7,2528,1326,21.8,1765.8
1,7,3,7,0,0,16718,7,558,-1308,20,1671.8,3,7,2,0,0,16160,7.2,-558,1308,22.5,1616
1,8,4,10,0,0,16929,7,1134,1146,20,1692.9,4,8,3,1,0,15795,6.6,-1134,-1146,23.9,1579.5
1,6,9,6,0,0,16407,7.4,-949,-297,16.8,1640.7,9,6,3,1,0,17356,7.2,949,297,21.6,1735.6
1,11,4,11,1,0,19165,7.4,4297,2642,21.9,1916.5,4,11,4,0,0,14868,6.8,-4297,-2642,17.7,1486.8
0,3,8,6,1,0,15698,6.4,-1838,-1430,18.9,1569.8,8,3,9,1,0,17536,6.8,1838,1430,21.1,1753.6
0,6,9,3,0,0,15398,6.6,-2115,-1147,18.4,1539.8,9,6,6,0,0,17513,7,2115,1147,23.3,1751.3
1,6,3,6,2,0,17201,6.8,2184,419,18.6,1720.1,3,6,4,0,0,15017,6.8,-2184,-419,21.1,1501.7
1,4,7,3,1,0,15964,7,-406,-1050,19.9,1596.4,7,4,5,1,0,16370,7.2,406,1050,19,1637
0,2,14,1,0,0,13121,7,14,-28,17.2,1312.1,14,2,13,2,0,19828,7.6,-14,28,20.3,1982.8
0,3,4,1,1,0,15701,7,826,-382,24.5,1570.1,4,3,6,0,0,14875,7,-826,382,19.3,1487.5
1,10,10,13,0,0,17917,6.8,-1074,-1029,19.9,1791.7,10,10,9,1,0,18991,7.2,1074,1029,23.3,1899.1
1,11,7,8,0,0,18288,7.4,2616,3108,20.7,1828.8,7,11,9,1,0,15672,6.6,-2616,-3108,17.7,1567.2
1,12,9,6,1,0,18857,7.2,1292,812,19.5,1885.7,9,12,10,0,0,17565,7,-1292,-812,20.7,1756.5
0,10,6,12,0,0,17374,6.8,562,243,21.4,1737.4,6,10,9,1,0,16812,6.8,-562,-243,20.4,1681.2
0,6,7,4,1,0,17620,6.8,1345,1361,22.7,1762,7,6,14,1,0,16275,6.6,-1345,-1361,19.9,1627.5
0,8,13,8,0,0,17238,7,-2693,-709,20.4,1723.8,13,8,9,0,0,19931,7.2,2693,709,22.8,1993.1
0,4,9,1,1,0,15709,7,-1696,-1748,20.7,1570.9,9,4,6,1,0,17405,7.2,1696,1748,23.9,1740.5
0,8,11,6,1,0,17693,7.2,-384,-345,20.2,1769.3,11,8,10,1,0,18077,7.2,384,345,19.9,1807.7
1,5,7,5,0,0,16343,6.8,77,239,23.3,1634.3,7,5,9,1,0,16266,6.8,-77,-239,20.3,1626.6
1,7,2,7,1,0,17033,6.8,2789,2000,22.5,1703.3,2,7,2,0,0,14244,6.4,-2789,-2000,21,1424.4
0,6,5,4,0,0,15956,7,56,-587,22.9,1595.6,5,6,2,1,0,15900,7,-56,587,23.1,1590
0,3,7,1,0,0,14780,6.8,-2568,-2314,21.5,1478,7,3,10,1,0,17348,7.2,2568,2314,21.5,1734.8
1,5,5,8,2,0,16709,7,728,2095,22.2,1670.9,5,5,8,0,0,15981,6.8,-728,-2095,22.4,1598.1
1,13,5,12,1,0,18748,7,2236,337,18.1,1874.8,5,13,2,0,0,16512,6.6,-2236,-337,19.4,1651.2
0,4,5,2,0,0,15598,7,-518,868,20.4,1559.8,5,4,10,0,0,16116,7,518,-868,22.5,1611.6
0,5,9,3,0,0,15108,6.8,-3086,-1701,20.2,1510.8,9,5,8,1,0,18194,7.2,3086,1701,22.2,1819.4
0,1,6,1,0,0,13679,6.4,-4365,-2883,20.9,1367.9,6,1,6,1,0,18044,7.2,4365,2883,24.3,1804.4
1,7,6,7,2,0,17453,7,1478,483,23.7,1745.3,6,7,8,0,0,15975,7,-1478,-483,19.9,1597.5
0,3,6,3,0,0,15120,6.8,-5023,-1374,19.1,1512,6,3,6,2,0,20143,7.2,5023,1374,21.7,2014.3
1,9,7,12,0,0,17491,6.6,233,-1221,20,1749.1,7,9,8,0,0,17258,6.8,-233,1221,21.6,1725.8
1,7,4,8,0,0,16798,7,916,780,22.5,1679.8,4,7,4,0,0,15882,7,-916,-780,23.6,1588.2
1,1,1,1,2,0,14379,6.8,-411,430,24.7,1437.9,1,1,2,0,0,14790,7,411,-430,22.8,1479
0,5,9,5,0,0,15953,6.8,-1047,-193,22.3,1595.3,9,5,10,1,0,17000,6.4,1047,193,17.9,1700
1,7,5,5,0,0,17303,7,3111,1587,21.6,1730.3,5,7,2,1,0,14192,6.6,-3111,-1587,16.5,1419.2
1,4,3,4,1,0,16114,7,1694,1199,23.3,1611.4,3,4,3,1,0,14420,6.6,-1694,-1199,21,1442
1,6,4,6,1,0,16398,7.2,14,3536,24.5,1639.8,4,6,2,0,0,14364,6.4,-14,-3536,19.3,1436.4
1,5,4,2,2,0,15660,6.8,413,947,22.4,1566,4,5,2,0,0,15247,6.8,-413,-947,22.6,1524.7
0,9,6,13,1,0,17169,6.8,-92,-1411,21.6,1716.9,6,9,6,1,0,17261,7.2,92,1411,22.1,1726.1
1,6,9,7,2,0,15649,6.8,-2822,-1240,18.6,1564.9,9,6,9,0,0,18471,7,2822,1240,24.8,1847.1
1,7,5,8,0,0,17088,7,180,893,20.4,1708.8,5,7,9,2,0,16908,6.8,-180,-893,23,1690.8
1,7,5,8,1,0,18042,7,2006,346,23.9,1804.2,5,7,4,1,0,16036,7.2,-2006,-346,22.2,1603.6
0,5,14,3,0,0,15424,6.8,-4585,-3125,19.1,1542.4,14,5,13,2,0,20009,7.4,4585,3125,22.8,2000.9
1,3,4,3,0,0,15459,7,-174,231,23,1545.9,4,3,5,2,0,15633,7,174,-231,21.2,1563.3
1,14,6,12,0,0,19588,7.2,3864,2988,21.7,1958.8,6,14,10,0,0,15724,6.8,-3864,-2988,16.2,1572.4
1,8,9,6,1,0,16951,7,-32,-204,20,1695.1,9,8,9,1,0,16983,7,32,204,21.6,1698.3
0,4,9,3,1,0,15533,7,-3728,-2079,21.4,1553.3,9,4,8,0,0,19261,7.4,3728,2079,25.9,1926.1
0,7,4,8,0,0,17653,7,2962,2430,23.1,1765.3,4,7,5,0,0,14691,6.4,-2962,-2430,21,1469.1
0,4,7,2,0,0,14811,6.6,-2076,-679,22.4,1481.1,7,4,6,0,0,16887,6.8,2076,679,23.5,1688.7
1,3,6,3,0,0,14538,6.2,-1266,-1255,17.7,1453.8,6,3,6,1,0,15804,6.4,1266,1255,20,1580.4
1,12,9,6,0,0,20188,7.2,2735,1076,22.6,2018.8,9,12,6,0,0,17453,6.8,-2735,-1076,19.8,1745.3
0,5,4,3,0,0,16021,7.2,-470,1524,21.6,1602.1,4,5,4,0,0,16491,6.8,470,-1524,23.7,1649.1
1,6,4,6,0,0,16112,6.8,922,146,20.7,1611.2,4,6,5,2,0,15190,7,-922,-146,19.9,1519
1,6,5,2,1,0,15967,7,-999,-778,23.7,1596.7,5,6,5,1,0,16966,7.2,999,778,25,1696.6
0,1,6,1,0,0,13126,6.6,-3823,-2613,17.3,1312.6,6,1,3,2,0,16949,7.2,3823,2613,23.4,1694.9
1,6,2,8,2,0,17501,7.2,2122,1958,24.8,1750.1,2,6,2,0,0,15379,6.6,-2122,-1958,22.9,1537.9
1,11,3,8,1,0,18826,7.4,3988,4246,22.5,1882.6,3,11,3,1,0,14838,6.4,-3988,-4246,19.5,1483.8
0,1,6,2,1,0,14165,6.8,-1963,-45,21.8,1416.5,6,1,7,0,0,16128,7,1963,45,20.5,1612.8
0,10,3,6,1,0,18110,6.8,2607,657,19.3,1811,3,10,5,0,0,15503,6.6,-2607,-657,23.6,1550.3
0,5,4,5,1,0,16731,7.4,1675,2022,23.8,1673.1,4,5,2,1,0,15056,6.8,-1675,-2022,21.8,1505.6
0,8,9,8,0,0,16984,7,-1720,-1376,20.6,1698.4,9,8,6,1,0,18704,7.2,1720,1376,22.6,1870.4
1,2,6,2,1,0,14341,6.8,-1929,-680,23.3,1434.1,6,2,8,0,0,16270,7,1929,680,23.3,1627
1,8,5,10,1,0,17667,7.4,2461,1779,23.7,1766.7,5,8,6,0,0,15206,6.8,-2461,-1779,21.7,1520.6
0,1,8,1,0,0,13704,6.6,-5578,-2480,20.2,1370.4,8,1,9,2,0,19282,7,5578,2480,24.7,1928.2
0,6,12,11,1,0,15863,7,-3479,-2205,19.1,1586.3,12,6,6,0,0,19342,7.4,3479,2205,22.2,1934.2
0,2,12,2,0,0,14834,7,-4063,-2598,19.8,1483.4,12,2,12,0,0,18897,7.4,4063,2598,24.3,1889.7
1,12,7,16,0,0,19246,7.2,2861,1432,23.1,1924.6,7,12,5,0,0,16385,6.8,-2861,-1432,21.3,1638.5
1,9,7,12,2,0,17091,6.8,940,503,21.4,1709.1,7,9,6,0,0,16151,6.8,-940,-503,21,1615.1
0,2,8,3,1,0,13803,6.4,-5226,-3701,18.1,1380.3,8,2,9,1,0,19029,7.2,5226,3701,25.9,1902.9
1,4,6,3,2,0,16485,7.2,-264,315,25,1648.5,6,4,9,0,0,16749,7.2,264,-315,23.3,1674.9
0,2,4,0,0,0,14876,7,-1187,-1561,21.8,1487.6,4,2,3,1,0,16063,7.4,1187,1561,22.2,1606.3
1,6,5,6,0,0,17594,7,2264,1006,23.7,1759.4,5,6,5,0,0,15330,6.8,-2264,-1006,19,1533
0,6,11,9,0,0,16230,6.8,-2725,-2117,22.5,1623,11,6,12,1,0,18955,7,2725,2117,22.1,1895.5
1,4,4,3,1,0,15239,7.2,-251,231,22.2,1523.9,4,4,6,1,0,15490,6.8,251,-231,21.3,1549
0,8,12,7,0,0,16247,6.6,-3023,-3630,18.9,1624.7,12,8,9,0,0,19270,7.6,3023,3630,24.4,1927
0,4,5,4,0,0,15223,6.8,-375,180,21.6,1522.3,5,4,7,1,0,15598,7.2,375,-180,22.6,1559.8
0,5,9,2,1,0,16099,7,-1367,-1526,24.4,1609.9,9,5,9,1,0,17466,7.4,1367,1526,19.7,1746.6
1,9,3,8,0,0,17940,7.4,3828,2549,22.4,1794,3,9,3,1,0,14112,6.8,-3828,-2549,20,1411.2
0,2,2,0,0,0,15652,7.6,-194,459,27,1565.2,2,2,2,1,0,15846,7,194,-459,27.6,1584.6
0,9,6,8,1,0,18161,7,1926,2400,21.3,1816.1,6,9,9,0,0,16235,6.8,-1926,-2400,20.2,1623.5
0,2,9,1,0,0,13569,7,-3535,-3197,16.5,1356.9,9,2,11,2,0,17104,7,3535,3197,21.5,1710.4
1,8,7,9,0,0,18048,7.2,1831,994,24.2,1804.8,7,8,11,2,0,16217,6.8,-1831,-994,21.8,1621.7
0,6,7,2,1,0,17046,7.2,-190,-576,19.7,1704.6,7,6,5,1,0,17236,7.2,190,576,22.9,1723.6
1,4,3,6,1,0,16647,7.4,744,878,22.7,1664.7,3,4,2,0,0,15903,7,-744,-878,24.2,1590.3
1,6,5,8,1,0,16283,7,-152,71,22.8,1628.3,5,6,8,0,0,16435,6.8,152,-71,25.3,1643.5
1,6,4,16,0,0,16398,7.4,14,4647,23,1639.8,4,6,9,1,0,14812,6.4,-14,-4647,19.2,1481.2
0,5,2,9,0,0,15429,6.8,1043,-1408,20.2,1542.9,2,5,3,0,0,14386,6.8,-1043,1408,20.3,1438.6
0,8,10,8,0,0,16239,7,-1289,-1384,18.6,1623.9,10,8,8,1,0,17528,7,1289,1384,20.4,1752.8
1,10,4,11,0,0,18228,7.2,3419,4709,25,1822.8,4,10,2,1,0,14809,6.2,-3419,-4709,19.3,1480.9
0,5,5,9,1,0,16983,7,-851,-115,23.8,1698.3,5,5,5,1,0,17834,6.8,851,115,22.8,1783.4
1,8,5,10,0,0,16957,7,1484,469,20.4,1695.7,5,8,3,0,0,15473,6.6,-1484,-469,22.6,1547.3
1,13,4,13,1,0,18962,7.6,3833,2849,20.7,1896.2,4,13,3,1,0,15129,6.8,-3833,-2849,20.3,1512.9
0,9,5,15,1,0,16888,6.8,993,783,20,1688.8,5,9,7,0,0,15895,6.4,-993,-783,20.6,1589.5
0,4,10,5,0,0,14993,6.4,-3416,-2347,20.8,1499.3,10,4,12,1,0,18409,7.2,3416,2347,20.6,1840.9
1,8,9,10,1,0,16076,6.2,143,-603,18.1,1607.6,9,8,6,0,0,15933,6.4,-143,603,17.8,1593.3
1,6,1,4,0,0,17007,7.4,3332,2410,24.2,1700.7,1,6,2,1,0,13675,6.8,-3332,-2410,19.4,1367.5
0,6,8,7,1,0,16000,6.4,-1208,-2526,21.2,1600,8,6,13,0,0,17208,7.2,1208,2526,21,1720.8
0,4,5,4,1,0,16021,6.8,-217,571,20.9,1602.1,5,4,6,1,0,16238,6.8,217,-571,23.6,1623.8
1,8,5,9,0,0,17345,7,1421,-792,18.3,1734.5,5,8,4,1,0,15924,7,-1421,792,20.7,1592.4
0,10,6,13,0,0,17976,7.4,1642,1965,17.6,1797.6,6,10,5,1,0,16334,6.4,-1642,-1965,19.5,1633.4
0,6,10,9,0,0,16853,7,-1590,-1867,22.5,1685.3,10,6,9,1,0,18443,7.2,1590,1867,24.2,1844.3
0,7,3,6,1,0,16300,7,286,-12,22.6,1630,3,7,2,1,0,16014,6.8,-286,12,23.9,1601.4
1,4,1,3,1,0,16417,7,1930,793,24.8,1641.7,1,4,1,0,0,14487,6.8,-1930,-793,25.7,1448.7
0,7,5,5,1,0,17466,6.8,2887,2085,23.9,1746.6,5,7,7,0,0,14579,6.2,-2887,-2085,17.4,1457.9
1,14,9,13,1,0,19830,7.2,2594,2485,21.7,1983,9,14,9,0,0,17236,6.6,-2594,-2485,18.5,1723.6
0,6,4,9,0,0,16726,7,897,366,23.4,1672.6,4,6,2,1,0,15829,7,-897,-366,21.4,1582.9
0,9,6,9,0,0,17162,7,778,548,19.3,1716.2,6,9,14,1,0,16384,7,-778,-548,20,1638.4
1,13,5,12,1,0,19535,7.4,4778,4324,23.1,1953.5,5,13,5,0,0,14757,6.2,-4778,-4324,17.3,1475.7
1,4,2,4,0,0,15514,7.2,-81,882,23.5,1551.4,2,4,1,0,0,15595,7,81,-882,26.1,1559.5
1,4,1,4,0,0,16008,7.2,344,1298,24.7,1600.8,1,4,2,0,0,15664,7,-344,-1298,26.4,1566.4
1,7,3,9,0,0,16981,7.2,2483,2299,23.2,1698.1,3,7,3,1,0,14498,6.6,-2483,-2299,19,1449.8
0,4,8,4,0,0,14722,6.6,-2208,-2862,19,1472.2,8,4,4,2,0,16930,7.6,2208,2862,21,1693
1,5,7,3,0,0,15715,7,-1425,-1296,23.7,1571.5,7,5,9,0,0,17140,7.4,1425,1296,22.8,1714
0,3,5,2,0,0,16102,7.2,-281,110,25.7,1610.2,5,3,4,1,0,16383,7,281,-110,25.1,1638.3
0,5,7,1,0,0,14991,7,-2000,-1473,18,1499.1,7,5,6,1,0,16991,7.2,2000,1473,20.8,1699.1
1,11,7,14,0,0,19379,7,3021,347,21.5,1937.9,7,11,8,0,0,16358,6.8,-3021,-347,18.6,1635.8
1,8,3,8,0,0,17101,7,2294,1989,21.4,1710.1,3,8,6,2,0,14807,6.4,-2294,-1989,18.2,1480.7
1,4,2,4,0,0,17186,7,2478,1105,26.3,1718.6,2,4,3,2,0,14708,7,-2478,-1105,20.9,1470.8
1,3,4,1,1,0,15115,7.2,-90,982,21.9,1511.5,4,3,1,1,0,15205,7.2,90,-982,21.3,1520.5
1,4,5,6,2,0,16127,6.8,1210,1410,23.5,1612.7,5,4,3,0,0,14917,6.4,-1210,-1410,19.1,1491.7
1,6,10,9,0,0,15445,6.4,-3473,-1314,18.8,1544.5,10,6,11,0,0,18918,6.8,3473,1314,21.7,1891.8
0,8,7,8,0,0,16585,7,-627,-998,20.7,1658.5,7,8,4,0,0,17212,7.2,627,998,22.2,1721.2
0,4,4,7,1,0,15788,6.8,671,881,24.3,1578.8,4,4,5,0,0,15117,7,-671,-881,22.8,1511.7
1,7,7,5,1,0,17400,7.4,567,-8,23.9,1740,7,7,10,0,0,16833,7.2,-567,8,23.7,1683.3
0,2,9,3,1,0,14157,6.4,-3421,-2978,19.8,1415.7,9,2,10,1,0,17578,7.2,3421,2978,23.8,1757.8
0,2,3,5,1,0,14992,6.8,-415,1224,22.6,1499.2,3,2,5,1,0,15407,6.6,415,-1224,22.2,1540.7
0,7,5,6,1,0,17182,7.2,946,357,24.3,1718.2,5,7,5,1,0,16236,7,-946,-357,22.8,1623.6
1,7,5,7,1,0,16426,6.8,846,-1893,18.7,1642.6,5,7,0,1,0,15580,7.4,-846,1893,23.1,1558
1,7,10,11,0,0,16135,6.8,-2299,-3211,18.4,1613.5,10,7,11,2,0,18434,7.2,2299,3211,23.5,1843.4
1,5,3,4,0,0,15833,7,1284,25,19.6,1583.3,3,5,0,2,0,14549,6.8,-1284,-25,20.2,1454.9
1,9,4,10,2,0,18062,7.4,2449,1146,22.3,1806.2,4,9,2,0,0,15613,7.2,-2449,-1146,23.3,1561.3
0,2,4,3,1,0,14318,7,-2928,-110,20.7,1431.8,4,2,10,0,0,17246,7,2928,110,24,1724.6
1,4,7,4,1,0,14969,6.8,-1404,-509,19.5,1496.9,7,4,6,0,0,16373,6.8,1404,509,20.6,1637.3
1,7,1,8,0,0,17177,7,3368,2352,22.3,1717.7,1,7,1,1,0,13809,6.6,-3368,-2352,20.5,1380.9
0,8,9,7,0,0,16617,7,-985,-1441,18.4,1661.7,9,8,7,1,0,17602,7.2,985,1441,22.2,1760.2
0,8,9,7,0,0,16908,7.2,383,1668,20.8,1690.8,9,8,14,1,0,16525,6.6,-383,-1668,18.2,1652.5
1,9,5,6,2,0,18419,7.6,1773,1953,24.6,1841.9,5,9,7,0,0,16646,6.8,-1773,-1953,24.4,1664.6
0,7,9,9,0,0,15570,6.8,-2365,-1443,19.8,1557,9,7,14,0,0,17935,6.8,2365,1443,20.4,1793.5
0,3,10,3,0,0,15016,6.8,-2188,-1753,21.6,1501.6,10,3,11,1,0,17204,7,2188,1753,21.7,1720.4
1,2,4,2,1,0,14402,7,-1506,-500,19.3,1440.2,4,2,6,0,0,15908,6.8,1506,500,22.7,1590.8
0,6,6,6,1,0,14999,6.4,-6027,-3955,19.2,1499.9,6,6,6,0,0,16378,7.4,6027,3955,22.8,1637.8
0,4,7,4,1,0,15149,6.8,-1887,-567,21.7,1514.9,7,4,9,0,0,17036,6.8,1887,567,24.1,1703.6
1,5,6,7,1,0,15761,6.6,-839,-800,18.7,1576.1,6,5,9,1,0,16600,7.2,839,800,20.6,1660
0,2,9,2,0,0,14714,6.8,-2484,-1989,21.7,1471.4,9,2,7,0,0,17198,7.4,2484,1989,23.2,1719.8
1,5,3,8,0,0,15154,6.4,1087,-1278,20.6,1515.4,3,5,1,0,0,14067,6.8,-1087,1278,19.2,1406.7
1,13,2,10,0,0,16398,7.2,14,-28,22.8,1639.8,2,13,0,0,0,12651,7,-14,28,18.1,1265.1
1,9,7,7,0,0,17607,7.2,716,601,21.2,1760.7,7,9,6,1,0,16891,7.2,-716,-601,20.4,1689.1
0,6,7,2,0,0,15141,6.8,-770,196,19.6,1514.1,7,6,10,1,0,15911,6.8,770,-196,17.8,1591.1
1,6,7,12,1,0,16398,7.4,5154,3837,22.9,1639.8,7,6,6,0,0,16131,6.8,-5154,-3837,17.4,1613.1
1,9,5,7,0,0,16984,6.8,1580,605,21.4,1698.4,5,9,8,0,0,15404,6.8,-1580,-605,19.4,1540.4
0,3,6,2,0,0,13489,7,-2345,-2959,19.2,1348.9,6,3,5,1,0,15834,6.8,2345,2959,19.8,1583.4
1,2,2,3,2,0,14653,7,758,502,22.4,1465.3,2,2,0,0,0,13895,6.8,-758,-502,22.1,1389.5
0,4,12,3,0,0,15335,6.4,-3983,-3676,18.7,1533.5,12,4,9,0,0,19318,7.4,3983,3676,24.2,1931.8
1,5,8,3,0,0,15853,7,-1448,-908,19.2,1585.3,8,5,11,2,0,17301,7,1448,908,19.7,1730.1
0,6,10,5,0,0,15476,6.8,-2199,-2258,19.8,1547.6,10,6,10,1,0,17675,7.2,2199,2258,21.8,1767.5
1,4,3,3,2,0,15211,7,464,1520,20,1521.1,3,4,2,0,0,14747,6.8,-464,-1520,24.2,1474.7
0,5,7,8,0,0,15796,6.6,-1044,-487,18.4,1579.6,7,5,11,1,0,16840,7,1044,487,22.6,1684
0,3,4,3,1,0,15420,7.2,-136,-807,23.7,1542,4,3,2,1,0,15556,7.2,136,807,23.7,1555.6
1,13,3,14,1,0,16398,7.6,14,3453,22.5,1639.8,3,13,2,1,0,14574,6.6,-14,-3453,18.2,1457.4
0,9,10,9,1,0,17633,7,-811,-410,21.8,1763.3,10,9,11,0,0,18444,7,811,410,23,1844.4
1,4,2,5,1,0,16647,7.4,2179,2663,24,1664.7,2,4,1,0,0,14468,6.8,-2179,-2663,22.6,1446.8
1,2,8,1,0,0,14141,6.6,-2749,-800,21.1,1414.1,8,2,14,0,0,16890,6.8,2749,800,20.6,1689
1,4,3,3,1,0,16374,7,825,1066,26.3,1637.4,3,4,6,0,0,15549,6.6,-825,-1066,25.3,1554.9
0,10,4,6,0,0,17125,7,1294,453,21,1712.5,4,10,3,1,0,15831,7,-1294,-453,22.3,1583.1
0,4,5,6,0,0,15531,7,-1814,-2306,21.8,1553.1,5,4,5,1,0,17345,7.4,1814,2306,25.6,1734.5
1,6,4,14,1,0,18529,7,3048,472,25.2,1852.9,4,6,6,0,0,15481,7,-3048,-472,20.3,1548.1
0,4,14,2,0,0,14450,6.4,-4637,-3355,18.6,1445,14,4,6,0,0,19087,7.2,4637,3355,21,1908.7
0,11,6,11,2,0,18185,7.4,2363,2162,20.4,1818.5,6,11,7,0,0,15822,7,-2363,-2162,20.4,1582.2
0,3,5,2,0,0,15423,7,-89,-41,24.4,1542.3,5,3,3,1,0,15512,7,89,41,22.8,1551.2
0,1,3,2,2,0,14675,7,-1749,-1502,23.1,1467.5,3,1,2,0,0,16424,7.4,1749,1502,26.4,1642.4
1,12,3,11,1,0,18722,7.2,4246,3880,21.2,1872.2,3,12,6,0,0,14476,7,-4246,-3880,17.6,1447.6
0,2,2,1,1,0,14421,7,-837,-451,23.4,1442.1,2,2,1,1,0,15258,7,837,451,22.9,1525.8
1,9,8,6,0,0,17532,7.2,1068,1295,23.3,1753.2,8,9,10,0,0,16464,6.8,-1068,-1295,20,1646.4
1,10,4,14,1,0,19271,7.2,4290,1900,24.5,1927.1,4,10,7,0,0,14981,6.8,-4290,-1900,19.3,1498.1
0,12,12,16,1,0,18655,6.8,-942,244,17.3,1865.5,12,12,15,0,0,19597,6.8,942,-244,22.6,1959.7
0,2,11,2,1,0,14164,6.8,-5120,-2590,20.2,1416.4,11,2,6,0,0,19284,7.2,5120,2590,23.2,1928.4
0,4,14,2,1,0,14476,6.4,-3638,-1582,18,1447.6,14,4,13,0,0,18114,7,3638,1582,18.9,1811.4
1,8,7,12,1,0,18339,7.4,694,1305,23.2,1833.9,7,8,10,1,0,17645,7.4,-694,-1305,24.5,1764.5
1,5,6,9,2,0,17450,6.6,555,-1022,22.6,1745,6,5,12,0,0,16895,7,-555,1022,23.2,1689.5
0,7,5,6,0,0,16381,7,134,-1142,22.1,1638.1,5,7,3,2,0,16247,7.2,-134,1142,23.1,1624.7
1,5,7,1,0,0,15446,6.6,-1257,-1406,18.3,1544.6,7,5,5,1,0,16703,6.8,1257,1406,18.6,1670.3
1,3,7,1,1,0,14970,6.6,-1187,-1058,20.8,1497,7,3,6,0,0,16157,6.8,1187,1058,20.8,1615.7
0,2,7,3,0,0,14711,6.6,-2625,-3375,22.1,1471.1,7,2,5,1,0,17336,7.6,2625,3375,24.4,1733.6
1,8,7,8,0,0,17219,7.2,-55,-298,21.2,1721.9,7,8,7,1,0,17274,7,55,298,25.1,1727.4
1,7,5,9,1,0,18010,7.2,2585,2288,23.9,1801,5,7,5,1,0,15425,6.6,-2585,-2288,22.6,1542.5
1,13,6,15,1,0,19708,7.2,5186,2739,20.1,1970.8,6,13,4,0,0,14522,6.4,-5186,-2739,17,1452.2
1,6,2,6,1,0,16825,7,2492,1176,24.7,1682.5,2,6,2,0,0,14333,7,-2492,-1176,20.5,1433.3
1,1,0,1,1,0,14755,6.8,1371,2146,22.3,1475.5,0,1,0,0,0,13384,6.2,-1371,-2146,23,1338.4
1,8,7,11,0,0,17592,7,1635,1705,22.4,1759.2,7,8,7,0,0,15957,6.4,-1635,-1705,19.5,1595.7
0,5,10,5,0,0,15351,6.6,-2885,-3602,17.9,1535.1,10,5,8,2,0,18236,7.2,2885,3602,22.2,1823.6
0,7,5,7,1,0,17787,7.2,2360,1439,23.2,1778.7,5,7,6,0,0,15427,6.6,-2360,-1439,16.1,1542.7
1,2,1,2,0,0,15031,6.8,421,-160,24.6,1503.1,1,2,1,1,0,14610,6.8,-421,160,23.9,1461
1,4,7,4,0,0,15407,6.6,-1207,-2081,22.3,1540.7,7,4,4,0,0,16614,7.4,1207,2081,22.6,1661.4
0,4,5,4,0,0,14569,6.6,-1195,-56,19.4,1456.9,5,4,6,1,0,15764,6.6,1195,56,19.4,1576.4
1,7,9,7,1,0,16452,6.8,-2343,-2076,19.1,1645.2,9,7,5,1,0,18795,7.2,2343,2076,26.1,1879.5
1,3,4,3,1,0,17437,7.2,3156,3919,25.5,1743.7,4,3,6,0,0,14281,7,-3156,-3919,19.6,1428.1
1,5,8,4,0,0,14665,6.6,-2277,-1804,18.8,1466.5,8,5,6,0,0,16942,6.6,2277,1804,22.5,1694.2
1,6,4,8,1,0,18395,7,3354,2318,23.6,1839.5,4,6,6,0,0,15041,6.8,-3354,-2318,18.5,1504.1
1,7,1,5,0,0,16961,7.2,4060,3257,24.5,1696.1,1,7,1,0,0,12901,6.4,-4060,-3257,17.6,1290.1
0,3,7,2,0,0,14011,6.4,-4043,-4142,19.7,1401.1,7,3,6,1,0,18054,7.2,4043,4142,20.7,1805.4
1,5,5,8,0,0,16871,7.2,659,-111,22.7,1687.1,5,5,5,1,0,16212,7,-659,111,23.8,1621.2
0,7,12,5,0,0,16125,6.8,-3290,-2697,19.6,1612.5,12,7,14,0,0,19415,7.2,3290,2697,23.1,1941.5
0,2,10,2,0,0,13773,6.6,-3660,-3282,19.2,1377.3,10,2,8,1,0,17433,7.6,3660,3282,23.9,1743.3
1,9,12,15,0,0,18458,7,-913,-192,24.3,1845.8,12,9,6,0,0,19371,7.2,913,192,23.1,1937.1
0,5,6,4,0,0,16258,7,585,570,25.5,1625.8,6,5,9,0,0,15673,6.8,-585,-570,18,1567.3
1,9,5,8,1,0,16997,7.8,1176,3600,22.2,1699.7,5,9,9,1,0,15821,6.8,-1176,-3600,19.6,1582.1
0,3,9,3,1,0,15356,7.2,-3505,-778,18.6,1535.6,9,3,10,1,0,18861,7.2,3505,778,24.7,1886.1
1,9,2,9,1,0,18870,7,4909,2760,25.2,1887,2,9,1,1,0,13961,6.6,-4909,-2760,20.2,1396.1
0,5,7,6,0,0,15639,6.6,-1003,-1777,19.6,1563.9,7,5,7,1,0,16642,6.8,1003,1777,20.4,1664.2
0,6,12,14,1,0,19632,7.6,84,992,22.8,1963.2,12,6,9,0,0,19548,7.2,-84,-992,23.7,1954.8
0,6,7,12,1,0,16942,7.2,330,-308,24.7,1694.2,7,6,6,1,0,16612,7,-330,308,19.2,1661.2
0,8,7,14,0,0,17077,6.6,974,-1050,17.1,1707.7,7,8,4,1,0,16103,6.8,-974,1050,20,1610.3
0,14,7,16,1,0,20269,7.4,3331,1795,24.2,2026.9,7,14,7,0,0,16938,7,-3331,-1795,19.2,1693.8
1,9,2,13,1,0,19079,7.4,4371,2705,24.9,1907.9,2,9,2,0,0,14708,6.8,-4371,-2705,23.7,1470.8
1,6,10,6,1,0,15815,6.6,-1754,-211,19.6,1581.5,10,6,10,0,0,17569,6.6,1754,211,20.1,1756.9
0,3,6,3,1,0,16970,6.8,381,108,25.2,1697,6,3,9,1,0,16589,7,-381,-108,19.9,1658.9
1,9,7,10,0,0,18064,7.2,2321,1274,25.2,1806.4,7,9,5,1,0,15743,6.8,-2321,-1274,19.8,1574.3
1,5,2,5,0,0,17169,7,1574,1353,23.9,1716.9,2,5,3,2,0,15595,6.4,-1574,-1353,25.2,1559.5
0,7,4,8,1,0,16413,6.8,188,-1124,20.9,1641.3,4,7,6,0,0,16225,6.8,-188,1124,24.8,1622.5
1,6,3,7,1,0,15464,6.8,679,-691,21.9,1546.4,3,6,2,1,0,14785,6.8,-679,691,22,1478.5
0,5,5,10,1,0,15600,6.6,-475,-1451,20.7,1560,5,5,4,0,0,16075,6.8,475,1451,23.3,1607.5
0,1,9,1,0,0,13802,6.2,-3276,-2790,21.6,1380.2,9,1,9,1,0,17078,7,3276,2790,21.7,1707.8
0,3,7,4,0,0,15033,6.6,-1520,-613,22.6,1503.3,7,3,14,0,0,16553,6.6,1520,613,20.1,1655.3
1,5,6,4,1,0,16803,7,1349,924,25.1,1680.3,6,5,6,0,0,15454,6.8,-1349,-924,18.2,1545.4
0,4,2,7,1,0,15444,7,-352,176,21.5,1544.4,2,4,3,0,0,15796,6.8,352,-176,25.7,1579.6
1,7,11,11,0,0,17659,7,-987,89,24.4,1765.9,11,7,6,2,0,18646,7.2,987,-89,20.6,1864.6
1,10,9,6,0,0,18720,7.2,520,897,23.2,1872,9,10,9,2,0,18200,7,-520,-897,20.2,1820
0,6,5,5,1,0,17639,7,1181,-683,24.7,1763.9,5,6,6,1,0,16458,7.2,-1181,683,24,1645.8
1,8,4,12,0,0,17307,7,2516,1053,24.9,1730.7,4,8,3,1,0,14791,6.6,-2516,-1053,20.3,1479.1
1,4,3,6,1,0,15712,6.8,66,-361,24.1,1571.2,3,4,4,0,0,15646,6.8,-66,361,24.5,1564.6
1,7,2,6,1,0,17616,7,2590,1018,24.3,1761.6,2,7,4,1,0,15026,6.6,-2590,-1018,24.8,1502.6
0,7,3,5,0,0,17235,7.4,2648,2595,25.7,1723.5,3,7,3,0,0,14587,6.8,-2648,-2595,19.1,1458.7
1,12,10,10,2,0,20065,7.2,2763,3068,20.4,2006.5,10,12,11,0,0,17302,6.4,-2763,-3068,16.8,1730.2
0,2,3,2,2,0,15537,6.8,1024,415,24.4,1553.7,3,2,2,0,0,14513,6.8,-1024,-415,22.4,1451.3
0,10,8,9,0,0,18359,6.8,1462,249,19,1835.9,8,10,12,0,0,16897,6.6,-1462,-249,16,1689.7
1,4,5,3,0,0,15884,6.8,739,1639,25.1,1588.4,5,4,6,1,0,15145,6.4,-739,-1639,17.5,1514.5
0,3,9,3,0,0,14512,6.6,-3476,-4019,22.6,1451.2,9,3,6,2,0,17988,7.4,3476,4019,24.9,1798.8
0,5,9,7,0,0,15440,6.8,-2494,-2755,17.5,1544,9,5,10,0,0,17934,7.2,2494,2755,23.7,1793.4
1,7,4,6,1,0,16296,7,1576,1573,22.2,1629.6,4,7,2,0,0,14720,6.6,-1576,-1573,19.2,1472
0,1,6,1,0,0,14979,7,-2607,59,23.2,1497.9,6,1,5,2,0,17586,6.8,2607,-59,23.8,1758.6
1,6,5,5,1,0,16364,6.8,978,315,22.6,1636.4,5,6,5,0,0,15386,7,-978,-315,19.4,1538.6
0,4,13,1,0,0,14003,6.6,-5945,-2122,19.5,1400.3,13,4,15,0,0,19948,7,5945,2122,23.2,1994.8
0,6,8,5,0,0,16459,7,-2021,-1891,20.1,1645.9,8,6,7,0,0,18480,7.4,2021,1891,23.5,1848
0,3,7,4,0,0,15361,7,-1226,-2432,23.5,1536.1,7,3,5,0,0,16587,7.4,1226,2432,22.1,1658.7
0,7,5,6,1,0,18345,7.4,3272,3059,24.7,1834.5,5,7,8,1,0,15073,6.8,-3272,-3059,18.3,1507.3
0,10,5,8,1,0,18497,7.2,3609,3620,22.3,1849.7,5,10,5,0,0,14888,6.4,-3609,-3620,17.4,1488.8
0,3,4,3,0,0,14642,6.6,-744,-1255,22.9,1464.2,4,3,4,2,0,15386,6.8,744,1255,21.2,1538.6
0,3,8,1,0,0,15539,6.8,-2925,-2112,21.4,1553.9,8,3,9,2,0,18464,7.2,2925,2112,24.2,1846.4
0,13,7,6,0,0,18781,6.8,2348,1462,20.4,1878.1,7,13,12,0,0,16433,6.6,-2348,-1462,19.1,1643.3
0,7,11,6,0,0,16509,6.8,-1997,-2590,21,1650.9,11,7,10,0,0,18506,7.4,1997,2590,22.8,1850.6
1,3,3,3,1,0,14820,6.8,-292,-127,21.5,1482,3,3,3,1,0,15112,6.6,292,127,22.2,1511.2
0,4,4,5,0,0,15465,6.8,-398,-763,21.7,1546.5,4,4,1,1,0,15863,6.8,398,763,24.9,1586.3
0,3,8,1,0,0,15241,7,-1514,-1033,25.2,1524.1,8,3,8,2,0,16755,7.4,1514,1033,22.4,1675.5
0,4,7,8,0,0,15842,6.8,-1214,-840,21.1,1584.2,7,4,11,2,0,17056,6.8,1214,840,19.8,1705.6
0,4,7,4,1,0,16388,7,-420,-1518,22,1638.8,7,4,10,0,0,16808,7.2,420,1518,23.9,1680.8
1,4,2,6,2,0,15837,7,425,422,22.6,1583.7,2,4,1,0,0,15412,7,-425,-422,25.5,1541.2
1,11,3,12,1,0,18929,7.4,4175,3930,22,1892.9,3,11,3,1,0,14754,6.6,-4175,-3930,20.1,1475.4
1,7,2,10,1,0,17336,7,2866,1474,23.1,1733.6,2,7,0,0,0,14470,6.8,-2866,-1474,19.8,1447
0,4,13,3,0,0,15802,6.8,-3645,-1801,21.8,1580.2,13,4,14,1,0,19447,7.2,3645,1801,21.4,1944.7
0,6,5,9,1,0,16995,7,930,567,23,1699.5,5,6,3,0,0,16065,7,-930,-567,22.1,1606.5
1,2,1,1,0,0,16528,7.4,2617,3735,26.2,1652.8,1,2,1,1,0,13911,6.6,-2617,-3735,23.1,1391.1
0,7,5,8,1,0,17182,7.2,1276,1161,23.3,1718.2,5,7,8,0,0,15906,6.8,-1276,-1161,21.3,1590.6
0,4,7,4,0,0,16017,6.6,-1031,-570,20.2,1601.7,7,4,7,0,0,17048,7,1031,570,22.6,1704.8
1,6,7,4,0,0,16286,6.8,-396,795,23,1628.6,7,6,3,1,0,16682,6.6,396,-795,22.9,1668.2
0,9,8,7,1,0,19084,6.8,2445,-81,22.5,1908.4,8,9,5,1,0,16639,6.8,-2445,81,18.9,1663.9
0,4,12,5,0,0,14899,6.8,-5515,-3391,19,1489.9,12,4,6,0,0,16378,7.4,5515,3391,23.9,1637.8
0,9,6,8,0,0,17290,7,-3502,-2187,22.3,1729,6,9,6,1,0,16378,7.4,3502,2187,22.8,1637.8
0,4,6,8,0,0,17569,6.8,1613,80,26.5,1756.9,6,4,4,2,0,15956,6.8,-1613,-80,21.4,1595.6
1,9,2,9,1,0,17964,7.4,3311,3991,21.3,1796.4,2,9,2,0,0,14653,6.4,-3311,-3991,19.8,1465.3
1,5,5,6,0,0,15400,7,-1255,-121,19.7,1540,5,5,8,1,0,16655,7.2,1255,121,25,1665.5
0,8,8,6,1,0,17761,7.2,642,-3,22,1776.1,8,8,6,0,0,17119,7.2,-642,3,21.8,1711.9
1,8,10,5,1,0,16480,7,-1428,-1532,18.3,1648,10,8,10,0,0,17908,7.4,1428,1532,19.2,1790.8
0,8,3,6,0,0,16975,7.4,1735,2029,23.8,1697.5,3,8,2,0,0,15240,6.6,-1735,-2029,22.8,1524
1,5,4,7,1,0,16459,7.2,785,1188,22.2,1645.9,4,5,1,0,0,15674,6.6,-785,-1188,22.9,1567.4
1,7,7,7,1,0,16636,6.8,-1117,-509,20.7,1663.6,7,7,4,0,0,17753,7,1117,509,23,1775.3
0,5,8,5,0,0,16550,6.8,-748,-1865,20.4,1655,8,5,9,1,0,17298,7.2,748,1865,22.7,1729.8
1,8,5,10,1,0,16400,6.8,-125,537,18.1,1640,5,8,2,0,0,16525,7,125,-537,24.7,1652.5
0,2,9,1,1,0,14478,6.6,-3613,-1592,23.7,1447.8,9,2,9,0,0,18091,7,3613,1592,23.2,1809.1
1,12,4,12,1,0,19058,7.2,3723,2815,21.4,1905.8,4,12,7,1,0,15335,6.6,-3723,-2815,20,1533.5
1,9,3,12,1,0,20316,7.4,5073,1803,23,2031.6,3,9,3,1,0,15243,6.4,-5073,-1803,22.4,1524.3
1,5,6,3,0,0,17083,7.2,1031,98,24.8,1708.3,6,5,6,2,0,16052,7.2,-1031,-98,22,1605.2
1,8,4,8,1,0,17613,6.8,2470,1917,22.5,1761.3,4,8,3,0,0,15143,6.4,-2470,-1917,19.9,1514.3
1,9,3,9,1,0,17731,7,2748,842,25.2,1773.1,3,9,3,0,0,14983,7,-2748,-842,21.4,1498.3
1,4,8,4,2,0,14312,6.6,-2861,-2348,21.8,1431.2,8,4,12,0,0,17173,7.2,2861,2348,21.7,1717.3
1,8,3,10,2,0,16903,7.4,2524,2733,20.7,1690.3,3,8,1,0,0,14379,6.8,-2524,-2733,19.9,1437.9
1,7,4,8,1,0,17137,7,2191,2220,24,1713.7,4,7,7,0,0,14946,6.4,-2191,-2220,20.3,1494.6
1,9,3,8,0,0,18870,7,5014,3238,23.2,1887,3,9,5,0,0,13856,6.2,-5014,-3238,17.3,1385.6
1,3,4,3,1,0,15279,7,-1023,92,24,1527.9,4,3,4,1,0,16302,7,1023,-92,24.3,1630.2
1,10,7,12,1,0,19262,7,1497,1555,22.3,1926.2,7,10,7,1,0,17765,6.6,-1497,-1555,21.1,1776.5
0,5,9,8,0,0,15651,6.6,-1554,-781,21.1,1565.1,9,5,10,0,0,17205,6.8,1554,781,20.3,1720.5
1,10,6,7,0,0,17682,7.6,2310,4456,20.1,1768.2,6,10,10,1,0,15372,6.4,-2310,-4456,21,1537.2
0,4,6,4,1,0,16209,7.2,-907,-1159,23.5,1620.9,6,4,7,0,0,17116,7.2,907,1159,24.2,1711.6
0,10,7,12,0,0,18996,7.2,3227,1158,23.1,1899.6,7,10,5,1,0,15769,6.6,-3227,-1158,17.5,1576.9
1,6,8,12,1,0,16398,7.2,4083,3740,19.6,1639.8,8,6,8,0,0,16772,6.6,-4083,-3740,17.1,1677.2
0,5,7,6,0,0,15485,6.8,-1397,-730,20.8,1548.5,7,5,5,1,0,16882,7.2,1397,730,22.5,1688.2
0,5,5,6,1,0,16043,7,-564,-422,22.7,1604.3,5,5,9,1,0,16607,7,564,422,23.6,1660.7
0,5,11,10,0,0,16476,7,-1221,-214,21.5,1647.6,11,5,6,1,0,17697,6.6,1221,214,18.6,1769.7
0,4,7,3,0,0,15473,6.8,-1093,-449,21.5,1547.3,7,4,7,1,0,16566,7,1093,449,23.6,1656.6
0,5,7,6,2,0,15157,6.8,-1301,-502,21.8,1515.7,7,5,8,0,0,16458,7,1301,502,20.9,1645.8
0,6,10,3,0,0,14812,6.8,-2393,-881,18.3,1481.2,10,6,8,0,0,17205,7,2393,881,21.4,1720.5
0,6,5,4,0,0,15959,6.8,66,-115,23.6,1595.9,5,6,5,1,0,15893,6.6,-66,115,18.7,1589.3
1,7,1,7,1,0,16850,7.2,1994,1541,22.8,1685,1,7,2,1,0,14856,7,-1994,-1541,22.4,1485.6
1,3,3,4,0,0,14940,6.6,-1131,-1921,23.8,1494,3,3,2,0,0,16071,7,1131,1921,24.7,1607.1
0,8,5,8,1,0,17550,7.2,1055,1659,21.8,1755,5,8,7,1,0,16495,7.2,-1055,-1659,24.8,1649.5
0,7,5,9,0,0,16542,6.8,798,-1263,21.4,1654.2,5,7,4,1,0,15744,7.2,-798,1263,19.5,1574.4
1,7,5,11,1,0,17297,6.8,1134,157,19.6,1729.7,5,7,4,1,0,16163,6.6,-1134,-157,23.8,1616.3
0,9,7,10,1,0,19581,6.8,2883,1059,23.2,1958.1,7,9,8,1,0,16698,7.2,-2883,-1059,20.1,1669.8
0,2,9,0,1,0,14712,6.6,-3226,-2335,23,1471.2,9,2,9,1,0,17938,7.2,3226,2335,23.7,1793.8
1,9,5,7,2,0,16587,7,814,2199,21.2,1658.7,5,9,7,0,0,15773,6.4,-814,-2199,17.6,1577.3
1,8,11,9,1,0,17429,7,-1209,-747,19.8,1742.9,11,8,10,0,0,18638,7.4,1209,747,21.2,1863.8
1,4,4,5,1,0,15547,7.2,256,241,20.8,1554.7,4,4,2,1,0,15291,6.8,-256,-241,22.2,1529.1
0,4,12,4,0,0,14957,6.8,-3881,-447,17.3,1495.7,12,4,12,0,0,18838,7,3881,447,22.3,1883.8
1,6,1,9,1,0,17450,7.2,3610,2295,23.3,1745,1,6,1,0,0,13840,6.4,-3610,-2295,22.6,1384
1,7,2,8,1,0,17199,7.4,3013,2244,23.5,1719.9,2,7,0,0,0,14186,6.6,-3013,-2244,20.5,1418.6
1,6,2,6,1,0,16610,7,1353,1332,23.1,1661,2,6,2,0,0,15257,6.8,-1353,-1332,23.6,1525.7
0,5,8,3,1,0,14795,6.6,-2914,-2683,17.8,1479.5,8,5,11,1,0,17709,7.2,2914,2683,22.9,1770.9
0,10,7,6,0,0,18269,7.2,1974,861,22.8,1826.9,7,10,8,2,0,16295,7,-1974,-861,19.9,1629.5
0,2,7,3,1,0,13889,6.8,-3012,-1300,20.5,1388.9,7,2,10,1,0,16901,7.2,3012,1300,19.5,1690.1
1,5,4,7,1,0,15950,7.2,-30,-200,22,1595,4,5,3,1,0,15980,7,30,200,23.8,1598
1,6,7,5,2,0,15235,6.6,-1747,-1827,18.9,1523.5,7,6,9,0,0,16982,6.8,1747,1827,22.3,1698.2
1,7,8,5,1,0,16697,7.4,-333,1358,20.5,1669.7,8,7,8,1,0,17030,6.8,333,-1358,22.2,1703
0,7,5,11,0,0,17450,7,1294,213,23.6,1745,5,7,4,0,0,16156,7.2,-1294,-213,21.3,1615.6
0,6,9,3,0,0,15896,6.8,-1773,-422,17.1,1589.6,9,6,10,1,0,17669,6.8,1773,422,22.1,1766.9
0,4,5,5,0,0,15943,7.2,-325,772,23.9,1594.3,5,4,5,1,0,16268,6.8,325,-772,22.6,1626.8
0,7,10,8,1,0,18063,6.6,-163,-674,22.8,1806.3,10,7,6,1,0,18226,6.8,163,674,20.1,1822.6
1,5,12,6,0,0,16177,6.8,-2281,-1283,21.4,1617.7,12,5,12,1,0,18458,7.2,2281,1283,22.9,1845.8
0,2,6,2,1,0,14896,6.8,-1243,-635,20.5,1489.6,6,2,7,1,0,16139,6.6,1243,635,19.5,1613.9
0,8,4,4,1,0,16959,7,1522,1737,21.5,1695.9,4,8,4,1,0,15437,6.8,-1522,-1737,21.8,1543.7
1,6,3,10,1,0,16363,6.8,2448,1861,20.9,1636.3,3,6,4,0,0,13915,6.4,-2448,-1861,18.4,1391.5
0,10,14,6,0,0,16665,6.8,-3701,-2739,18.9,1666.5,14,10,11,1,0,20366,7.4,3701,2739,22,2036.6
1,2,4,1,1,0,15377,7,-166,-712,22.9,1537.7,4,2,2,0,0,15543,7,166,712,21.4,1554.3
0,3,6,2,0,0,13977,6.6,-2707,-3132,18.5,1397.7,6,3,5,2,0,16684,7.4,2707,3132,22.6,1668.4
1,1,3,0,0,0,13918,7,-1932,-41,20,1391.8,3,1,7,1,0,15850,6.8,1932,41,22.5,1585
1,9,9,14,1,0,17630,7,13,2012,23,1763,9,9,10,0,0,17617,6.4,-13,-2012,16.5,1761.7
1,4,7,4,0,0,15777,6.8,-621,-784,22.9,1577.7,7,4,14,1,0,16398,7,621,784,20.4,1639.8
0,5,7,6,0,0,16043,6.8,-689,-1668,23.7,1604.3,7,5,5,1,0,16732,7,689,1668,23.1,1673.2
1,11,6,8,0,0,19022,7,3028,2524,21.7,1902.2,6,11,8,0,0,15994,6.4,-3028,-2524,19,1599.4
0,3,7,4,1,0,13957,6.4,-2788,-1304,18.7,1395.7,7,3,10,0,0,16745,6.8,2788,1304,21,1674.5
0,2,9,3,1,0,14547,6.6,-5367,-3464,21.2,1454.7,9,2,9,1,0,19914,7.2,5367,3464,23.8,1991.4
1,5,6,10,1,0,15649,6.6,-1209,-1184,24,1564.9,6,5,9,0,0,16858,7,1209,1184,23.8,1685.8
1,9,5,11,1,0,17654,7,1405,2118,24.9,1765.4,5,9,6,1,0,16249,6.8,-1405,-2118,20.4,1624.9
1,11,9,12,1,0,19858,7.4,3335,2786,21.6,1985.8,9,11,12,1,0,16523,6.4,-3335,-2786,16.8,1652.3
0,1,6,0,0,0,13517,6.2,-3700,-2130,22.2,1351.7,6,1,10,1,0,17217,7.2,3700,2130,24.7,1721.7
1,7,3,12,2,0,17791,7.2,2763,1017,25,1779.1,3,7,5,0,0,15028,6.8,-2763,-1017,20,1502.8
1,7,6,5,1,0,16817,6.8,1060,952,20.8,1681.7,6,7,5,1,0,15757,6.4,-1060,-952,18.5,1575.7
1,3,6,4,1,0,14920,6.8,-1959,-630,21.7,1492,6,3,6,1,0,16879,7,1959,630,24.2,1687.9
0,7,5,8,0,0,17160,7,2613,1450,22.1,1716,5,7,3,1,0,14547,6.4,-2613,-1450,21.3,1454.7
1,5,4,5,1,0,15436,7,-684,-742,22,1543.6,4,5,6,1,0,16120,7.2,684,742,26.7,1612
1,4,3,3,1,0,15442,7.2,-79,-815,22,1544.2,3,4,4,1,0,15521,7.2,79,815,21.7,1552.1
1,4,7,1,0,0,15764,6.8,-1929,-655,23.7,1576.4,7,4,6,1,0,17693,7.2,1929,655,23.6,1769.3
0,6,6,8,1,0,16744,6.8,-615,-150,23.1,1674.4,6,6,7,0,0,17359,7,615,150,23.7,1735.9
1,13,4,16,1,0,20308,7,5058,1536,21.6,2030.8,4,13,3,0,0,15250,6.6,-5058,-1536,19.7,1525
1,9,8,8,1,0,18731,6.8,1601,459,19.1,1873.1,8,9,6,1,0,17130,7.2,-1601,-459,24,1713
0,5,9,5,0,0,15529,6.8,-2347,-1346,20,1552.9,9,5,9,1,0,17876,7.2,2347,1346,22.9,1787.6
1,4,4,1,0,0,15169,6.8,585,2037,20.8,1516.9,4,4,5,0,0,14584,6.4,-585,-2037,19.6,1458.4
1,7,9,4,1,0,17075,6.8,-372,177,21.8,1707.5,9,7,11,0,0,17447,7,372,-177,21.7,1744.7
1,5,1,5,0,0,17467,7.4,3407,3210,24.5,1746.7,1,5,3,0,0,14060,6.8,-3407,-3210,21.4,1406
1,6,2,5,1,0,17259,7.4,2452,1600,24.9,1725.9,2,6,5,0,0,14807,7,-2452,-1600,22.1,1480.7
1,10,4,9,0,0,17979,7,2507,2680,21.4,1797.9,4,10,6,1,0,15472,6.4,-2507,-2680,21.4,1547.2
0,2,7,3,0,0,14269,6.6,-2153,-1519,19.6,1426.9,7,2,8,0,0,16422,7,2153,1519,21.1,1642.2
1,9,3,11,1,0,18309,7.6,3039,2335,23.4,1830.9,3,9,3,0,0,15270,7,-3039,-2335,22.3,1527
0,7,6,9,1,0,17116,7.4,286,786,24.6,1711.6,6,7,5,0,0,16830,7.2,-286,-786,21.9,1683
0,7,7,8,1,0,15970,6.8,-336,-681,20,1597,7,7,4,0,0,16306,7,336,681,22,1630.6
0,6,10,4,0,0,14626,6.4,-4726,-2067,21.8,1462.6,10,6,11,1,0,19352,7,4726,2067,22.4,1935.2
1,8,10,7,0,0,16427,6.8,-3441,-1876,19.1,1642.7,10,8,15,0,0,19868,7.2,3441,1876,25.9,1986.8
0,3,13,4,1,0,14676,6.2,-4489,-4047,19.1,1467.6,13,3,13,0,0,19165,7,4489,4047,22.4,1916.5
0,1,11,1,0,0,13943,6.2,-5302,-3981,20.4,1394.3,11,1,13,0,0,19245,7.4,5302,3981,23.8,1924.5
1,4,6,4,0,0,15488,6.6,-4903,-3146,18.4,1548.8,6,4,16,1,0,20391,7.4,4903,3146,20.4,2039.1
0,6,4,6,1,0,15437,6.6,-152,-901,19.8,1543.7,4,6,6,1,0,15589,7,152,901,22,1558.9
0,6,2,7,0,0,17083,7.2,2263,1666,24.1,1708.3,2,6,1,1,0,14820,7,-2263,-1666,25,1482
0,2,10,3,1,0,14825,6.8,-3103,-2355,23.6,1482.5,10,2,16,1,0,17928,7.2,3103,2355,23,1792.8
1,12,3,10,1,0,19402,7.4,5650,4520,24.2,1940.2,3,12,4,0,0,13752,6.4,-5650,-4520,18.8,1375.2
0,4,5,4,1,0,15129,7,-1330,-639,19.7,1512.9,5,4,4,0,0,16459,7,1330,639,24.1,1645.9
0,2,5,3,0,0,15053,6.8,-3526,-1273,24.8,1505.3,5,2,9,0,0,18579,7.2,3526,1273,23.4,1857.9
0,2,5,2,0,0,14672,6.6,-1209,-2033,22.9,1467.2,5,2,2,1,0,15881,7,1209,2033,25.2,1588.1
0,10,6,8,1,0,18280,7.4,2171,1839,24.1,1828,6,10,4,0,0,16109,7,-2171,-1839,19.6,1610.9
0,4,8,4,1,0,15290,6.6,-2387,-2353,21.9,1529,8,4,6,0,0,17677,7.4,2387,2353,24.2,1767.7
1,9,1,13,1,0,17329,7,2252,1086,18.9,1732.9,1,9,2,0,0,15077,7,-2252,-1086,24.4,1507.7
1,6,4,3,1,0,16409,6.8,596,486,23.2,1640.9,4,6,4,0,0,15813,7,-596,-486,20.2,1581.3
1,10,11,8,1,0,18237,6.6,206,257,23.5,1823.7,11,10,14,0,0,18031,6.8,-206,-257,17.5,1803.1
1,9,2,11,2,0,17259,7,3146,2257,21.4,1725.9,2,9,1,0,0,14113,6.4,-3146,-2257,22.1,1411.3
1,8,6,10,1,0,17816,7,1789,244,22.6,1781.6,6,8,11,1,0,16027,6.8,-1789,-244,21,1602.7
0,8,7,11,1,0,16465,6.6,84,-1185,21.5,1646.5,7,8,5,0,0,16381,7.2,-84,1185,20.3,1638.1
0,10,11,9,0,0,19029,7.4,340,1086,23.4,1902.9,11,10,14,0,0,18689,7.2,-340,-1086,18.2,1868.9
1,7,2,13,1,0,17075,6.8,1531,-222,20.2,1707.5,2,7,2,0,0,15544,6.8,-1531,222,25.2,1554.4
1,6,4,7,0,0,16689,7.4,-177,-38,23.3,1668.9,4,6,4,0,0,16866,7.2,177,38,23.6,1686.6
1,1,2,2,0,0,14402,6.6,-688,-577,23.3,1440.2,2,1,3,1,0,15090,6.8,688,577,25.8,1509
0,5,3,4,1,0,16379,6.8,1429,1224,24,1637.9,3,5,4,0,0,14950,6.8,-1429,-1224,22.6,1495
0,3,11,3,0,0,14579,6.6,-3603,-3793,22.7,1457.9,11,3,9,0,0,18182,7.2,3603,3793,23.2,1818.2
0,6,5,8,0,0,16455,7.2,-614,-1330,21.4,1645.5,5,6,5,2,0,17069,7.4,614,1330,24.3,1706.9
0,3,5,4,1,0,13770,6.4,-2374,-2316,19.2,1377,5,3,5,0,0,16144,7,2374,2316,23.9,1614.4
1,6,9,5,1,0,16042,6.8,-1416,-362,21.8,1604.2,9,6,6,0,0,17458,7.2,1416,362,24.3,1745.8
1,2,4,2,1,0,14905,6.8,-1090,522,24.4,1490.5,4,2,4,0,0,15995,6.8,1090,-522,24.3,1599.5
1,11,4,12,0,0,18733,7.4,3925,4105,20.1,1873.3,4,11,9,1,0,14808,6.4,-3925,-4105,17.9,1480.8
0,9,14,11,0,0,17496,6.8,-2574,-2554,18.5,1749.6,14,9,13,1,0,20070,7.4,2574,2554,19.8,2007
1,11,7,7,2,0,18303,7,2667,1951,20.2,1830.3,7,11,5,0,0,15636,6.4,-2667,-1951,17.4,1563.6
0,4,9,5,1,0,15395,6.6,-1421,-1367,22.1,1539.5,9,4,6,1,0,16816,7,1421,1367,21.2,1681.6
1,6,4,4,1,0,16540,6.8,-41,307,23,1654,4,6,5,1,0,16581,6.6,41,-307,25.4,1658.1
0,7,7,9,1,0,16342,6.8,-2579,-1094,21.1,1634.2,7,7,6,1,0,18921,7.2,2579,1094,23.8,1892.1
0,4,6,6,0,0,15540,6.8,-468,-581,23.6,1554,6,4,5,2,0,16008,7,468,581,23.4,1600.8
0,4,11,2,0,0,14993,6.6,-2884,-2378,20.8,1499.3,11,4,8,1,0,17877,7.4,2884,2378,22.6,1787.7
0,6,5,9,0,0,16022,6.8,318,370,22.7,1602.2,5,6,4,1,0,15704,6.8,-318,-370,21,1570.4
1,7,4,10,1,0,17978,7.4,2604,432,21.6,1797.8,4,7,0,0,0,15374,7,-2604,-432,22,1537.4
0,9,6,12,0,0,17898,6.8,1388,441,21.5,1789.8,6,9,10,1,0,16510,7,-1388,-441,21.2,1651
0,2,12,1,0,0,13170,6.2,-5455,-2144,16.2,1317,12,2,10,0,0,18625,6.8,5455,2144,21.1,1862.5
0,3,6,2,0,0,14364,7,-3333,-1389,19,1436.4,6,3,6,1,0,17697,7.2,3333,1389,25.1,1769.7
1,9,5,10,1,0,19294,7,4570,2205,23.4,1929.4,5,9,8,0,0,14724,6.6,-4570,-2205,16.2,1472.4
1,11,7,15,0,0,17446,7,900,1093,18.6,1744.6,7,11,8,1,0,16546,6.8,-900,-1093,22,1654.6
1,11,6,5,1,0,17943,6.8,1493,33,22,1794.3,6,11,2,0,0,16450,7,-1493,-33,19.7,1645
1,7,3,4,1,0,16656,6.8,1786,-261,21.4,1665.6,3,7,3,0,0,14870,6.8,-1786,261,20.6,1487
1,6,2,6,2,0,16149,6.8,1819,1262,22,1614.9,2,6,1,0,0,14330,6.6,-1819,-1262,20.6,1433
0,4,5,4,0,0,15564,6.8,-433,445,21.6,1556.4,5,4,7,1,0,15997,6.8,433,-445,22.5,1599.7
0,2,5,3,0,0,15128,7,-860,-334,25.1,1512.8,5,2,9,1,0,15988,7,860,334,22.6,1598.8
1,4,4,3,1,0,15551,6.8,43,-1092,20.6,1555.1,4,4,2,1,0,15508,6.8,-43,1092,21.8,1550.8
1,5,9,8,0,0,16426,7,-642,-397,23.1,1642.6,9,5,6,1,0,17068,7,642,397,19.3,1706.8
1,5,6,5,2,0,15594,7,-1328,333,20.1,1559.4,6,5,7,0,0,16922,6.8,1328,-333,22.7,1692.2
0,5,7,8,2,0,15674,6.6,-622,59,21.5,1567.4,7,5,8,0,0,16296,6.8,622,-59,18.9,1629.6
1,12,8,11,0,0,18444,7.2,1903,2160,19.6,1844.4,8,12,4,1,0,16541,6.6,-1903,-2160,17.3,1654.1
1,10,6,5,1,0,16929,7.2,580,2959,22.2,1692.9,6,10,11,0,0,16349,6.8,-580,-2959,19.2,1634.9
1,8,3,11,1,0,17701,7.2,2252,1577,24.6,1770.1,3,8,3,0,0,15449,6.8,-2252,-1577,22.8,1544.9
1,5,2,5,2,0,17020,7.2,1686,2152,23.8,1702,2,5,3,0,0,15334,7,-1686,-2152,25.3,1533.4
1,12,9,11,1,0,18395,7.2,718,1313,19.3,1839.5,9,12,9,0,0,17677,7,-718,-1313,20.6,1767.7
1,9,4,8,1,0,18646,7.6,3767,3277,25.3,1864.6,4,9,6,0,0,14879,6.6,-3767,-3277,19.5,1487.9
0,6,11,8,0,0,15887,6.4,-2596,-2891,19.1,1588.7,11,6,13,0,0,18483,7.2,2596,2891,22,1848.3
0,3,5,2,1,0,14098,6.2,-2511,-2288,19.8,1409.8,5,3,6,0,0,16609,6.8,2511,2288,21.6,1660.9
0,6,5,10,1,0,15521,6.2,189,-2888,21.8,1552.1,5,6,1,1,0,15332,6.8,-189,2888,19.3,1533.2
1,7,5,9,1,0,16460,7,192,616,22.2,1646,5,7,8,0,0,16268,7.2,-192,-616,23.6,1626.8
0,6,14,5,1,0,16749,6.2,-3586,-2840,20.3,1674.9,14,6,6,1,0,20335,7.2,3586,2840,19.4,2033.5
1,8,7,5,1,0,17329,7.4,881,2559,22.6,1732.9,7,8,7,0,0,16448,6.8,-881,-2559,19.9,1644.8
0,7,6,12,0,0,16582,6.4,-157,-2594,20.3,1658.2,6,7,8,2,0,16739,7,157,2594,21.9,1673.9
0,1,11,0,0,0,13206,6.6,-6001,-28,19.5,1320.6,11,1,6,1,0,19207,7.4,6001,28,24.4,1920.7
0,7,8,6,0,0,16423,7.2,-859,919,21.2,1642.3,8,7,6,0,0,17282,7,859,-919,22.6,1728.2
1,6,6,7,2,0,17074,7.2,949,591,21.4,1707.4,6,6,6,0,0,16125,6.8,-949,-591,22.5,1612.5
0,1,2,1,0,0,13449,6.6,-1641,-500,18.9,1344.9,2,1,4,0,0,15090,7,1641,500,22.4,1509
1,6,5,10,2,0,17466,7.4,1499,2469,24.6,1746.6,5,6,8,0,0,15967,6.6,-1499,-2469,21.5,1596.7
1,6,3,5,2,0,16941,7,2104,1643,22.9,1694.1,3,6,3,0,0,14837,7,-2104,-1643,21.3,1483.7
1,9,11,10,1,0,18601,7,1939,166,22,1860.1,11,9,7,0,0,16662,7,-1939,-166,17.4,1666.2
0,8,6,13,1,0,17003,6.8,253,-1300,22.2,1700.3,6,8,7,0,0,16750,7.2,-253,1300,21.8,1675
1,1,6,1,0,0,14577,6.8,-1742,-1210,26.3,1457.7,6,1,6,1,0,16319,7,1742,1210,23.4,1631.9
1,9,8,13,1,0,17813,6.8,986,549,20.2,1781.3,8,9,13,0,0,16827,6.6,-986,-549,21.6,1682.7
0,5,6,1,1,0,15332,7,-1442,-1048,21.5,1533.2,6,5,9,1,0,16774,7.2,1442,1048,22,1677.4
1,2,3,5,1,0,14627,6.8,-1113,-1417,21.4,1462.7,3,2,5,0,0,15740,7,1113,1417,23.5,1574
0,9,8,11,0,0,16187,6.2,-229,-487,21.8,1618.7,8,9,11,1,0,16416,6.2,229,487,16.9,1641.6
1,11,5,12,2,0,19787,7.2,4284,2585,24.2,1978.7,5,11,6,0,0,15503,6.8,-4284,-2585,20.5,1550.3
1,12,4,15,0,0,18596,7.2,3378,3168,18.8,1859.6,4,12,6,1,0,15218,6.4,-3378,-3168,20.7,1521.8
0,6,5,10,0,0,16233,7,70,-928,22.3,1623.3,5,6,7,2,0,16163,7,-70,928,22.5,1616.3
0,5,9,5,0,0,15468,7,-2507,-1473,20.3,1546.8,9,5,7,1,0,17975,7.4,2507,1473,24.3,1797.5
0,8,7,8,0,0,16699,7,320,-743,24,1669.9,7,8,6,1,0,16379,7.2,-320,743,21.6,1637.9
0,3,7,4,1,0,15311,6.8,-1768,-963,23.4,1531.1,7,3,12,1,0,17079,6.6,1768,963,21.7,1707.9
1,7,2,6,1,0,16580,7.4,1586,1273,21,1658,2,7,1,0,0,14994,7,-1586,-1273,23.2,1499.4
1,6,8,6,0,0,16450,6.6,-57,-1339,22.4,1645,8,6,5,0,0,16507,7.2,57,1339,22,1650.7
0,6,14,6,0,0,16197,6.4,-2941,-3143,20.3,1619.7,14,6,16,1,0,19138,7,2941,3143,19.4,1913.8
0,4,10,4,1,0,15773,6.6,-2175,-2305,21.6,1577.3,10,4,12,1,0,17948,7.2,2175,2305,21.6,1794.8
0,5,6,4,0,0,14815,6.2,14,-28,18.3,1481.5,6,5,6,2,0,16378,7.4,-14,28,21.9,1637.8
1,6,6,11,1,0,17731,7.2,1870,1167,25.7,1773.1,6,6,6,1,0,15861,6.8,-1870,-1167,21.6,1586.1
1,3,6,1,0,0,13952,6.6,-2729,-1427,19.7,1395.2,6,3,4,1,0,16681,7,2729,1427,25.2,1668.1
1,11,7,6,1,0,18504,7.2,2842,1125,21.2,1850.4,7,11,3,1,0,15662,7,-2842,-1125,19.2,1566.2
0,2,5,3,0,0,14777,6.8,-1276,-1016,21.5,1477.7,5,2,1,2,0,16053,7.2,1276,1016,24.1,1605.3
0,1,1,1,0,0,14018,7,152,-1124,23.3,1401.8,1,1,1,1,0,13866,7.2,-152,1124,22,1386.6
1,6,6,8,0,0,16140,7,556,879,21.1,1614,6,6,3,1,0,15584,6.6,-556,-879,21.5,1558.4
1,6,5,5,0,0,16246,7.2,750,786,19.9,1624.6,5,6,6,0,0,15496,6.8,-750,-786,19.9,1549.6
0,7,8,8,1,0,16122,7,-1782,-308,18.6,1612.2,8,7,10,1,0,17904,7,1782,308,25.3,1790.4
0,5,8,3,0,0,15429,6.8,-2375,-2008,19.8,1542.9,8,5,11,1,0,17804,7.2,2375,2008,22.2,1780.4
0,1,4,2,0,0,14270,6.6,-1103,-2692,23,1427,4,1,3,1,0,15373,7,1103,2692,24.4,1537.3
1,4,1,7,0,0,16327,7.4,2246,2898,24,1632.7,1,4,2,0,0,14081,7,-2246,-2898,23.5,1408.1
1,8,5,7,0,0,18225,7.2,1868,726,23.6,1822.5,5,8,5,0,0,16357,6.8,-1868,-726,22.3,1635.7
1,9,12,8,1,0,17778,7,-628,-864,20.4,1777.8,12,9,12,1,0,18406,7.2,628,864,19.7,1840.6
1,5,4,7,2,0,16680,7.2,899,969,24.7,1668,4,5,4,0,0,15781,6.8,-899,-969,20.9,1578.1
0,6,6,12,1,0,16434,6.8,428,-939,21.4,1643.4,6,6,2,1,0,16006,7.2,-428,939,18.4,1600.6
1,13,8,6,0,0,18721,7.4,1721,1678,16.4,1872.1,8,13,9,2,0,17000,6.8,-1721,-1678,19.5,1700
0,5,8,6,1,0,15107,6.8,-2607,-2365,18.7,1510.7,8,5,8,0,0,17714,7.4,2607,2365,23.8,1771.4
1,7,0,4,1,0,16897,7.6,3084,3352,24,1689.7,0,7,0,0,0,13813,6.6,-3084,-3352,21.9,1381.3
1,6,9,10,0,0,17013,7,-941,-1717,24.6,1701.3,9,6,7,0,0,17954,7.4,941,1717,24,1795.4
1,7,5,5,0,0,18047,7.2,2175,506,23.9,1804.7,5,7,4,1,0,15872,6.8,-2175,-506,22.9,1587.2
0,3,5,2,1,0,15175,7,-1243,-425,23.2,1517.5,5,3,6,0,0,16418,7.2,1243,425,21.9,1641.8
0,8,10,9,0,0,16722,6.6,-978,-1232,19,1672.2,10,8,14,1,0,17700,6.8,978,1232,20,1770
1,5,5,5,0,0,15722,6.8,679,471,22.2,1572.2,5,5,5,0,0,15043,6.4,-679,-471,18.1,1504.3
0,6,9,7,1,0,17077,6.8,-995,-1497,17.5,1707.7,9,6,10,1,0,18072,7.2,995,1497,22.8,1807.2
0,6,1,4,2,0,17016,7.2,3266,1337,21.4,1701.6,1,6,0,0,0,13750,6.8,-3266,-1337,21.8,1375
0,5,9,5,2,0,17231,6.8,792,-474,17.5,1723.1,9,5,10,0,0,16439,7,-792,474,17.7,1643.9
1,7,2,7,2,0,17039,7.2,3032,2096,22,1703.9,2,7,0,0,0,14007,6.6,-3032,-2096,18.5,1400.7
1,11,4,11,1,0,17596,7.2,3252,3377,20.3,1759.6,4,11,2,0,0,14344,6.8,-3252,-3377,17.1,1434.4
0,7,4,8,0,0,16887,7,1270,-1625,21.5,1688.7,4,7,4,1,0,15617,7,-1270,1625,21.2,1561.7
1,4,6,3,0,0,15157,6.8,-549,-805,24.1,1515.7,6,4,3,2,0,15706,7,549,805,22.3,1570.6
1,11,3,10,2,0,20259,7,6210,3599,23.8,2025.9,3,11,4,0,0,14049,6.6,-6210,-3599,18,1404.9
0,6,9,5,1,0,16388,6.8,-1436,-1406,21.3,1638.8,9,6,8,0,0,17824,7.2,1436,1406,22,1782.4
1,9,8,6,0,0,17269,7,8,84,20.9,1726.9,8,9,8,2,0,17261,7,-8,-84,21.6,1726.1
1,8,5,9,1,0,17389,6.8,836,883,19.8,1738.9,5,8,10,0,0,16553,6.6,-836,-883,23.7,1655.3
0,7,5,7,0,0,17622,7.2,2077,986,24.7,1762.2,5,7,5,1,0,15545,6.8,-2077,-986,22.6,1554.5
1,3,6,3,0,0,15736,6.8,-259,555,23.2,1573.6,6,3,5,2,0,15995,6.8,259,-555,22,1599.5
1,10,8,11,1,0,17965,7.2,-195,646,21.9,1796.5,8,10,3,1,0,18160,7,195,-646,24.4,1816
0,4,9,2,0,0,15067,6.6,-3456,-1621,22.3,1506.7,9,4,7,1,0,18523,7.2,3456,1621,23.5,1852.3
0,2,10,3,0,0,13855,6.4,-5043,-4627,21.5,1385.5,10,2,9,1,0,18898,7.2,5043,4627,24.4,1889.8
1,9,6,11,0,0,17561,7,2134,1500,20.7,1756.1,6,9,2,1,0,15427,7,-2134,-1500,20.4,1542.7
1,6,14,9,0,0,16284,6.6,-3235,-2207,20.8,1628.4,14,6,11,2,0,19519,6.8,3235,2207,21.5,1951.9
0,7,6,9,0,0,17048,6.6,1453,-254,22.7,1704.8,6,7,4,0,0,15595,6.6,-1453,254,18.8,1559.5
0,5,3,8,1,0,16294,7.2,613,323,21.8,1629.4,3,5,3,0,0,15681,7.2,-613,-323,23.2,1568.1
0,6,8,7,1,0,16877,7.4,-772,-545,22.5,1687.7,8,6,11,0,0,17649,7.4,772,545,22.6,1764.9
0,6,8,6,0,0,15222,6.2,-1262,-1379,17.8,1522.2,8,6,7,0,0,16484,6.6,1262,1379,17.8,1648.4
0,6,9,6,1,0,17245,7.2,-862,1054,23.6,1724.5,9,6,13,1,0,18107,6.8,862,-1054,21.9,1810.7
0,9,9,12,1,0,17187,7,-1675,-1382,19.7,1718.7,9,9,11,1,0,18862,7.2,1675,1382,20.6,1886.2
0,5,10,8,2,0,15156,6.4,-2997,-3052,21.8,1515.6,10,5,5,0,0,18153,7,2997,3052,22.2,1815.3
0,1,6,0,0,0,13977,6.6,-4097,-1658,20.8,1397.7,6,1,7,0,0,18074,7.2,4097,1658,22.6,1807.4
0,6,2,4,0,0,16383,7,1678,1155,25.8,1638.3,2,6,1,1,0,14705,7,-1678,-1155,21.6,1470.5
0,3,7,4,0,0,15392,6.8,-1445,-694,24,1539.2,7,3,9,0,0,16837,6.8,1445,694,22.5,1683.7
1,5,2,3,1,0,15397,6.8,1516,709,20.4,1539.7,2,5,1,0,0,13881,7,-1516,-709,19.6,1388.1
0,6,8,4,0,0,16142,7,-1769,-1209,19.1,1614.2,8,6,6,1,0,17911,7.4,1769,1209,26.4,1791.1
1,9,6,13,0,0,17855,7.2,2063,2131,20,1785.5,6,9,10,1,0,15792,7,-2063,-2131,18.2,1579.2
0,2,8,2,0,0,13956,6.6,-3535,-1720,21,1395.6,8,2,12,1,0,17491,7,3535,1720,20.3,1749.1
0,6,8,7,1,0,15753,6.8,-1964,-1415,20.3,1575.3,8,6,7,1,0,17717,7,1964,1415,23.8,1771.7
0,8,9,7,0,0,16272,6.6,-1117,-1207,17.9,1627.2,9,8,7,1,0,17389,6.8,1117,1207,22.3,1738.9
1,7,6,9,0,0,16869,7.2,713,-58,23,1686.9,6,7,9,1,0,16156,6.8,-713,58,21.3,1615.6
0,9,10,12,0,0,16990,6.8,-1534,-1073,19.8,1699,10,9,11,0,0,18524,6.8,1534,1073,21.8,1852.4
0,9,4,8,0,0,17991,7.4,1350,2355,21.9,1799.1,4,9,6,2,0,16641,6.8,-1350,-2355,20.8,1664.1
0,2,3,2,0,0,15143,7,129,200,23.9,1514.3,3,2,4,1,0,15014,7,-129,-200,22.4,1501.4
1,8,5,7,1,0,16735,6.8,926,967,21.5,1673.5,5,8,7,0,0,15809,6.6,-926,-967,18.8,1580.9
1,4,4,4,1,0,15971,6.8,603,-932,24.1,1597.1,4,4,5,0,0,15368,6.8,-603,932,21.5,1536.8
1,9,6,12,0,0,17752,7,1512,447,21.2,1775.2,6,9,6,1,0,16240,7,-1512,-447,21.9,1624
0,3,7,1,0,0,15023,7,-2942,-2574,22.2,1502.3,7,3,8,1,0,17965,7.6,2942,2574,22.8,1796.5
1,5,3,6,2,0,16007,6.8,701,-628,20.2,1600.7,3,5,2,0,0,15306,7,-701,628,23.6,1530.6
1,4,6,5,0,0,15454,6.8,-1648,-1354,19.9,1545.4,6,4,3,2,0,17102,7,1648,1354,21.7,1710.2
1,8,3,4,0,0,17058,6.8,2559,806,20.7,1705.8,3,8,4,0,0,14499,6.4,-2559,-806,19.6,1449.9
0,8,10,9,1,0,18374,7.2,1142,969,21.8,1837.4,10,8,14,0,0,17232,6.8,-1142,-969,18.8,1723.2
0,5,9,3,0,0,16259,6.4,-1501,-2063,22.4,1625.9,9,5,7,1,0,17760,7.2,1501,2063,24,1776
0,5,2,6,1,0,15894,6.8,409,1405,22.2,1589.4,2,5,3,1,0,15485,6.8,-409,-1405,24.1,1548.5
0,4,8,5,1,0,15524,6.6,-2752,-2170,21.4,1552.4,8,4,9,0,0,18276,7.4,2752,2170,25.2,1827.6
0,11,5,8,0,0,18956,7.2,3415,1887,24.3,1895.6,5,11,6,1,0,15541,6.8,-3415,-1887,19.2,1554.1
1,9,5,12,1,0,17881,7.2,1867,1838,23.8,1788.1,5,9,4,0,0,16014,6.6,-1867,-1838,20.5,1601.4
1,7,6,5,0,0,17131,7.2,1692,205,22.9,1713.1,6,7,4,1,0,15439,7,-1692,-205,18.6,1543.9
1,7,3,4,1,0,17666,7,3198,1428,24,1766.6,3,7,7,1,0,14468,6.6,-3198,-1428,20.1,1446.8
1,7,5,5,2,0,17538,7.4,1652,1714,22.9,1753.8,5,7,4,0,0,15886,6.8,-1652,-1714,20.9,1588.6
1,4,1,5,1,0,16942,7.6,2875,3035,26.1,1694.2,1,4,1,0,0,14067,6.8,-2875,-3035,22.2,1406.7
0,10,4,10,0,0,18224,7.4,2978,3229,22.5,1822.4,4,10,5,0,0,15246,6.8,-2978,-3229,22.4,1524.6
1,5,5,6,1,0,16345,6.8,134,-1022,24.6,1634.5,5,5,5,0,0,16211,7.2,-134,1022,23.9,1621.1
0,4,6,4,0,0,15865,7,-418,34,23.8,1586.5,6,4,8,1,0,16283,7,418,-34,23.1,1628.3
0,5,10,3,0,0,15266,6.6,-3446,-1168,20.9,1526.6,10,5,13,1,0,18712,7,3446,1168,22.2,1871.2
0,4,3,1,1,0,15454,6.6,957,406,22.6,1545.4,3,4,3,0,0,14497,6.8,-957,-406,21.5,1449.7
1,5,1,2,1,0,17051,7.6,2358,2590,25.9,1705.1,1,5,0,0,0,14693,6.8,-2358,-2590,24.8,1469.3
0,8,13,6,0,0,17705,6.8,-1291,-1067,20.1,1770.5,13,8,16,0,0,18996,7.2,1291,1067,21.3,1899.6
0,8,1,9,0,0,16763,6.6,3371,1173,20.9,1676.3,1,8,2,0,0,13392,6.4,-3371,-1173,19.5,1339.2
0,7,8,10,0,0,16808,6.8,-400,-539,18.9,1680.8,8,7,5,1,0,17208,7.2,400,539,19.4,1720.8
0,4,12,3,0,0,15111,6.6,-4189,-3388,21.8,1511.1,12,4,10,2,0,19300,7.4,4189,3388,24.9,1930
0,5,11,6,1,0,14998,6.4,-4011,-3207,19.9,1499.8,11,5,6,0,0,19009,7.2,4011,3207,23.3,1900.9
0,5,9,7,0,0,16942,7,9,-1196,22.7,1694.2,9,5,9,1,0,16933,6.8,-9,1196,21.5,1693.3
0,6,8,7,0,0,15270,6.4,-2630,-2204,18.1,1527,8,6,6,1,0,17900,7.2,2630,2204,23.8,1790
0,3,5,4,0,0,14586,6.6,-1494,-700,19.4,1458.6,5,3,5,0,0,16080,6.6,1494,700,23.1,1608
1,8,4,12,1,0,18232,7.2,2655,2106,22.8,1823.2,4,8,3,0,0,15577,6.4,-2655,-2106,22.6,1557.7
1,9,8,13,0,0,17190,6.8,329,-298,20.4,1719,8,9,10,1,0,16861,7,-329,298,20.6,1686.1
0,4,2,3,0,0,15008,6.8,1219,1558,22.5,1500.8,2,4,1,1,0,13789,6.6,-1219,-1558,19.3,1378.9
1,6,7,15,1,0,16398,7.2,5494,1987,19.1,1639.8,7,6,7,0,0,16261,6.4,-5494,-1987,16.8,1626.1
1,4,1,8,1,0,15787,7.2,1259,2317,22.3,1578.7,1,4,0,0,0,14528,6.4,-1259,-2317,23.6,1452.8
0,6,7,6,0,0,16404,6.8,-919,47,24.5,1640.4,7,6,10,0,0,17323,7.2,919,-47,21.9,1732.3
1,7,4,13,1,0,17878,7.6,2566,3097,23.2,1787.8,4,7,4,0,0,15312,7,-2566,-3097,23.5,1531.2
1,8,9,14,2,0,18532,7.2,1428,295,24,1853.2,9,8,9,0,0,17104,7,-1428,-295,20.1,1710.4
0,8,10,7,1,0,16901,6.4,-763,-450,17.6,1690.1,10,8,14,0,0,17664,6.6,763,450,20.4,1766.4
0,7,10,7,0,0,17563,7,-1360,-1561,19.9,1756.3,10,7,11,1,0,18923,7.2,1360,1561,24.4,1892.3
1,4,4,4,0,0,15967,7,-553,284,22.5,1596.7,4,4,4,2,0,16520,6.8,553,-284,21.7,1652
0,4,12,4,0,0,16280,6.8,-3279,-1466,22.3,1628,12,4,15,1,0,19559,7.2,3279,1466,25.2,1955.9
1,8,5,6,1,0,17142,7,2301,2562,22.1,1714.2,5,8,8,1,0,14841,6.4,-2301,-2562,17.7,1484.1
0,4,8,1,0,0,14807,6.8,-2462,-1894,20.1,1480.7,8,4,6,0,0,17269,7.4,2462,1894,22.9,1726.9
1,10,13,14,0,0,18697,6.8,-198,-1159,21.3,1869.7,13,10,9,1,0,18895,6.8,198,1159,18.8,1889.5
0,8,8,9,0,0,17057,6.6,240,-903,19,1705.7,8,8,9,0,0,16817,7,-240,903,19.7,1681.7
1,5,3,3,1,0,16487,6.8,1780,1010,23.5,1648.7,3,5,1,0,0,14707,6.8,-1780,-1010,21.8,1470.7
1,5,3,6,0,0,15721,6.6,435,-1039,21,1572.1,3,5,3,0,0,15286,6.8,-435,1039,22.9,1528.6
1,5,3,7,1,0,17182,7.4,1591,1778,24.6,1718.2,3,5,4,0,0,15591,6.8,-1591,-1778,25.7,1559.1
1,8,4,10,2,0,16993,7.2,937,530,21.2,1699.3,4,8,3,0,0,16056,7,-937,-530,20.5,1605.6
1,5,8,4,0,0,15710,7,-2320,-2276,22.3,1571,8,5,7,1,0,18030,7.6,2320,2276,23.7,1803
1,10,8,10,1,0,17793,7,496,187,19.3,1779.3,8,10,7,1,0,17297,6.8,-496,-187,22,1729.7
1,13,2,11,1,0,19867,7,14,-28,23.6,1986.7,2,13,4,0,0,12890,7,-14,28,16.8,1289
1,10,5,10,0,0,18538,7.4,2832,2861,22.5,1853.8,5,10,7,0,0,15706,6.6,-2832,-2861,21.4,1570.6
0,3,9,2,0,0,14624,6.6,-4073,-2595,21.1,1462.4,9,3,7,1,0,18697,7.2,4073,2595,22.6,1869.7
1,5,4,4,0,0,16005,7,1561,621,22.8,1600.5,4,5,6,1,0,14444,6.6,-1561,-621,18.7,1444.4
0,4,8,4,0,0,15194,6.8,-2143,-1251,22,1519.4,8,4,6,1,0,17337,7.2,2143,1251,20.5,1733.7
1,13,3,13,1,0,16398,7.6,6081,4748,23.5,1639.8,3,13,5,1,0,14862,6.6,-6081,-4748,19.7,1486.2
1,6,4,5,0,0,15983,7.2,515,1403,21.8,1598.3,4,6,5,1,0,15468,6.8,-515,-1403,19.4,1546.8
0,1,7,1,0,0,14513,6.6,-2382,-2219,21.8,1451.3,7,1,5,1,0,16895,7.2,2382,2219,24.8,1689.5
1,6,3,6,1,0,17536,7,2880,2785,26.6,1753.6,3,6,5,0,0,14656,6.6,-2880,-2785,19.7,1465.6
0,4,3,7,1,0,15796,6.8,724,-1747,22.1,1579.6,3,4,3,0,0,15072,7.2,-724,1747,20.9,1507.2
1,6,7,6,1,0,16398,7.6,4882,2906,23.1,1639.8,7,6,5,0,0,15951,6.8,-4882,-2906,20.2,1595.1
1,7,2,8,1,0,18650,7.4,3877,1762,24.8,1865,2,7,3,0,0,14773,7.2,-3877,-1762,22,1477.3
0,4,6,2,1,0,15044,7,-2127,-997,21.4,1504.4,6,4,8,0,0,17171,7.2,2127,997,22.8,1717.1
0,4,4,6,1,0,15811,7,161,-97,21.2,1581.1,4,4,6,0,0,15650,6.6,-161,97,22.2,1565
0,4,4,2,0,0,15612,6.8,608,362,22.8,1561.2,4,4,2,1,0,15004,7,-608,-362,20.8,1500.4
0,5,13,3,1,0,15151,6.6,-4570,-3352,20.4,1515.1,13,5,6,1,0,19721,7.4,4570,3352,20.7,1972.1
0,6,5,6,0,0,16496,7,120,1543,24.4,1649.6,5,6,14,1,0,16376,6.6,-120,-1543,20.6,1637.6
0,8,7,9,0,0,16059,7,-1073,-657,19,1605.9,7,8,7,1,0,17132,6.8,1073,657,23.2,1713.2
1,4,11,4,0,0,15120,6.4,-3181,-2898,18.9,1512,11,4,14,0,0,18301,7.4,3181,2898,21.4,1830.1
1,5,5,4,1,0,16185,6.8,-226,-262,21.2,1618.5,5,5,10,1,0,16411,6.8,226,262,22.8,1641.1
0,3,8,2,0,0,15404,6.8,-3096,-3752,24,1540.4,8,3,11,1,0,18500,7.6,3096,3752,25.6,1850
1,8,6,5,0,0,17952,7,2123,2563,21,1795.2,6,8,8,1,0,15829,6.2,-2123,-2563,19.2,1582.9
0,5,13,7,0,0,14776,6.2,-5760,-4168,16.1,1477.6,13,5,12,1,0,16378,7.4,5760,4168,23.5,1637.8
0,4,10,2,0,0,16183,7,-2155,-2249,25.1,1618.3,10,4,10,1,0,18338,7.2,2155,2249,21.9,1833.8
1,4,7,6,0,0,16037,7,-519,1292,23.1,1603.7,7,4,10,0,0,16556,6.6,519,-1292,21.3,1655.6
1,5,9,5,2,0,18041,7,786,1049,22.1,1804.1,9,5,14,0,0,17255,6.8,-786,-1049,21.3,1725.5
1,5,6,3,1,0,14820,6.4,-1671,-1100,16.7,1482,6,5,10,0,0,16491,6.8,1671,1100,22.3,1649.1
0,1,5,0,0,0,13943,6.8,-4036,-1844,23,1394.3,5,1,5,1,0,17979,7.2,4036,1844,23.1,1797.9
0,7,10,4,2,0,17023,6.4,-1148,-2197,20.1,1702.3,10,7,8,0,0,18171,7.2,1148,2197,22.6,1817.1
1,2,5,2,0,0,15011,7,-1399,-763,22.3,1501.1,5,2,7,1,0,16410,7,1399,763,20.8,1641
1,13,5,13,0,0,20067,7.4,4409,4503,22.9,2006.7,5,13,5,1,0,15658,6.2,-4409,-4503,18.2,1565.8
1,6,7,4,1,0,17149,6.8,770,-46,19.6,1714.9,7,6,7,0,0,16379,7,-770,46,20.2,1637.9
0,3,7,4,1,0,14688,6.8,-2193,-1574,19.9,1468.8,7,3,10,0,0,16881,7,2193,1574,21.7,1688.1
0,4,2,3,2,0,16125,7.2,1236,144,23.5,1612.5,2,4,2,0,0,14889,7.4,-1236,-144,24.9,1488.9
0,1,5,2,1,0,14197,6.8,-2144,-2451,22.5,1419.7,5,1,3,1,0,16341,7.2,2144,2451,24.6,1634.1
1,12,2,8,1,0,18863,7.6,4785,4475,23.8,1886.3,2,12,2,0,0,14078,6.4,-4785,-4475,20.6,1407.8
1,4,4,2,1,0,15488,7.2,-344,1361,24,1548.8,4,4,4,0,0,15832,6.6,344,-1361,24.1,1583.2
1,7,8,8,0,0,18283,7,905,312,20.9,1828.3,8,7,6,1,0,17378,7,-905,-312,20.6,1737.8
1,10,5,14,0,0,18538,7.2,1806,632,24.7,1853.8,5,10,5,1,0,16732,7,-1806,-632,21.6,1673.2
1,8,5,5,1,0,17875,7.2,2095,1664,20.6,1787.5,5,8,3,1,0,15780,7,-2095,-1664,21.5,1578
1,9,3,11,0,0,16954,6.8,2589,2509,22.1,1695.4,3,9,4,1,0,14365,6.4,-2589,-2509,18.7,1436.5
0,3,5,2,2,0,15073,6.8,-745,-1826,23.4,1507.3,5,3,3,0,0,15818,7,745,1826,20,1581.8
1,5,6,3,0,0,16038,7,329,1704,21.9,1603.8,6,5,3,1,0,15709,6.8,-329,-1704,20.8,1570.9
0,5,6,3,0,0,16032,7,-478,-389,22.9,1603.2,6,5,6,1,0,16510,7,478,389,22.1,1651
0,4,3,7,1,0,15669,7,273,-1110,22.3,1566.9,3,4,3,0,0,15396,7.2,-273,1110,23.7,1539.6
1,8,6,8,1,0,18198,7,2713,464,24.6,1819.8,6,8,3,1,0,15485,6.8,-2713,-464,18.7,1548.5
0,13,9,6,1,0,19528,7.2,1852,219,21.1,1952.8,9,13,5,0,0,17676,7.2,-1852,-219,21.7,1767.6
1,8,6,6,2,0,17316,7,767,796,20.6,1731.6,6,8,8,0,0,16549,6.8,-767,-796,21.6,1654.9
0,7,5,10,0,0,16509,7,373,-1568,20.2,1650.9,5,7,2,1,0,16136,7.2,-373,1568,22.4,1613.6
1,10,5,11,0,0,17741,6.8,2405,1439,23,1774.1,5,10,6,1,0,15336,6.8,-2405,-1439,19.9,1533.6
0,4,0,2,2,0,16124,7.4,2186,1319,24.4,1612.4,0,4,0,0,0,13938,6.8,-2186,-1319,24.1,1393.8
1,5,3,8,1,0,16395,7,1315,-99,21.4,1639.5,3,5,3,0,0,15080,7,-1315,99,20.9,1508
1,8,5,7,1,0,18020,7.2,2533,1172,25.3,1802,5,8,4,0,0,15487,6.8,-2533,-1172,21.2,1548.7
0,3,5,8,0,0,14759,6.8,-1394,-589,19.4,1475.9,5,3,7,1,0,16153,6.8,1394,589,24.6,1615.3
0,4,8,3,0,0,14521,6.6,-4413,-28,18.6,1452.1,8,4,12,1,0,18934,7.8,4413,28,23.4,1893.4
1,6,4,6,1,0,18341,7.2,3347,2958,22.9,1834.1,4,6,8,1,0,14994,6.6,-3347,-2958,20.6,1499.4
0,14,6,6,0,0,19599,7.4,4085,2139,21.1,1959.9,6,14,6,1,0,15514,6.8,-4085,-2139,18.8,1551.4
0,10,4,14,0,0,18019,6.8,4581,2792,21,1801.9,4,10,3,0,0,13438,7,-4581,-2792,21.8,1343.8
0,7,7,7,1,0,16491,6.6,453,-1745,19,1649.1,7,7,0,0,0,16038,7,-453,1745,23.8,1603.8
1,14,7,15,0,0,16398,7.6,5773,3643,24.2,1639.8,7,14,6,1,0,15926,6.8,-5773,-3643,20.8,1592.6
0,5,5,6,1,0,16249,7,251,1074,21.7,1624.9,5,5,7,1,0,15998,7,-251,-1074,22.9,1599.8
0,7,7,6,1,0,16476,6.6,335,731,21,1647.6,7,7,4,0,0,16141,6.6,-335,-731,20.6,1614.1
1,7,5,6,2,0,18246,6.8,3826,3122,22.8,1824.6,5,7,8,0,0,14420,6.2,-3826,-3122,21.8,1442
1,6,3,5,2,0,16646,7.2,919,94,24.2,1664.6,3,6,6,0,0,15727,7.2,-919,-94,25.8,1572.7
1,5,2,3,0,0,16568,7,2150,475,22.2,1656.8,2,5,4,1,0,14418,7,-2150,-475,22.8,1441.8
1,8,6,10,1,0,18519,7.2,1840,144,22.3,1851.9,6,8,6,1,0,16679,7.2,-1840,-144,21.4,1667.9
0,4,6,2,0,0,15498,6.8,-1953,-1854,22.8,1549.8,6,4,5,2,0,17451,7.4,1953,1854,25.9,1745.1
0,4,7,4,0,0,14927,6.8,-2435,-850,20.5,1492.7,7,4,12,1,0,17362,7.2,2435,850,22.7,1736.2
0,3,4,4,0,0,15120,6.8,-1338,-779,23,1512,4,3,8,1,0,16458,7,1338,779,23.4,1645.8
1,7,3,10,1,0,17146,7.2,2072,2367,22.7,1714.6,3,7,5,0,0,15074,6.8,-2072,-2367,24.1,1507.4
0,5,10,3,1,0,16141,7,-1634,-2844,22.9,1614.1,10,5,10,0,0,17775,7.6,1634,2844,24,1777.5
1,8,4,8,1,0,17798,7.2,3120,2464,22,1779.8,4,8,5,0,0,14678,6.6,-3120,-2464,19.2,1467.8
1,4,9,5,0,0,15945,6.8,-781,289,24.8,1594.5,9,4,10,1,0,16726,6.8,781,-289,19.5,1672.6
0,6,7,5,0,0,16169,6.6,-620,-1984,21.4,1616.9,7,6,4,2,0,16789,7,620,1984,23.7,1678.9
0,3,6,1,0,0,15177,6.8,-1716,-2811,22,1517.7,6,3,4,0,0,16893,7.4,1716,2811,24.1,1689.3
1,6,0,9,0,0,18307,7.4,5027,3394,23.5,1830.7,0,6,0,0,0,13280,6.4,-5027,-3394,21.1,1328
0,7,8,7,2,0,16473,7,-932,150,20.1,1647.3,8,7,11,0,0,17405,7,932,-150,24.6,1740.5
1,10,2,6,1,0,19483,7,5415,2991,21.1,1948.3,2,10,4,0,0,14068,6.4,-5415,-2991,20.3,1406.8
0,5,12,5,0,0,15230,6.4,-3832,-3915,18.5,1523,12,5,11,1,0,19062,7.4,3832,3915,21.9,1906.2
1,7,5,10,1,0,16583,7.2,840,385,22.2,1658.3,5,7,4,0,0,15743,6.8,-840,-385,21.3,1574.3
0,6,9,3,1,0,16840,7.2,-990,-2014,22.1,1684,9,6,7,1,0,17830,7.4,990,2014,24.7,1783
1,9,7,12,1,0,17836,7.2,969,1554,21.4,1783.6,7,9,7,1,0,16867,6.8,-969,-1554,21.6,1686.7
1,6,2,14,0,0,16398,7.6,14,3952,21.1,1639.8,2,6,1,2,0,15245,6.4,-14,-3952,20.3,1524.5
1,14,9,14,0,0,19170,7,3062,2772,19.3,1917,9,14,13,0,0,16108,6.2,-3062,-2772,21.8,1610.8
1,9,6,7,0,0,18229,6.8,2765,1407,23,1822.9,6,9,5,2,0,15464,6.6,-2765,-1407,19.5,1546.4
1,6,4,6,0,0,17591,7.2,3208,3285,23.5,1759.1,4,6,2,0,0,14383,6.2,-3208,-3285,18.6,1438.3
0,4,5,7,0,0,15067,6.8,-1641,-1610,17.2,1506.7,5,4,10,0,0,16708,7.4,1641,1610,25.4,1670.8
0,2,12,2,0,0,13844,6.6,-5161,-4099,22.4,1384.4,12,2,10,1,0,19005,7.2,5161,4099,20,1900.5
0,3,5,3,0,0,15699,6.8,-907,-1650,22.6,1569.9,5,3,6,1,0,16606,7.4,907,1650,24.4,1660.6
1,6,6,6,0,0,17077,7,-162,177,24.2,1707.7,6,6,9,0,0,17239,7,162,-177,24.5,1723.9
1,5,10,8,0,0,15710,6.6,-3731,-1458,20.5,1571,10,5,11,1,0,19441,7.2,3731,1458,23,1944.1
1,5,4,4,0,0,16450,7,1771,1846,22.9,1645,4,5,4,1,0,14679,6.6,-1771,-1846,19.4,1467.9
0,3,5,0,0,0,16228,6.8,352,639,23.4,1622.8,5,3,6,0,0,15876,7,-352,-639,20.3,1587.6
0,6,4,2,1,0,16803,7,1189,1151,25.5,1680.3,4,6,5,0,0,15614,7.2,-1189,-1151,20.6,1561.4
0,2,5,3,1,0,15462,7,-1176,-1499,24.9,1546.2,5,2,7,0,0,16638,7.2,1176,1499,24.8,1663.8
1,4,3,2,1,0,16233,6.8,1404,1286,21,1623.3,3,4,3,0,0,14829,6.8,-1404,-1286,20.9,1482.9
1,7,6,8,1,0,16239,6.4,-4876,-3481,20.2,1623.9,6,7,6,1,0,16378,7.2,4876,3481,23,1637.8
0,4,4,4,0,0,15514,6.6,249,182,22.3,1551.4,4,4,5,1,0,15265,6.6,-249,-182,20.4,1526.5
0,9,6,7,0,0,18466,7.6,2220,2300,21.8,1846.6,6,9,7,1,0,16246,7,-2220,-2300,18.5,1624.6
0,4,4,4,1,0,16907,7.2,1559,814,25.9,1690.7,4,4,7,0,0,15348,6.8,-1559,-814,18.9,1534.8
1,11,7,11,0,0,17662,7.2,1673,536,19.5,1766.2,7,11,5,1,0,15989,7,-1673,-536,17.3,1598.9
0,4,12,1,0,0,14738,6.6,-4785,-3317,19.9,1473.8,12,4,15,1,0,19523,7.2,4785,3317,22,1952.3
0,7,11,13,1,0,16225,6.6,-2463,-2163,20.6,1622.5,11,7,13,0,0,18688,7.4,2463,2163,22.4,1868.8
1,7,1,13,0,0,18486,7.4,5159,4916,26.4,1848.6,1,7,2,1,0,13327,6.4,-5159,-4916,18.2,1332.7
0,2,9,2,0,0,14597,6.8,-3805,-2559,22,1459.7,9,2,13,0,0,18402,7.4,3805,2559,27.4,1840.2
1,6,2,3,0,0,16818,7.2,2274,2694,25,1681.8,2,6,2,0,0,14544,6.8,-2274,-2694,20.2,1454.4
0,2,11,2,0,0,13714,6.6,-5129,-3055,20.1,1371.4,11,2,12,1,0,18843,7.2,5129,3055,25,1884.3
1,6,4,5,1,0,17946,7.2,2398,1573,22.5,1794.6,4,6,2,1,0,15548,6.6,-2398,-1573,23,1554.8
0,6,5,3,1,0,16141,7.4,488,2349,21.5,1614.1,5,6,9,1,0,15653,6.6,-488,-2349,18.3,1565.3
0,7,11,8,0,0,17151,6.8,-2489,-2055,21.5,1715.1,11,7,6,1,0,19640,7.2,2489,2055,20.5,1964
1,9,10,15,0,0,18483,7,270,-688,22.2,1848.3,10,9,13,1,0,18213,7.2,-270,688,20.7,1821.3
1,3,1,2,2,0,15530,6.8,1219,232,23.5,1553,1,3,3,0,0,14311,6.8,-1219,-232,23.8,1431.1
0,7,5,6,1,0,15900,7,-435,-960,20.6,1590,5,7,4,0,0,16335,7,435,960,21.8,1633.5
1,7,0,5,2,0,17520,7.2,4228,2880,24.5,1752,0,7,0,0,0,13292,6.6,-4228,-2880,19.4,1329.2
0,5,4,5,0,0,15933,7.2,465,632,24.6,1593.3,4,5,5,2,0,15468,6.8,-465,-632,20.3,1546.8
0,6,9,7,0,0,16369,7,-1673,-1221,23.6,1636.9,9,6,10,0,0,18042,7.4,1673,1221,23.9,1804.2
1,0,5,0,0,0,14422,6.6,-1723,-545,24.5,1442.2,5,0,10,1,0,16145,6.8,1723,545,22.9,1614.5
0,1,9,2,0,0,13570,6.2,14,-4807,19.4,1357,9,1,8,2,0,20148,7.2,-14,4807,26.7,2014.8
0,4,7,6,0,0,15706,7,-1992,-1588,24.4,1570.6,7,4,11,2,0,17698,7.2,1992,1588,25.6,1769.8
1,9,9,9,0,0,17898,7,-113,-116,23.1,1789.8,9,9,11,1,0,18011,7.2,113,116,21.8,1801.1
0,3,8,3,0,0,14397,6.6,-3517,-3374,21,1439.7,8,3,9,1,0,17914,7.2,3517,3374,22.6,1791.4
1,5,3,6,1,0,17227,7,2582,2655,24.5,1722.7,3,5,5,1,0,14645,6.2,-2582,-2655,20,1464.5
0,6,4,7,1,0,16080,7,533,1187,21.8,1608,4,6,6,0,0,15547,6.6,-533,-1187,21.9,1554.7
0,4,7,4,1,0,15346,6.6,-973,-1012,23,1534.6,7,4,6,0,0,16319,6.8,973,1012,17.8,1631.9
0,2,8,2,1,0,13853,6.2,-3650,-3119,20.5,1385.3,8,2,7,0,0,17503,7.2,3650,3119,22.1,1750.3
0,2,6,1,0,0,14417,6.6,-1930,-2043,19.8,1441.7,6,2,7,1,0,16347,7.2,1930,2043,22.3,1634.7
1,13,6,14,0,0,18676,7,3188,2289,19.6,1867.6,6,13,5,0,0,15488,6.4,-3188,-2289,16.4,1548.8
0,10,4,13,0,0,18858,7,2674,1630,19.5,1885.8,4,10,4,0,0,16184,6.4,-2674,-1630,24,1618.4
1,10,3,8,1,0,18463,7.4,3002,2125,24.8,1846.3,3,10,3,1,0,15461,6.8,-3002,-2125,21.8,1546.1
0,5,7,3,0,0,15286,6.6,-1936,-646,18.1,1528.6,7,5,7,1,0,17222,7,1936,646,23,1722.2
0,6,10,8,1,0,17088,6.8,-2595,-574,20.6,1708.8,10,6,9,0,0,19683,7.4,2595,574,23.3,1968.3
0,3,10,4,0,0,14674,6.4,-5092,-4196,18.4,1467.4,10,3,5,0,0,19766,7.4,5092,4196,24,1976.6
1,9,8,8,0,0,16676,7.2,-978,-1076,20.1,1667.6,8,9,11,0,0,17654,7.4,978,1076,20.3,1765.4
0,6,3,5,2,0,16843,7.2,1597,1617,24.1,1684.3,3,6,5,0,0,15246,6.8,-1597,-1617,23.1,1524.6
1,8,4,10,1,0,17640,7,4035,3311,20.7,1764,4,8,9,0,0,13605,7,-4035,-3311,21.8,1360.5
0,7,7,9,1,0,16517,6.6,473,446,18.2,1651.7,7,7,7,1,0,16044,6.6,-473,-446,18.3,1604.4
1,9,1,12,1,0,18626,7.4,5448,4419,20.5,1862.6,1,9,1,1,0,13178,6.4,-5448,-4419,17.9,1317.8
1,6,5,6,1,0,16398,7.2,14,4261,21.8,1639.8,5,6,8,0,0,14520,6.2,-14,-4261,21.8,1452
1,5,3,4,0,0,16595,7.2,1584,2449,22,1659.5,3,5,4,2,0,15011,6.8,-1584,-2449,20.4,1501.1
0,6,8,4,1,0,16561,7,-1637,-886,23.9,1656.1,8,6,7,1,0,18198,7.2,1637,886,24,1819.8
0,4,8,4,0,0,15676,7.2,-2476,-394,22.3,1567.6,8,4,7,2,0,18152,7.4,2476,394,26,1815.2
1,7,5,9,1,0,16847,7,505,-1017,20.9,1684.7,5,7,5,0,0,16342,7.2,-505,1017,21.2,1634.2
1,4,5,1,0,0,14837,6.8,-576,-1318,20.5,1483.7,5,4,8,1,0,15413,7.2,576,1318,17.2,1541.3
0,4,7,4,0,0,15624,6.8,-1647,-1866,22.9,1562.4,7,4,7,1,0,17271,7.4,1647,1866,24.3,1727.1
0,3,5,3,1,0,14587,6.8,-2395,-2214,22.2,1458.7,5,3,6,1,0,16982,7,2395,2214,25.4,1698.2
0,4,7,7,1,0,15904,6.6,-1067,-1598,23.2,1590.4,7,4,5,1,0,16971,7,1067,1598,23,1697.1
0,0,5,0,1,0,14103,6.6,-1977,-700,23,1410.3,5,0,4,0,0,16080,7,1977,700,22.4,1608
1,7,2,11,1,0,16685,7,2306,1659,21.6,1668.5,2,7,2,0,0,14379,6.6,-2306,-1659,20.8,1437.9
1,5,5,7,1,0,16501,6.8,366,84,23.4,1650.1,5,5,4,0,0,16135,6.8,-366,-84,23.1,1613.5
0,4,4,6,1,0,15694,6.6,567,-1018,24.8,1569.4,4,4,3,1,0,15127,7,-567,1018,24.5,1512.7
1,7,6,4,1,0,16544,7,272,1485,24.7,1654.4,6,7,6,0,0,16272,7,-272,-1485,22.1,1627.2
0,11,8,15,0,0,18923,7,1744,454,22.5,1892.3,8,11,7,1,0,17179,7,-1744,-454,21.9,1717.9
0,3,7,2,0,0,14756,6.6,-2175,-2386,22.6,1475.6,7,3,9,0,0,16931,7.2,2175,2386,23.3,1693.1
1,4,14,5,1,0,14450,6.4,-5976,-4619,18.6,1445,14,4,14,1,0,16378,7.4,5976,4619,26.4,1637.8
1,3,3,4,0,0,15332,7,359,-386,22.9,1533.2,3,3,0,1,0,14973,7,-359,386,24.2,1497.3
0,2,4,2,0,0,14026,6.8,-2478,-1258,21,1402.6,4,2,7,0,0,16504,7.2,2478,1258,24.4,1650.4
0,7,6,7,0,0,16835,7,700,814,22,1683.5,6,7,6,0,0,16135,7,-700,-814,21,1613.5
1,7,5,4,0,0,17301,7.8,1207,2244,24.1,1730.1,5,7,4,0,0,16094,7,-1207,-2244,24.3,1609.4
1,6,7,7,0,0,16489,7.2,-592,-223,21.9,1648.9,7,6,9,2,0,17081,7,592,223,22.7,1708.1
1,8,7,13,0,0,17212,7,684,167,22.7,1721.2,7,8,6,0,0,16528,6.8,-684,-167,19.9,1652.8
0,5,9,7,2,0,15090,6.6,-3684,-3135,17.6,1509,9,5,11,0,0,18774,7,3684,3135,24.6,1877.4
0,2,4,2,0,0,14319,6.6,-1272,-2335,21.9,1431.9,4,2,1,0,0,15591,7.2,1272,2335,23.6,1559.1
1,5,4,6,0,0,16721,7,1788,2424,23.7,1672.1,4,5,6,0,0,14933,6.4,-1788,-2424,21,1493.3
0,4,12,1,0,0,15089,6.6,-5292,-4004,23.5,1508.9,12,4,14,1,0,20381,7.6,5292,4004,23.4,2038.1
1,4,7,7,0,0,15662,6.8,-130,-624,20.2,1566.2,7,4,9,1,0,15792,6.8,130,624,20,1579.2
0,5,9,5,0,0,15463,6.6,-2791,-2246,20.6,1546.3,9,5,13,1,0,18254,7.4,2791,2246,22.7,1825.4
0,7,12,12,0,0,16880,7,-2125,-3115,21.6,1688,12,7,12,1,0,19005,7.4,2125,3115,22.1,1900.5
1,5,2,3,2,0,15216,7.2,-101,-556,21.6,1521.6,2,5,0,0,0,15317,7.2,101,556,24.8,1531.7
1,10,7,13,0,0,17674,7,1269,788,20.9,1767.4,7,10,6,0,0,16405,7,-1269,-788,20.5,1640.5
0,5,6,5,1,0,16533,6.6,251,-340,23.1,1653.3,6,5,6,0,0,16282,7,-251,340,21.7,1628.2
1,4,12,3,0,0,15716,6.8,-3446,-3817,22.5,1571.6,12,4,10,2,0,19162,7.8,3446,3817,23.9,1916.2
1,6,4,6,0,0,17631,7,2803,2471,26.1,1763.1,4,6,7,1,0,14828,6.6,-2803,-2471,18.8,1482.8
0,3,5,2,0,0,15148,7,-1416,63,21.3,1514.8,5,3,8,1,0,16564,7,1416,-63,23,1656.4
0,3,7,3,0,0,14649,6.8,-2588,-884,18.6,1464.9,7,3,9,1,0,17237,7,2588,884,24.6,1723.7
0,6,7,7,1,0,16517,6.8,-409,-2098,23.8,1651.7,7,6,7,1,0,16926,7,409,2098,25.4,1692.6
1,9,9,11,0,0,18026,7,894,639,21.1,1802.6,9,9,8,0,0,17132,6.8,-894,-639,19.5,1713.2
0,7,10,3,0,0,16399,7,-1977,-944,21.4,1639.9,10,7,9,0,0,18376,7.2,1977,944,23.1,1837.6
1,13,5,15,1,0,18959,6.8,2316,1298,18.6,1895.9,5,13,4,1,0,16643,6.6,-2316,-1298,21.9,1664.3
0,2,6,0,0,0,13888,6.4,-3220,-4094,17.2,1388.8,6,2,6,1,0,17108,7.4,3220,4094,24.2,1710.8
1,3,3,2,1,0,15188,7,52,1036,23.6,1518.8,3,3,3,0,0,15136,6.6,-52,-1036,21.4,1513.6
0,2,4,0,0,0,14395,6.6,-1386,-335,21,1439.5,4,2,6,0,0,15781,6.8,1386,335,21.1,1578.1
0,8,5,13,0,0,17663,6.8,1942,890,20.2,1766.3,5,8,3,1,0,15721,6.8,-1942,-890,20.5,1572.1
1,9,5,7,1,0,18348,7.2,3111,2739,21.6,1834.8,5,9,4,1,0,15237,6.8,-3111,-2739,20.2,1523.7
1,2,5,2,0,0,13337,6.4,-4427,-3299,19.7,1333.7,5,2,5,1,0,17764,7.2,4427,3299,23.6,1776.4
1,8,4,11,0,0,17064,7,1183,1036,20.7,1706.4,4,8,2,1,0,15881,7,-1183,-1036,21.7,1588.1
1,13,1,8,2,0,18595,7.6,5236,-28,23.7,1859.5,1,13,1,0,0,13359,6.6,-5236,28,19.9,1335.9
0,2,4,2,0,0,15096,7,-915,-1035,22.8,1509.6,4,2,4,0,0,16011,7.2,915,1035,23.9,1601.1
1,8,4,3,0,0,17743,7.6,2507,3436,24.7,1774.3,4,8,5,0,0,15236,6.8,-2507,-3436,18.6,1523.6
1,7,8,6,0,0,17088,7.2,-788,151,21.9,1708.8,8,7,5,2,0,17876,7.2,788,-151,22.6,1787.6
1,8,3,10,1,0,17810,7.6,3866,3496,24.8,1781,3,8,1,0,0,13944,6.4,-3866,-3496,19.1,1394.4
1,0,3,0,0,0,13954,6.8,-936,-624,23.1,1395.4,3,0,3,0,0,14890,7,936,624,19.9,1489
1,5,5,4,0,0,16300,7.2,955,1833,24.4,1630,5,5,3,1,0,15345,7,-955,-1833,19.2,1534.5
0,5,9,7,1,0,16096,7,-581,146,22.4,1609.6,9,5,8,0,0,16677,6.8,581,-146,20.4,1667.7
0,5,10,6,1,0,16331,6.6,-2814,-2623,22,1633.1,10,5,10,1,0,19145,7,2814,2623,22,1914.5
1,5,2,4,2,0,16515,7.2,1967,1068,25.7,1651.5,2,5,3,0,0,14548,7,-1967,-1068,23.3,1454.8
1,5,3,7,1,0,16860,7,1245,686,26.4,1686,3,5,2,0,0,15615,7,-1245,-686,24.8,1561.5
1,8,6,11,0,0,16870,6.6,829,-929,21.2,1687,6,8,5,1,0,16041,6.6,-829,929,24.5,1604.1
1,4,4,5,0,0,17001,7.2,759,467,24.2,1700.1,4,4,4,0,0,16242,7.2,-759,-467,24.2,1624.2
0,2,0,3,0,0,14112,6.6,-174,-35,22.3,1411.2,0,2,0,0,0,14286,6.6,174,35,22.6,1428.6
0,2,6,2,1,0,15300,7,-978,-849,26.6,1530,6,2,8,0,0,16278,7,978,849,22.8,1627.8
1,12,7,14,1,0,19276,7.2,1801,2218,19.2,1927.6,7,12,8,0,0,17475,6.8,-1801,-2218,21.7,1747.5
0,4,7,9,0,0,15766,6.6,-1590,-780,22,1576.6,7,4,11,1,0,17356,6.8,1590,780,23.5,1735.6
0,5,6,8,0,0,15292,7,-1805,-504,18.7,1529.2,6,5,10,1,0,17097,7,1805,504,24.1,1709.7
0,2,5,1,0,0,14321,6.4,-1296,-382,20.3,1432.1,5,2,5,1,0,15617,6.6,1296,382,22.6,1561.7
0,6,9,12,0,0,16492,6.8,-2847,-1355,22,1649.2,9,6,6,2,0,19339,7.4,2847,1355,23.7,1933.9
1,8,6,12,1,0,17357,7,1031,829,22.2,1735.7,6,8,10,1,0,16326,6.8,-1031,-829,20.8,1632.6
1,5,4,6,0,0,17519,6.8,1953,135,21.5,1751.9,4,5,6,0,0,15566,6.6,-1953,-135,21.5,1556.6
1,4,4,5,0,0,16139,6.8,690,444,24.5,1613.9,4,4,7,1,0,15449,6.8,-690,-444,20.6,1544.9
0,7,10,7,1,0,17088,7,-793,606,20.1,1708.8,10,7,9,0,0,17881,7,793,-606,22.1,1788.1
1,6,3,6,1,0,15609,6.8,661,735,18,1560.9,3,6,2,0,0,14948,6.6,-661,-735,19.9,1494.8
0,8,4,10,1,0,18913,7.4,3240,1787,22.5,1891.3,4,8,6,1,0,15673,6.8,-3240,-1787,23.7,1567.3
1,9,6,12,1,0,18054,7.2,1859,1271,24.1,1805.4,6,9,11,0,0,16195,6.8,-1859,-1271,19.7,1619.5
1,6,3,5,1,0,15690,6.8,903,1110,21.4,1569,3,6,3,0,0,14787,6.8,-903,-1110,19.9,1478.7
0,4,4,2,0,0,16003,6.8,353,-160,22.6,1600.3,4,4,5,1,0,15650,6.8,-353,160,20.9,1565
1,9,9,10,0,0,18181,6.6,1520,1110,20.2,1818.1,9,9,14,0,0,16661,6.6,-1520,-1110,16.5,1666.1
0,5,6,7,0,0,15628,7,-623,-39,22.1,1562.8,6,5,6,1,0,16251,6.8,623,39,22.3,1625.1
1,11,5,12,1,0,18093,6.8,2025,-460,21.1,1809.3,5,11,3,0,0,16068,6.8,-2025,460,19.9,1606.8
1,4,4,4,1,0,15607,7,-315,718,21.5,1560.7,4,4,3,1,0,15922,6.8,315,-718,24.6,1592.2
1,3,5,2,1,0,15164,6.8,-1592,-2199,21.8,1516.4,5,3,5,0,0,16756,7.2,1592,2199,25.5,1675.6
0,9,8,5,0,0,18090,7,736,-349,23.8,1809,8,9,9,0,0,17354,7.4,-736,349,21.3,1735.4
1,6,1,5,1,0,17001,7,3156,1621,24,1700.1,1,6,2,0,0,13845,6.8,-3156,-1621,20.6,1384.5
1,5,2,9,0,0,15904,7,1085,-556,21.3,1590.4,2,5,1,0,0,14819,6.8,-1085,556,22.9,1481.9
1,11,4,16,1,0,18215,7.2,3672,4732,23.9,1821.5,4,11,6,1,0,14543,6.2,-3672,-4732,18.3,1454.3
1,5,6,3,0,0,16177,7,-126,463,21.6,1617.7,6,5,6,2,0,16303,6.6,126,-463,21.5,1630.3
0,5,9,5,1,0,17087,6.8,-988,-1321,20.6,1708.7,9,5,8,1,0,18075,7.2,988,1321,20.1,1807.5
1,6,5,5,1,0,16594,7,466,933,22.4,1659.4,5,6,8,1,0,16128,7,-466,-933,23.3,1612.8
0,2,4,1,0,0,15101,7,-1443,-269,24.1,1510.1,4,2,5,1,0,16544,7,1443,269,21.7,1654.4
1,5,5,4,1,0,15787,6.8,833,383,20.9,1578.7,5,5,10,0,0,14954,6.6,-833,-383,17.9,1495.4
1,4,5,3,1,0,15936,7,-189,-709,25.5,1593.6,5,4,4,0,0,16125,7.4,189,709,25.2,1612.5
0,3,4,6,0,0,15608,7.2,-233,20,23.4,1560.8,4,3,4,2,0,15841,7.2,233,-20,24,1584.1
1,7,8,4,0,0,17226,7,-193,548,22.6,1722.6,8,7,7,1,0,17419,7.2,193,-548,22.3,1741.9
0,8,9,6,0,0,16972,7.2,-1832,-386,19.8,1697.2,9,8,10,1,0,18804,7.4,1832,386,23,1880.4
1,6,6,6,1,0,16421,7.4,961,849,22.4,1642.1,6,6,4,0,0,15460,7,-961,-849,19.4,1546
0,2,3,3,1,0,16664,6.8,1047,-143,25.5,1666.4,3,2,4,1,0,15617,7,-1047,143,24.7,1561.7
0,4,12,4,0,0,14920,6.8,-6000,-3856,18.6,1492,12,4,15,1,0,16378,7.6,6000,3856,24.6,1637.8
0,9,5,7,1,0,18227,7.4,3036,3251,24.8,1822.7,5,9,3,0,0,15191,6.6,-3036,-3251,17.3,1519.1
1,6,4,6,0,0,19885,7,5422,3259,17.7,1988.5,4,6,4,1,0,14463,6.4,-5422,-3259,18.2,1446.3
0,7,11,7,0,0,15225,6.4,-3230,-3243,18,1522.5,11,7,7,1,0,18455,7.2,3230,3243,22.7,1845.5
0,3,7,5,1,0,15070,6.8,-2692,-1151,21.7,1507,7,3,14,0,0,17762,7.6,2692,1151,22.5,1776.2
0,6,8,3,1,0,16425,7,-336,-124,23.2,1642.5,8,6,6,0,0,16761,7.2,336,124,19.7,1676.1
1,7,5,10,0,0,17168,7,1089,196,23.3,1716.8,5,7,4,1,0,16079,6.8,-1089,-196,23.5,1607.9
1,9,8,12,1,0,17822,7,-775,687,20.9,1782.2,8,9,8,0,0,18597,6.6,775,-687,21.9,1859.7
0,1,8,2,0,0,14055,6.6,-4331,-2588,20.8,1405.5,8,1,10,1,0,18386,7.2,4331,2588,22.6,1838.6
0,5,7,6,1,0,16213,6.6,-916,483,20.8,1621.3,7,5,12,0,0,17129,7,916,-483,21.5,1712.9
0,6,12,4,0,0,16337,7,-2529,-2091,20.2,1633.7,12,6,15,1,0,18866,7.2,2529,2091,21.4,1886.6
0,2,2,3,1,0,15736,7,705,-208,23.4,1573.6,2,2,2,1,0,15031,7,-705,208,25,1503.1
1,4,4,3,1,0,16790,6.8,1814,619,24.2,1679,4,4,5,1,0,14976,6.8,-1814,-619,18.5,1497.6
0,3,5,5,1,0,16091,6.6,-1053,-1363,23,1609.1,5,3,5,0,0,17144,7,1053,1363,24.8,1714.4
0,2,9,3,0,0,14433,6.4,-4395,-4086,21,1443.3,9,2,9,2,0,18828,7.4,4395,4086,21.9,1882.8
1,7,2,4,0,0,17389,7,3129,1416,23.7,1738.9,2,7,1,1,0,14260,6.8,-3129,-1416,20.3,1426
0,2,9,2,1,0,14475,6.6,-4666,-3086,20.5,1447.5,9,2,9,1,0,19141,7.2,4666,3086,22.4,1914.1
0,1,3,1,1,0,15373,7,599,754,26.4,1537.3,3,1,3,0,0,14774,6.8,-599,-754,21.2,1477.4
0,3,7,3,0,0,14381,6.6,-2528,-993,20.2,1438.1,7,3,10,1,0,16909,6.8,2528,993,19.6,1690.9
1,8,7,5,0,0,17975,7.2,1283,518,24.8,1797.5,7,8,2,1,0,16692,7,-1283,-518,21.7,1669.2
1,7,2,8,1,0,17459,7.2,2929,1296,23.1,1745.9,2,7,2,0,0,14530,7,-2929,-1296,19.1,1453
1,6,7,8,1,0,19056,7.4,2638,2423,23.2,1905.6,7,6,12,0,0,16418,6.8,-2638,-2423,20.4,1641.8
0,2,8,2,0,0,14117,6.6,-4158,-3452,19.9,1411.7,8,2,7,2,0,18275,7.4,4158,3452,24.8,1827.5
0,6,7,12,1,0,17191,6.8,-355,-1775,22.7,1719.1,7,6,8,0,0,17546,7.2,355,1775,20.4,1754.6
1,9,4,11,1,0,18585,7.2,3161,2079,21.6,1858.5,4,9,4,0,0,15424,6.8,-3161,-2079,18.5,1542.4
1,11,4,4,2,0,18271,7.2,2875,3178,22.4,1827.1,4,11,4,0,0,15396,6.8,-2875,-3178,21.3,1539.6
1,8,5,8,0,0,17953,6.8,3363,2997,21.8,1795.3,5,8,9,1,0,14590,6.4,-3363,-2997,17.6,1459
0,6,4,8,1,0,15645,6.8,6,1023,18.4,1564.5,4,6,3,1,0,15639,6.6,-6,-1023,23,1563.9
0,1,4,1,0,0,14588,6.8,-2574,-404,24.1,1458.8,4,1,6,0,0,17162,6.8,2574,404,22.2,1716.2
1,4,5,7,0,0,16152,7,-428,-432,26,1615.2,5,4,7,2,0,16580,7.2,428,432,23.8,1658
1,8,2,5,1,0,17030,6.8,1866,80,21.2,1703,2,8,2,0,0,15164,7.2,-1866,-80,24.6,1516.4
1,6,10,9,1,0,19204,7.6,1902,3370,21.5,1920.4,10,6,12,0,0,17302,6.8,-1902,-3370,18.3,1730.2
0,4,5,3,0,0,14925,7,-1375,-850,21.8,1492.5,5,4,4,1,0,16300,7.6,1375,850,22,1630
1,8,3,9,2,0,17561,7.2,2585,3290,22.2,1756.1,3,8,4,0,0,14976,6.4,-2585,-3290,22.2,1497.6
0,4,8,7,0,0,15049,6.6,-2353,-2050,21.1,1504.9,8,4,7,2,0,17402,7,2353,2050,23.5,1740.2
0,3,4,4,1,0,15523,7,-279,-411,23.3,1552.3,4,3,6,0,0,15802,7.2,279,411,24.7,1580.2
0,2,11,2,0,0,14910,6.8,-2917,-2806,22.7,1491,11,2,4,2,0,17827,7,2917,2806,21.6,1782.7
0,5,14,4,0,0,15787,6.6,-3783,-3300,20,1578.7,14,5,12,1,0,19570,7.2,3783,3300,20.1,1957
0,5,5,4,0,0,16840,7.2,-103,859,26.4,1684,5,5,3,2,0,16943,7,103,-859,21.9,1694.3
1,2,2,2,1,0,14541,6.8,-1345,-621,24,1454.1,2,2,2,0,0,15886,7.2,1345,621,26,1588.6
1,6,8,6,0,0,16273,7,-1115,-883,19.3,1627.3,8,6,7,1,0,17388,7.2,1115,883,20.8,1738.8
0,2,5,5,0,0,14531,6.8,-1711,-2183,22.2,1453.1,5,2,5,1,0,16242,7.2,1711,2183,23.5,1624.2
1,9,5,10,0,0,17413,7,1221,-172,22.9,1741.3,5,9,7,0,0,16192,7,-1221,172,21.3,1619.2
0,3,9,3,0,0,15622,6.8,-2461,-1626,24.6,1562.2,9,3,10,1,0,18083,7.2,2461,1626,22.8,1808.3
0,10,10,11,2,0,19556,7.2,2100,1556,19.8,1955.6,10,10,11,0,0,17456,6.8,-2100,-1556,18.9,1745.6
0,6,7,5,0,0,16797,7,823,2681,21.3,1679.7,7,6,11,1,0,15974,6.4,-823,-2681,15.8,1597.4
0,5,7,10,1,0,15735,6.6,-488,-237,22.5,1573.5,7,5,8,1,0,16223,6.8,488,237,20,1622.3
1,13,7,15,1,0,18570,7.2,2093,2151,20.6,1857,7,13,11,0,0,16477,6.6,-2093,-2151,21.2,1647.7
1,8,3,8,0,0,17849,7,3364,2412,22.7,1784.9,3,8,2,1,0,14485,6.4,-3364,-2412,22.3,1448.5
1,11,6,16,1,0,19364,7.4,3356,2257,23.2,1936.4,6,11,9,0,0,16008,6.8,-3356,-2257,19.8,1600.8
1,9,4,7,0,0,17047,7.2,1992,2548,22.6,1704.7,4,9,4,1,0,15055,6.6,-1992,-2548,22.5,1505.5
0,5,9,4,0,0,16105,7,-1198,-833,23.7,1610.5,9,5,8,1,0,17303,7.2,1198,833,23,1730.3
0,5,9,5,0,0,15611,7,-2415,-2092,22.2,1561.1,9,5,10,1,0,18026,7.2,2415,2092,23.1,1802.6
1,12,6,12,0,0,18766,7.2,2265,2656,23.1,1876.6,6,12,6,0,0,16501,6.8,-2265,-2656,22.5,1650.1
1,7,4,6,1,0,17590,7.2,2708,1906,23.1,1759,4,7,3,1,0,14882,6.6,-2708,-1906,22.3,1488.2
0,6,10,3,1,0,15222,6.4,-2558,-2878,19.2,1522.2,10,6,15,1,0,17780,7.2,2558,2878,20.5,1778
0,3,4,1,0,0,15537,7.2,-294,-531,23.9,1553.7,4,3,4,1,0,15831,7.2,294,531,24.4,1583.1
1,10,5,9,1,0,19265,7.4,4692,3644,24.4,1926.5,5,10,0,0,0,14573,6.6,-4692,-3644,22.1,1457.3
0,2,3,2,1,0,14746,7,-1222,-815,23.7,1474.6,3,2,2,0,0,15968,7.2,1222,815,24.6,1596.8
1,4,7,7,1,0,15261,6.8,-1107,-2894,22.7,1526.1,7,4,4,0,0,16368,7.2,1107,2894,22.4,1636.8
0,2,6,0,0,0,13465,6.2,-3179,-937,19.1,1346.5,6,2,6,1,0,16644,6.6,3179,937,22.6,1664.4
1,6,5,7,1,0,20310,7.4,5565,-28,23,2031,5,6,3,1,0,14745,6.2,-5565,28,16.9,1474.5
1,7,4,10,0,0,17527,7,1863,464,22.7,1752.7,4,7,6,1,0,15664,7,-1863,-464,23.1,1566.4
0,7,13,7,0,0,15061,6.2,-4179,-4531,18.3,1506.1,13,7,8,1,0,19240,7.2,4179,4531,23.6,1924
1,7,9,7,1,0,16765,7.2,-923,-229,21.3,1676.5,9,7,8,0,0,17688,7,923,229,21.4,1768.8
0,4,7,4,0,0,15018,6.6,-1910,-1781,20,1501.8,7,4,6,0,0,16928,7.2,1910,1781,22.7,1692.8
1,9,3,9,0,0,18205,7.4,4061,3186,22.5,1820.5,3,9,2,1,0,14144,6.6,-4061,-3186,18.7,1414.4
1,5,3,6,0,0,15284,6.6,-480,-607,18.7,1528.4,3,5,3,1,0,15764,6.6,480,607,23,1576.4
0,3,6,4,1,0,15026,6.4,-2243,-3667,20.2,1502.6,6,3,8,0,0,17269,7.6,2243,3667,22.9,1726.9
0,5,3,5,0,0,15827,6.8,443,-1437,21.2,1582.7,3,5,4,1,0,15384,7.2,-443,1437,23.2,1538.4
1,6,4,8,0,0,16463,7.2,354,816,22.1,1646.3,4,6,1,0,0,16109,7,-354,-816,22.5,1610.9
1,9,8,7,0,0,16908,6.8,-363,-191,19.6,1690.8,8,9,9,1,0,17271,6.8,363,191,18.7,1727.1
0,6,3,5,1,0,18017,7.2,2459,834,22.8,1801.7,3,6,3,1,0,15558,6.8,-2459,-834,22,1555.8
1,4,3,2,1,0,15257,6.8,-216,882,22.1,1525.7,3,4,3,0,0,15473,6.6,216,-882,24.4,1547.3
0,0,5,0,0,0,13643,7,-3585,-3405,21.7,1364.3,5,0,6,1,0,17228,7.4,3585,3405,26.6,1722.8
1,3,8,1,0,0,14418,6.4,-2778,-2174,20.6,1441.8,8,3,7,2,0,17196,7,2778,2174,20.5,1719.6
0,5,8,5,1,0,15999,7,-2450,-1839,24.1,1599.9,8,5,6,0,0,18449,7.2,2450,1839,25.5,1844.9
1,3,4,4,0,0,15031,6.8,-330,-142,20.2,1503.1,4,3,5,1,0,15361,6.6,330,142,21.5,1536.1
0,6,1,8,1,0,16129,7.2,2279,2842,21,1612.9,1,6,1,0,0,13850,6.4,-2279,-2842,20.5,1385
0,5,4,8,0,0,16059,7,-1694,-1,21.6,1605.9,4,5,5,2,0,17753,7.2,1694,1,23.1,1775.3
1,8,6,13,0,0,17731,7,709,1296,25.6,1773.1,6,8,5,0,0,17022,6.8,-709,-1296,22.9,1702.2
0,4,12,3,0,0,15202,6.6,14,-28,21.9,1520.2,12,4,11,1,0,16378,7,-14,28,25.3,1637.8
1,4,4,1,0,0,15786,7.2,987,1253,24.6,1578.6,4,4,4,1,0,14799,6.8,-987,-1253,20,1479.9
1,5,3,11,1,0,16003,7,145,-862,21.6,1600.3,3,5,4,0,0,15858,7,-145,862,24.6,1585.8
0,2,9,1,0,0,13867,6.2,-3975,-4232,20.6,1386.7,9,2,9,0,0,17842,7,3975,4232,23.7,1784.2
1,5,4,4,1,0,15792,7,683,246,22.8,1579.2,4,5,6,0,0,15109,6.6,-683,-246,21,1510.9
0,2,5,2,0,0,14415,6.8,-1674,-772,21.5,1441.5,5,2,6,1,0,16089,6.8,1674,772,24.6,1608.9
1,6,3,6,1,0,16665,7,1630,1924,23.6,1666.5,3,6,3,0,0,15035,6.8,-1630,-1924,23.5,1503.5
1,5,5,2,0,0,15775,6.6,-848,-4,24.9,1577.5,5,5,7,1,0,16623,6.6,848,4,22.5,1662.3
0,4,7,5,1,0,16418,6.8,217,72,23.7,1641.8,7,4,5,0,0,16201,6.6,-217,-72,21.6,1620.1
0,12,8,8,0,0,19525,7.6,3224,2800,24.2,1952.5,8,12,10,0,0,16301,7,-3224,-2800,18.1,1630.1
0,4,13,3,0,0,14349,6.6,14,-3705,15.9,1434.9,13,4,11,1,0,16378,7.6,-14,3705,26.3,1637.8
0,6,8,9,0,0,16480,6.6,-1726,63,22.6,1648,8,6,9,1,0,18206,6.8,1726,-63,22.9,1820.6
1,8,7,4,2,0,17683,7.6,1289,2602,23.7,1768.3,7,8,7,0,0,16394,6.6,-1289,-2602,20.8,1639.4
0,8,13,8,1,0,16797,6.8,-3201,-3067,20,1679.7,13,8,16,0,0,19998,7.6,3201,3067,23.2,1999.8
0,5,6,3,1,0,14616,6.6,-1313,-1476,18.3,1461.6,6,5,3,0,0,15929,7,1313,1476,21.7,1592.9
1,11,1,11,0,0,18622,7.2,5269,3577,24.5,1862.2,1,11,1,0,0,13353,6.6,-5269,-3577,18.9,1335.3
0,4,11,3,0,0,14689,6.6,-5354,-4248,19.5,1468.9,11,4,10,1,0,20043,7.6,5354,4248,24.4,2004.3
0,10,12,13,1,0,17842,6.8,-1949,-1074,19.4,1784.2,12,10,12,0,0,19791,7.2,1949,1074,22.8,1979.1
1,2,3,1,1,0,14756,7.2,-1318,132,23.7,1475.6,3,2,5,0,0,16074,6.8,1318,-132,26.6,1607.4
1,12,5,6,1,0,18494,6.8,3098,2685,21.2,1849.4,5,12,9,0,0,15396,6.2,-3098,-2685,18.8,1539.6
0,2,7,4,1,0,13870,6.4,-2809,-2023,20.2,1387,7,2,7,0,0,16679,6.8,2809,2023,22.1,1667.9
0,3,3,2,1,0,14409,6.4,-108,-914,21.2,1440.9,3,3,5,1,0,14517,7,108,914,20,1451.7
0,5,11,5,0,0,15543,6.8,-3318,-2979,19.7,1554.3,11,5,8,2,0,18861,7.6,3318,2979,22.8,1886.1
0,6,14,5,0,0,15740,6.4,-4093,-2844,17.7,1574,14,6,16,1,0,19833,7.2,4093,2844,20.8,1983.3
1,5,7,4,0,0,15691,6.8,-854,-1069,19,1569.1,7,5,5,2,0,16545,7,854,1069,22.7,1654.5
1,3,8,4,1,0,15314,7,-1891,-1211,20.7,1531.4,8,3,6,0,0,17205,7.2,1891,1211,22.6,1720.5
1,14,3,15,0,0,20030,7.2,5872,4455,20.5,2003,3,14,5,0,0,14158,7,-5872,-4455,17.1,1415.8
1,6,2,5,1,0,18121,7.4,3713,3023,25.7,1812.1,2,6,1,1,0,14408,6.6,-3713,-3023,24.1,1440.8
1,10,5,12,2,0,18625,7.2,3149,2125,22.3,1862.5,5,10,4,0,0,15476,6.8,-3149,-2125,22.7,1547.6
1,10,1,7,0,0,18152,7.2,4263,2953,23.3,1815.2,1,10,2,1,0,13889,6.6,-4263,-2953,20.4,1388.9
1,7,3,10,0,0,17350,7.2,2896,1979,23.3,1735,3,7,6,0,0,14454,6.4,-2896,-1979,19.9,1445.4
1,6,2,7,1,0,16363,7,2216,1311,21.8,1636.3,2,6,2,0,0,14147,6.6,-2216,-1311,21.1,1414.7
1,8,5,5,1,0,16104,6.8,530,227,17.5,1610.4,5,8,4,0,0,15574,6.8,-530,-227,22.7,1557.4
1,6,5,9,1,0,15401,6.6,-729,-889,19.5,1540.1,5,6,5,0,0,16130,6.6,729,889,19.1,1613
1,8,1,9,1,0,19331,7.4,5885,4652,25.4,1933.1,1,8,0,0,0,13446,6.4,-5885,-4652,16.9,1344.6
0,11,6,9,1,0,17537,7.2,2607,1862,19.6,1753.7,6,11,2,0,0,14930,7,-2607,-1862,18.3,1493
0,11,6,14,0,0,18379,7.2,1952,1542,20.3,1837.9,6,11,9,1,0,16427,6.8,-1952,-1542,19.6,1642.7
0,2,7,2,0,0,14857,6.4,-1726,-1890,21,1485.7,7,2,6,1,0,16583,7.2,1726,1890,20.3,1658.3
1,8,6,6,0,0,17520,7,996,116,22,1752,6,8,6,1,0,16524,6.8,-996,-116,22.1,1652.4
0,4,9,4,0,0,14837,6.6,-4715,-1691,20.9,1483.7,9,4,10,2,0,19552,7.4,4715,1691,23.9,1955.2
0,5,5,8,0,0,16930,7.2,928,-633,23.7,1693,5,5,3,1,0,16002,7.2,-928,633,24.1,1600.2
0,7,10,11,0,0,16332,6.8,-1514,-893,19.6,1633.2,10,7,9,1,0,17846,6.8,1514,893,21.1,1784.6
0,5,6,2,0,0,15807,7.2,-281,497,23.1,1580.7,6,5,5,0,0,16088,7,281,-497,23,1608.8
1,11,10,10,1,0,18720,7.2,-438,-669,22.2,1872,10,11,12,0,0,19158,7.2,438,669,18.6,1915.8
0,1,2,1,0,0,14215,6.6,-579,-379,22.8,1421.5,2,1,1,1,0,14794,6.8,579,379,23.3,1479.4
1,13,5,9,0,0,19124,7.2,3579,2679,24.4,1912.4,5,13,4,1,0,15545,7,-3579,-2679,19.1,1554.5
0,3,4,1,0,0,14352,6.8,-1241,-1045,22.2,1435.2,4,3,2,1,0,15593,6.8,1241,1045,23.2,1559.3
1,5,3,7,0,0,16784,7,727,-566,25.2,1678.4,3,5,2,0,0,16057,7.2,-727,566,22.1,1605.7
1,5,7,6,1,0,16328,6.8,-972,-1814,24.1,1632.8,7,5,8,0,0,17300,7.2,972,1814,23.3,1730
0,5,8,3,0,0,15318,7,-1086,646,20,1531.8,8,5,8,2,0,16404,6.8,1086,-646,19.4,1640.4
1,3,5,5,0,0,14896,6.8,-2200,-1933,20.7,1489.6,5,3,6,2,0,17096,7.4,2200,1933,23.5,1709.6
1,5,3,6,1,0,15667,7,481,-259,20.2,1566.7,3,5,1,0,0,15186,6.8,-481,259,21.9,1518.6
1,13,9,13,1,0,16398,7.4,4612,2877,22.7,1639.8,9,13,12,0,0,17296,7,-4612,-2877,19.5,1729.6
0,6,5,5,1,0,16372,6.8,1506,-265,23.4,1637.2,5,6,3,1,0,14866,6.8,-1506,265,20,1486.6
1,7,2,9,1,0,15993,6.4,2090,468,18.8,1599.3,2,7,2,0,0,13903,6.4,-2090,-468,20.9,1390.3
0,5,5,7,0,0,14469,6.2,-2579,-3819,21.8,1446.9,5,5,2,1,0,17048,7.2,2579,3819,24.4,1704.8
1,5,1,6,1,0,16956,7.2,1723,740,25.9,1695.6,1,5,1,1,0,15233,6.8,-1723,-740,26.2,1523.3
0,7,7,4,1,0,16699,7,559,55,21.2,1669.9,7,7,7,1,0,16140,7.2,-559,-55,19.4,1614
0,3,8,1,0,0,14868,6.6,-3346,-3153,23.7,1486.8,8,3,9,2,0,18214,7.2,3346,3153,22.9,1821.4
0,9,11,15,2,0,18281,7,785,812,21.8,1828.1,11,9,12,0,0,17496,7,-785,-812,18.4,1749.6
0,3,5,4,0,0,15144,7.4,-439,775,21.4,1514.4,5,3,6,2,0,15583,6.6,439,-775,24.1,1558.3
0,4,10,4,0,0,14135,6.4,-4416,-3186,18.2,1413.5,10,4,10,1,0,18551,7.4,4416,3186,23.1,1855.1
0,3,9,2,0,0,13808,6.2,-4523,-3729,16.9,1380.8,9,3,9,1,0,18331,7.2,4523,3729,21.9,1833.1
0,4,9,4,1,0,15137,6.6,-3447,-3324,20.6,1513.7,9,4,10,1,0,18584,7.2,3447,3324,26.2,1858.4
1,7,4,7,1,0,17247,7,2145,870,22.3,1724.7,4,7,5,0,0,15102,6.8,-2145,-870,23.1,1510.2
0,5,4,6,0,0,16485,7.2,577,1501,24.7,1648.5,4,5,5,1,0,15908,6.8,-577,-1501,23.6,1590.8
0,7,12,11,1,0,16867,6.8,-1883,-873,20.9,1686.7,12,7,13,1,0,18750,7,1883,873,22.6,1875
0,3,9,2,0,0,14272,7,-3608,-4288,19.4,1427.2,9,3,4,0,0,17880,7.2,3608,4288,25.9,1788
0,3,9,4,0,0,14282,6.6,-4690,-3429,18.2,1428.2,9,3,11,1,0,18972,7.4,4690,3429,23.5,1897.2
1,4,3,5,0,0,16352,6.8,1705,177,22,1635.2,3,4,2,1,0,14647,7,-1705,-177,20.2,1464.7
0,10,3,12,0,0,17862,7.4,2417,2101,24.2,1786.2,3,10,3,1,0,15445,7,-2417,-2101,20.3,1544.5
0,7,4,12,2,0,16431,6.8,617,866,20.4,1643.1,4,7,6,0,0,15814,6.6,-617,-866,23.6,1581.4
1,5,1,5,0,0,17114,7.4,2861,2287,25.3,1711.4,1,5,1,1,0,14253,6.8,-2861,-2287,24.8,1425.3
1,9,10,11,2,0,19003,6.6,503,-222,22.6,1900.3,10,9,14,0,0,18500,6.6,-503,222,20.9,1850
0,6,9,10,0,0,15451,6.4,-1679,-1569,18.8,1545.1,9,6,10,2,0,17130,7.2,1679,1569,18.8,1713
0,9,3,13,1,0,17941,7.2,2361,770,20.5,1794.1,3,9,3,0,0,15580,6.8,-2361,-770,24.9,1558
1,12,3,10,1,0,19537,7.8,4932,3923,24.6,1953.7,3,12,2,0,0,14605,6.6,-4932,-3923,21.2,1460.5
1,7,3,6,0,0,16863,6.6,1310,-95,23.2,1686.3,3,7,3,1,0,15553,6.8,-1310,95,22.7,1555.3
0,3,8,3,1,0,15315,6.8,-2314,-2460,21.3,1531.5,8,3,11,0,0,17629,7.2,2314,2460,23.7,1762.9
1,5,6,10,1,0,15853,7,-153,-962,20.4,1585.3,6,5,4,0,0,16006,6.8,153,962,24.1,1600.6
0,2,6,0,0,0,14072,6.6,-2186,-1093,20.7,1407.2,6,2,7,1,0,16258,7,2186,1093,21,1625.8
0,9,12,8,0,0,17030,6.8,-1567,1876,17.6,1703,12,9,15,0,0,18597,6.2,1567,-1876,17.1,1859.7
0,6,8,5,0,0,15617,6.8,-2139,-1844,19.4,1561.7,8,6,10,1,0,17756,7.4,2139,1844,20,1775.6
1,3,1,4,1,0,15634,6.6,487,-618,21.3,1563.4,1,3,0,1,0,15147,7,-487,618,24.2,1514.7
1,5,7,2,1,0,15493,6.8,-860,-121,21.1,1549.3,7,5,10,1,0,16353,7,860,121,20.2,1635.3
0,5,3,5,1,0,15959,7.2,786,1155,24.4,1595.9,3,5,5,0,0,15173,6.8,-786,-1155,23.8,1517.3
0,4,10,2,0,0,15945,7,-1757,-1856,22.9,1594.5,10,4,8,2,0,17702,7.2,1757,1856,20.9,1770.2
1,8,9,8,0,0,17389,7,-1067,-523,21.8,1738.9,9,8,9,1,0,18456,7.4,1067,523,23.4,1845.6
1,11,4,14,1,0,17961,7.2,3354,2760,20.5,1796.1,4,11,5,0,0,14607,6.8,-3354,-2760,20.6,1460.7
0,4,3,2,0,0,15744,7.6,419,1790,23.4,1574.4,3,4,0,1,0,15325,7.2,-419,-1790,26.3,1532.5
0,7,3,10,1,0,16657,7,1131,1518,23.1,1665.7,3,7,3,0,0,15526,6.6,-1131,-1518,23.3,1552.6
0,3,2,3,1,0,15951,7,1151,1753,24.7,1595.1,2,3,1,1,0,14800,6.8,-1151,-1753,23.6,1480
1,7,8,8,0,0,15956,6.8,-1206,-963,19.1,1595.6,8,7,7,1,0,17162,7,1206,963,24.3,1716.2
0,4,9,4,0,0,16184,6.8,-1620,-720,23.9,1618.4,9,4,8,0,0,17804,7.2,1620,720,21.8,1780.4
1,9,7,7,0,0,17518,7.2,731,1627,21.2,1751.8,7,9,4,1,0,16787,7,-731,-1627,19.2,1678.7
1,6,6,10,0,0,16992,6.8,1182,420,22.7,1699.2,6,6,8,0,0,15810,6.6,-1182,-420,20.3,1581
0,3,4,2,0,0,14317,6.8,-2155,-1351,22.4,1431.7,4,3,4,1,0,16472,7,2155,1351,23.9,1647.2
1,3,5,2,0,0,14935,7.2,-792,-9,22,1493.5,5,3,6,0,0,15727,7,792,9,22.1,1572.7
0,2,3,2,0,0,14736,6.4,-635,-1175,23.5,1473.6,3,2,4,0,0,15371,7.2,635,1175,23.5,1537.1
1,10,2,12,1,0,18444,7,3711,2294,22,1844.4,2,10,2,0,0,14733,6.4,-3711,-2294,23.4,1473.3
1,6,4,6,1,0,17089,7.2,2387,1690,23.2,1708.9,4,6,3,0,0,14702,6.6,-2387,-1690,19.1,1470.2
1,6,7,16,0,0,20036,7.2,4060,3619,17.8,2003.6,7,6,8,0,0,15976,6.4,-4060,-3619,19.2,1597.6
1,8,1,11,1,0,18976,7.2,4910,2573,25.9,1897.6,1,8,0,1,0,14066,6.6,-4910,-2573,22.4,1406.6
1,3,5,4,1,0,15257,6.6,-686,-634,23.7,1525.7,5,3,8,0,0,15943,6.8,686,634,20.8,1594.3
0,5,4,4,0,0,16510,7,1066,528,23.9,1651,4,5,3,0,0,15444,7,-1066,-528,23.1,1544.4
1,8,2,10,0,0,17754,7,3880,2784,23.9,1775.4,2,8,1,0,0,13874,6.4,-3880,-2784,20.4,1387.4
1,6,6,7,0,0,16339,7,297,1283,20.5,1633.9,6,6,7,0,0,16042,6.4,-297,-1283,22.5,1604.2
1,7,9,7,0,0,17309,6.8,334,-302,23.1,1730.9,9,7,12,1,0,16975,7,-334,302,19.1,1697.5
1,6,5,3,1,0,15712,6.8,267,745,21.6,1571.2,5,6,7,0,0,15445,6.8,-267,-745,20.3,1544.5
0,7,4,10,1,0,16008,7.2,178,1499,21,1600.8,4,7,5,0,0,15830,6.6,-178,-1499,22.7,1583
1,1,2,2,0,0,13772,6.6,-845,-571,23.1,1377.2,2,1,4,1,0,14617,7,845,571,19.7,1461.7
0,3,8,3,0,0,14301,6.6,-2482,-1576,17.3,1430.1,8,3,6,1,0,16783,7,2482,1576,23,1678.3
0,7,9,9,1,0,16682,7,-1370,-1269,18,1668.2,9,7,14,1,0,18052,7.4,1370,1269,22.1,1805.2
1,3,7,3,1,0,14849,6.8,-3736,-2032,22.1,1484.9,7,3,6,1,0,18585,7.6,3736,2032,23.2,1858.5
0,9,6,8,0,0,17807,7.4,1233,336,22.9,1780.7,6,9,5,2,0,16574,7.4,-1233,-336,19.7,1657.4
1,11,3,11,2,0,18866,7.6,3650,3906,21.4,1886.6,3,11,4,0,0,15216,6.8,-3650,-3906,21.9,1521.6
0,9,6,6,1,0,17828,6.8,1767,709,21.8,1782.8,6,9,7,0,0,16061,6.8,-1767,-709,20.2,1606.1
1,7,5,7,1,0,16470,7,632,-1247,21.6,1647,5,7,2,0,0,15838,7,-632,1247,23,1583.8
0,8,7,4,0,0,16865,7.4,147,1133,21.2,1686.5,7,8,3,1,0,16718,7,-147,-1133,20.9,1671.8
0,5,8,4,0,0,15353,7,-2332,-2671,18.9,1535.3,8,5,5,0,0,17685,7.6,2332,2671,21.7,1768.5
0,2,6,1,0,0,14247,6.8,-1179,-557,21.6,1424.7,6,2,3,0,0,15426,6.8,1179,557,19.4,1542.6
1,12,7,13,0,0,18278,6.8,2352,707,19.1,1827.8,7,12,9,0,0,15926,6.6,-2352,-707,18.9,1592.6
0,6,7,8,0,0,16068,7.2,-932,-517,20.9,1606.8,7,6,4,2,0,17000,7.2,932,517,24,1700
1,4,2,3,1,0,15966,6.8,1361,1064,23.1,1596.6,2,4,1,0,0,14605,6.6,-1361,-1064,20.8,1460.5
1,10,10,12,0,0,17860,7,-268,407,18.2,1786,10,10,16,0,0,18128,6.8,268,-407,19.9,1812.8
0,9,6,14,0,0,17517,7.2,124,-1526,22.8,1751.7,6,9,7,2,0,17393,7.4,-124,1526,23.5,1739.3
0,5,6,4,0,0,15815,6.8,-721,-1118,22.4,1581.5,6,5,7,1,0,16536,7,721,1118,24.1,1653.6
0,7,6,4,1,0,16519,7,-1464,331,20.3,1651.9,6,7,4,0,0,17983,7,1464,-331,24,1798.3
1,7,5,11,1,0,16977,7,1753,847,20.1,1697.7,5,7,9,1,0,15224,6.6,-1753,-847,18.6,1522.4
0,3,12,2,0,0,14769,6.4,-4374,-2570,20.5,1476.9,12,3,13,0,0,19143,7,4374,2570,20.9,1914.3
0,7,9,5,0,0,17221,6.8,194,1206,22.9,1722.1,9,7,8,1,0,17027,6.8,-194,-1206,21.3,1702.7
1,10,10,12,0,0,18152,7,-973,-2396,19.6,1815.2,10,10,10,0,0,19125,7.4,973,2396,23.8,1912.5
1,9,6,10,0,0,17118,7.2,1550,3286,22.4,1711.8,6,9,8,1,0,15568,6.8,-1550,-3286,18.2,1556.8
1,8,4,9,1,0,16923,6.8,2504,2824,19.5,1692.3,4,8,3,0,0,14419,6.4,-2504,-2824,19.9,1441.9
0,8,8,8,0,0,17698,7.2,-373,-1526,21.8,1769.8,8,8,5,1,0,18071,7.4,373,1526,23.3,1807.1
0,2,9,2,0,0,13889,6.4,-4479,-2696,20,1388.9,9,2,12,0,0,18368,7,4479,2696,23.9,1836.8
0,2,9,1,0,0,15218,6.8,-2789,-1511,22.7,1521.8,9,2,7,1,0,18007,7,2789,1511,24.8,1800.7
0,4,3,3,1,0,15876,7,525,294,22.8,1587.6,3,4,2,0,0,15351,6.8,-525,-294,22.7,1535.1
0,2,8,1,1,0,14476,6.6,-4094,-3320,20.1,1447.6,8,2,8,0,0,18570,7.2,4094,3320,25.2,1857
1,10,3,5,1,0,18730,7.4,5229,-28,23.2,1873,3,10,0,1,0,13501,6.4,-5229,28,18.1,1350.1
0,4,4,4,0,0,14788,6.6,-516,-113,21.2,1478.8,4,4,5,1,0,15304,6.6,516,113,21.2,1530.4
1,7,8,10,1,0,17257,6.8,-429,-698,18.9,1725.7,8,7,9,1,0,17686,7,429,698,22.3,1768.6
0,4,5,1,1,0,16755,6.8,695,1686,26.3,1675.5,5,4,4,0,0,16060,6.6,-695,-1686,22.5,1606
0,6,5,5,0,0,17160,7.4,750,1304,24,1716,5,6,9,0,0,16410,6.8,-750,-1304,23,1641
1,9,7,11,1,0,17949,6.6,1076,-845,23.4,1794.9,7,9,6,0,0,16873,7.2,-1076,845,21.4,1687.3
0,4,12,2,0,0,15585,6.8,-3559,-1319,22.4,1558.5,12,4,11,0,0,19144,7.2,3559,1319,21.6,1914.4
1,9,4,12,1,0,18055,6.8,3332,2911,21.2,1805.5,4,9,8,0,0,14723,6.2,-3332,-2911,18.6,1472.3
0,7,5,7,0,0,17406,7,1104,183,24,1740.6,5,7,8,1,0,16302,7.2,-1104,-183,20.7,1630.2
0,9,12,16,0,0,18633,6.8,-1428,-433,24.6,1863.3,12,9,10,2,0,20061,7.2,1428,433,22.3,2006.1
1,8,6,8,0,0,17564,7.2,1156,916,23.2,1756.4,6,8,5,0,0,16408,7,-1156,-916,21.1,1640.8
0,9,7,8,0,0,17944,7.2,1319,41,25.5,1794.4,7,9,4,1,0,16625,7,-1319,-41,23.4,1662.5
0,5,7,6,0,0,15888,7,-1157,-51,23.9,1588.8,7,5,7,1,0,17045,7,1157,51,21.6,1704.5
0,8,10,9,1,0,16650,7,-1968,-469,19.9,1665,10,8,11,0,0,18618,7.2,1968,469,22.4,1861.8
0,10,9,15,0,0,17892,7,479,52,19,1789.2,9,10,6,0,0,17413,7,-479,-52,22.1,1741.3
1,3,5,3,0,0,15708,6.8,-564,-1862,22.6,1570.8,5,3,5,1,0,16272,7.2,564,1862,24.3,1627.2
1,13,6,14,0,0,19324,7,3110,1541,22.6,1932.4,6,13,8,1,0,16214,7,-3110,-1541,20.6,1621.4
0,7,10,10,0,0,16425,6.8,-964,-1439,20.7,1642.5,10,7,7,0,0,17389,7,964,1439,18.9,1738.9
0,5,5,3,1,0,16993,7,1140,-531,24.1,1699.3,5,5,5,1,0,15853,7,-1140,531,23.1,1585.3
0,2,6,3,0,0,14752,6.8,-2181,-1293,22.8,1475.2,6,2,8,1,0,16933,7.2,2181,1293,25.2,1693.3
0,2,10,1,0,0,14675,6.8,-3911,-2728,20.7,1467.5,10,2,10,2,0,18586,7.4,3911,2728,25.4,1858.6
1,6,3,10,0,0,16907,6.8,1697,125,16.5,1690.7,3,6,1,1,0,15210,6.8,-1697,-125,24.2,1521
0,2,11,3,0,0,14384,7,-6124,-4043,23.7,1438.4,11,2,8,1,0,16378,7.6,6124,4043,25.2,1637.8
0,3,8,3,0,0,16060,7.2,-1603,-1134,21.3,1606,8,3,11,1,0,17663,7.2,1603,1134,22.7,1766.3
0,3,4,3,0,0,15484,7,-930,185,23.2,1548.4,4,3,3,1,0,16414,7,930,-185,24.9,1641.4
0,4,10,10,0,0,15064,6.2,-5181,-28,21.8,1506.4,10,4,9,2,0,20245,7.4,5181,28,24,2024.5
1,8,5,8,0,0,18775,7,2666,400,23,1877.5,5,8,4,1,0,16109,6.8,-2666,-400,21.5,1610.9
1,5,2,5,2,0,17665,7.4,4520,-28,25.8,1766.5,2,5,0,0,0,13145,7,-4520,28,21,1314.5
1,7,3,10,0,0,17379,7.6,1524,2071,26.5,1737.9,3,7,7,1,0,15855,7,-1524,-2071,26.8,1585.5
0,4,8,2,1,0,16266,6.6,-622,-1278,22.4,1626.6,8,4,13,1,0,16888,7.2,622,1278,23.1,1688.8
0,6,7,8,0,0,16260,6.8,-2025,-1774,19.7,1626,7,6,11,1,0,18285,7,2025,1774,19.3,1828.5
0,2,7,3,0,0,14313,6.4,-2276,-2192,21.2,1431.3,7,2,7,1,0,16589,6.8,2276,2192,21.7,1658.9
1,2,2,3,0,0,15397,6.8,908,-79,24.7,1539.7,2,2,1,2,0,14489,6.8,-908,79,22.1,1448.9
1,7,4,9,0,0,16275,6.8,1606,615,22.4,1627.5,4,7,4,0,0,14669,6.4,-1606,-615,20.8,1466.9
0,8,9,9,0,0,18026,7,726,-455,19.8,1802.6,9,8,12,0,0,17300,7,-726,455,18.6,1730
0,1,8,0,0,0,13415,6.4,-5048,-4231,21.5,1341.5,8,1,8,1,0,18463,7.6,5048,4231,26.4,1846.3
0,7,7,7,1,0,16635,7,544,758,21.5,1663.5,7,7,10,0,0,16091,6.6,-544,-758,19.4,1609.1
0,1,3,2,0,0,14114,6.8,-1313,-6,22.9,1411.4,3,1,5,2,0,15427,6.8,1313,6,25,1542.7
0,5,6,2,2,0,15975,6.6,-33,-559,22.2,1597.5,6,5,7,0,0,16008,7,33,559,21.4,1600.8
0,4,11,5,0,0,14606,6.4,-4405,-3304,17.3,1460.6,11,4,16,1,0,19011,7.2,4405,3304,19.3,1901.1
1,10,5,13,1,0,19134,7.6,3440,2199,22.7,1913.4,5,10,4,0,0,15694,6.8,-3440,-2199,20.9,1569.4
0,3,3,3,0,0,15209,7,-325,9,20.1,1520.9,3,3,6,0,0,15534,7,325,-9,24.6,1553.4
1,6,7,9,1,0,16512,7.4,-1314,-1027,20.7,1651.2,7,6,10,1,0,17826,7.2,1314,1027,24.6,1782.6
0,4,9,6,1,0,15707,6.6,-1724,-1515,22.5,1570.7,9,4,12,1,0,17431,7,1724,1515,20.2,1743.1
1,10,3,9,1,0,17886,7.4,3854,2986,22.4,1788.6,3,10,2,0,0,14032,6.6,-3854,-2986,19.3,1403.2
1,4,4,3,1,0,15620,7,234,-318,22.5,1562,4,4,4,0,0,15386,7,-234,318,22.7,1538.6
0,5,6,5,1,0,16275,7,-4202,-3846,19.9,1627.5,6,5,9,0,0,16378,7.8,4202,3846,24.8,1637.8
1,9,9,10,1,0,17308,6.8,832,-504,20.9,1730.8,9,9,6,1,0,16476,6.6,-832,504,18.3,1647.6
0,2,3,1,0,0,13875,6.4,-1207,-1542,21.2,1387.5,3,2,3,0,0,15082,7,1207,1542,22.7,1508.2
1,12,7,6,1,0,16398,7,4453,1296,24.7,1639.8,7,12,13,0,0,16268,7,-4453,-1296,20.6,1626.8
1,8,4,9,1,0,16955,6.8,1306,1039,19.1,1695.5,4,8,2,0,0,15649,6.6,-1306,-1039,20,1564.9
0,6,9,8,0,0,16099,6.8,-1063,-1027,20,1609.9,9,6,7,1,0,17162,7.2,1063,1027,21.5,1716.2
1,13,4,13,1,0,19569,7.2,5148,2308,20.3,1956.9,4,13,2,1,0,14421,6.8,-5148,-2308,17.9,1442.1
1,6,7,6,1,0,16398,7.2,4217,1384,23.3,1639.8,7,6,8,0,0,16715,7,-4217,-1384,18.8,1671.5
1,6,7,6,2,0,16398,7.2,5372,4626,22,1639.8,7,6,8,0,0,15611,6.4,-5372,-4626,21.8,1561.1
0,4,6,6,0,0,15871,6.8,-752,-1764,22.4,1587.1,6,4,4,2,0,16623,7,752,1764,22.8,1662.3
1,10,7,11,0,0,17938,6.8,2161,1731,21.9,1793.8,7,10,6,1,0,15777,6.2,-2161,-1731,19.5,1577.7
1,8,0,7,2,0,16398,7,14,-28,21.8,1639.8,0,8,0,0,0,12924,6.4,-14,28,20.1,1292.4
1,11,6,8,1,0,18045,7.4,2647,3204,22.7,1804.5,6,11,10,0,0,15398,6.6,-2647,-3204,20.3,1539.8
1,7,4,7,2,0,16985,7,986,1194,24.1,1698.5,4,7,5,0,0,15999,7,-986,-1194,26.7,1599.9
1,3,6,2,1,0,14106,6.2,-2393,-1004,20,1410.6,6,3,6,1,0,16499,6.4,2393,1004,18.6,1649.9
0,3,3,3,1,0,15474,6.8,-347,-1134,20.3,1547.4,3,3,5,0,0,15821,7.2,347,1134,22.4,1582.1
1,6,4,6,1,0,16434,7,-435,574,23.5,1643.4,4,6,8,1,0,16869,6.8,435,-574,27,1686.9
0,4,8,3,2,0,14885,6.8,-4790,-2126,19.2,1488.5,8,4,5,0,0,19675,7.4,4790,2126,23.2,1967.5
1,11,2,9,1,0,19527,7.6,5525,3467,23.7,1952.7,2,11,1,0,0,14002,6.8,-5525,-3467,21.1,1400.2
0,6,7,6,0,0,16685,6.6,17,-1180,22.3,1668.5,7,6,4,1,0,16668,7,-17,1180,17.5,1666.8
0,14,11,16,1,0,19868,7,2782,4548,20.1,1986.8,11,14,6,1,0,17086,6.4,-2782,-4548,21.8,1708.6
0,9,7,10,0,0,16017,6.8,-58,13,18.2,1601.7,7,9,3,1,0,16075,6.8,58,-13,22.8,1607.5
0,0,5,0,0,0,13557,6.6,-2637,-1878,21.3,1355.7,5,0,8,1,0,16194,6.8,2637,1878,24.8,1619.4
1,6,2,8,1,0,17779,7.6,3206,2261,26.8,1777.9,2,6,2,0,0,14573,7,-3206,-2261,22.5,1457.3
1,14,2,6,1,0,19133,7.2,4531,2978,20,1913.3,2,14,3,0,0,14602,6.6,-4531,-2978,21.1,1460.2
0,3,3,3,1,0,14304,7,-2083,-2549,19.9,1430.4,3,3,5,0,0,16387,6.8,2083,2549,23.6,1638.7
1,1,3,0,0,0,14339,6.8,-1327,-825,23.4,1433.9,3,1,5,1,0,15666,7.2,1327,825,24.1,1566.6
1,9,9,12,1,0,17101,6.8,359,-1714,19.4,1710.1,9,9,7,0,0,16742,7,-359,1714,19.7,1674.2
1,3,5,4,1,0,14731,6.6,-2272,-2782,22.3,1473.1,5,3,7,1,0,17003,7.2,2272,2782,22,1700.3
1,8,10,10,1,0,17766,7.2,-680,-703,22.9,1776.6,10,8,12,0,0,18446,7,680,703,24.3,1844.6
0,7,5,7,1,0,16747,7,482,-670,20.2,1674.7,5,7,2,0,0,16265,7.2,-482,670,22.5,1626.5
0,7,12,5,2,0,16074,6.8,-3268,-4457,18.5,1607.4,12,7,10,0,0,19342,7.6,3268,4457,20.6,1934.2
1,7,5,7,1,0,17488,7.2,1902,967,22,1748.8,5,7,6,0,0,15586,7,-1902,-967,19.3,1558.6
0,0,6,0,0,0,12698,6.2,-3784,-4019,19.5,1269.8,6,0,11,1,0,16482,7.4,3784,4019,22.2,1648.2
1,10,3,10,0,0,17264,7.4,2474,2494,23,1726.4,3,10,2,0,0,14790,6.8,-2474,-2494,23,1479
0,2,11,5,0,0,14516,6.6,-3678,-3234,21.8,1451.6,11,2,12,1,0,18194,7.6,3678,3234,24.6,1819.4
0,8,2,11,0,0,17666,7.4,2537,1833,24.1,1766.6,2,8,2,1,0,15129,7,-2537,-1833,23.4,1512.9
1,6,4,8,1,0,16521,7,1490,1461,20.3,1652.1,4,6,6,0,0,15031,6.4,-1490,-1461,21.6,1503.1
0,5,9,5,1,0,15880,6.8,-3840,-2835,19.9,1588,9,5,11,1,0,19720,7.6,3840,2835,23.9,1972
1,9,3,12,1,0,17020,6.8,1377,-673,18.5,1702,3,9,2,0,0,15643,7,-1377,673,23.2,1564.3
1,7,2,9,1,0,18021,7.2,4957,4440,24.6,1802.1,2,7,2,0,0,13064,6.4,-4957,-4440,18.2,1306.4
0,5,7,8,0,0,16334,7,-1337,-1106,24.5,1633.4,7,5,9,2,0,17671,7.2,1337,1106,24.5,1767.1
1,2,6,1,0,0,13979,6.6,-2871,-2427,20.3,1397.9,6,2,4,1,0,16850,7.4,2871,2427,24.3,1685
0,3,3,3,0,0,15006,7,-1271,-366,23,1500.6,3,3,3,0,0,16277,7.2,1271,366,26.4,1627.7
1,2,5,5,0,0,15696,7.2,-1163,-19,24.3,1569.6,5,2,7,1,0,16859,7.2,1163,19,24.6,1685.9
0,7,9,7,0,0,15946,6.8,-833,-932,17,1594.6,9,7,10,1,0,16779,7,833,932,23,1677.9
0,3,10,3,0,0,15548,6.8,-2686,-2037,21.5,1554.8,10,3,15,1,0,18234,7.4,2686,2037,21.2,1823.4
1,4,1,5,1,0,15942,7.2,486,865,23.2,1594.2,1,4,2,0,0,15456,7,-486,-865,24.2,1545.6
1,4,2,1,0,0,15727,7.4,1441,473,26.4,1572.7,2,4,0,0,0,14286,7,-1441,-473,21.1,1428.6
0,7,5,10,0,0,16772,6.4,192,-1496,22.8,1677.2,5,7,5,2,0,16580,6.8,-192,1496,23.4,1658
0,7,1,6,1,0,17820,7.6,3462,2960,23.4,1782,1,7,1,1,0,14358,6.8,-3462,-2960,20.5,1435.8
0,5,8,6,0,0,16440,6.8,-892,-255,23.8,1644,8,5,14,1,0,17332,7,892,255,20.6,1733.2
1,10,6,15,2,0,19890,6.8,3290,1398,21.4,1989,6,10,7,0,0,16600,6.6,-3290,-1398,21.4,1660
1,5,4,4,0,0,15936,7,254,140,23.4,1593.6,4,5,2,1,0,15682,7,-254,-140,20.5,1568.2
0,6,8,8,0,0,16065,7,-1823,-2149,19.3,1606.5,8,6,7,1,0,17888,7.4,1823,2149,23.4,1788.8
1,3,2,3,1,0,16385,6.6,962,-1646,21.5,1638.5,2,3,3,1,0,15423,7,-962,1646,26.1,1542.3
0,3,7,4,1,0,15315,6.8,-2478,-2136,21,1531.5,7,3,7,0,0,17793,7.2,2478,2136,23.1,1779.3
1,3,5,3,0,0,15610,7.2,-99,727,24.6,1561,5,3,7,0,0,15709,6.8,99,-727,23.4,1570.9
1,3,8,3,0,0,14650,6.8,-2003,-1611,19.2,1465,8,3,11,0,0,16653,7,2003,1611,19.5,1665.3
0,4,4,4,1,0,16209,7,316,-597,25.4,1620.9,4,4,4,1,0,15893,7,-316,597,23.7,1589.3
0,7,6,6,0,0,16254,6.8,-908,-1806,20,1625.4,6,7,8,0,0,17162,7.2,908,1806,22.7,1716.2
0,5,11,7,0,0,15881,6.8,-1943,-1582,21.4,1588.1,11,5,7,1,0,17824,7.2,1943,1582,21.6,1782.4
1,8,11,11,0,0,17554,6.6,-1548,-1988,22.7,1755.4,11,8,13,2,0,19102,7,1548,1988,22.5,1910.2
0,2,7,2,0,0,14329,6.6,-1966,-3591,21.1,1432.9,7,2,1,1,0,16295,7.2,1966,3591,21.7,1629.5
1,5,4,4,1,0,15712,6.8,-169,282,22.1,1571.2,4,5,4,0,0,15881,6.8,169,-282,23.5,1588.1
0,4,11,9,0,0,16121,6.6,-1587,-1578,16.9,1612.1,11,4,12,1,0,17708,6.8,1587,1578,22.1,1770.8
0,1,2,1,1,0,14471,6.8,-355,-400,24.1,1447.1,2,1,2,0,0,14826,7.2,355,400,23.2,1482.6
1,5,4,5,0,0,14797,6.6,-1576,-1720,19.5,1479.7,4,5,2,1,0,16373,6.8,1576,1720,25.9,1637.3
0,5,3,9,0,0,15692,6.4,482,-2053,20.6,1569.2,3,5,2,1,0,15210,7.2,-482,2053,23.5,1521
1,8,7,7,1,0,18271,7.4,938,181,22.3,1827.1,7,8,6,1,0,17333,7.2,-938,-181,20.4,1733.3
0,1,4,0,0,0,14928,7,-360,331,22.9,1492.8,4,1,2,1,0,15288,7,360,-331,21.3,1528.8
1,6,8,13,0,0,15835,6.8,-1973,-1497,21.7,1583.5,8,6,8,0,0,17808,7.2,1973,1497,23.6,1780.8
1,10,4,10,1,0,19598,7,4864,1938,24.2,1959.8,4,10,5,0,0,14734,6.8,-4864,-1938,20.4,1473.4
1,7,2,9,1,0,16664,7.2,2543,965,24.4,1666.4,2,7,0,0,0,14121,7,-2543,-965,20.4,1412.1
1,6,10,6,1,0,15826,7,-2296,-1677,19.6,1582.6,10,6,9,1,0,18122,6.8,2296,1677,24.3,1812.2
0,6,4,7,0,0,16517,7,954,570,21.6,1651.7,4,6,5,1,0,15563,6.6,-954,-570,21.6,1556.3
0,5,4,5,1,0,16888,7.2,1063,-391,22.5,1688.8,4,5,2,1,0,15825,7,-1063,391,23.1,1582.5
1,13,3,6,1,0,16398,7.2,14,-28,22.5,1639.8,3,13,3,0,0,14468,6.2,-14,28,16.9,1446.8
1,8,3,7,1,0,17828,7.2,3642,3850,24.2,1782.8,3,8,3,0,0,14186,6.2,-3642,-3850,17.9,1418.6
1,6,7,11,0,0,16535,6.8,-847,11,19.9,1653.5,7,6,10,1,0,17382,6.8,847,-11,22.7,1738.2
1,4,5,4,0,0,16194,6.8,376,-194,23.8,1619.4,5,4,10,2,0,15818,7,-376,194,21.5,1581.8
0,5,6,2,2,0,15304,6.6,-1469,116,19.5,1530.4,6,5,8,0,0,16773,6.8,1469,-116,23.8,1677.3
0,2,0,4,1,0,14931,6.6,1295,-80,21.5,1493.1,0,2,0,1,0,13636,7,-1295,80,23,1363.6
0,5,7,7,0,0,15175,6.4,-1243,-1229,17,1517.5,7,5,6,1,0,16418,6.8,1243,1229,21.9,1641.8
1,4,11,4,1,0,15089,7.2,-3426,-2754,21.9,1508.9,11,4,15,0,0,18515,7.6,3426,2754,22.7,1851.5
1,11,5,12,0,0,19057,7,2455,1940,23.6,1905.7,5,11,10,0,0,16602,6.8,-2455,-1940,22.6,1660.2
1,7,2,10,0,0,17198,7.4,1926,2119,23.3,1719.8,2,7,2,0,0,15272,6.8,-1926,-2119,21.9,1527.2
0,2,7,4,1,0,14206,7,-2865,-1866,21,1420.6,7,2,7,0,0,17071,7.2,2865,1866,24.8,1707.1
0,6,7,9,1,0,15303,6.6,-1154,-1629,20.9,1530.3,7,6,8,0,0,16457,7,1154,1629,20.7,1645.7
1,7,8,6,0,0,15257,6.4,-1860,-720,19.1,1525.7,8,7,9,1,0,17117,6.6,1860,720,21.1,1711.7
1,8,5,9,1,0,17643,6.6,2331,25,22.6,1764.3,5,8,4,0,0,15312,6.8,-2331,-25,19.3,1531.2
1,1,1,2,0,0,14649,7,-444,-877,22.9,1464.9,1,1,1,1,0,15093,7,444,877,24.7,1509.3
0,5,9,3,1,0,15101,6.4,-3014,-357,18.7,1510.1,9,5,13,0,0,18115,6.6,3014,357,25.2,1811.5
1,8,2,8,0,0,18288,7.2,4377,1719,22.3,1828.8,2,8,0,0,0,13911,6.8,-4377,-1719,22,1391.1
1,6,1,9,0,0,17357,7.4,2030,1411,23.6,1735.7,1,6,2,0,0,15327,7,-2030,-1411,25.2,1532.7
1,4,3,3,0,0,16101,7.4,884,1028,26.6,1610.1,3,4,3,1,0,15217,7,-884,-1028,23.6,1521.7
0,6,11,5,0,0,16864,7,-1406,-1006,21.9,1686.4,11,6,12,0,0,18270,7.2,1406,1006,19.5,1827
0,5,9,3,0,0,14470,6.6,-4259,-4262,17.5,1447,9,5,9,1,0,18729,7.4,4259,4262,24.6,1872.9
1,6,2,8,1,0,18027,7.2,3909,1938,25.2,1802.7,2,6,1,0,0,14118,6.6,-3909,-1938,21.9,1411.8
1,9,7,12,1,0,18920,7.4,2339,625,23.8,1892,7,9,5,0,0,16581,7,-2339,-625,22,1658.1
0,3,6,5,1,0,15521,6.6,-1187,-714,20.2,1552.1,6,3,6,1,0,16708,7,1187,714,21.9,1670.8
1,6,8,10,0,0,15579,6.8,-1314,-566,19.8,1557.9,8,6,8,1,0,16893,6.8,1314,566,21.5,1689.3
1,10,8,8,0,0,18602,7.4,123,1313,20,1860.2,8,10,6,1,0,18479,7.2,-123,-1313,22.6,1847.9
0,6,10,9,0,0,15325,6.6,-2964,-2587,19.2,1532.5,10,6,12,2,0,18289,7.2,2964,2587,20.8,1828.9
0,4,13,3,0,0,15161,6.6,14,-2815,19.6,1516.1,13,4,13,0,0,16378,7.2,-14,2815,23.7,1637.8
0,8,3,10,0,0,17818,7.2,2534,1730,23.8,1781.8,3,8,2,0,0,15284,7,-2534,-1730,22.3,1528.4
0,3,13,2,0,0,14066,6.4,14,-4723,17.8,1406.6,13,3,12,1,0,16378,7.6,-14,4723,24.6,1637.8
0,5,12,3,0,0,16143,6.6,-3283,-582,21.2,1614.3,12,5,8,0,0,19426,6.8,3283,582,19.4,1942.6
0,4,11,3,0,0,15431,7,-3460,-2389,21.4,1543.1,11,4,10,1,0,18891,7.6,3460,2389,23.3,1889.1
0,8,7,5,1,0,16815,7,10,223,20.7,1681.5,7,8,8,0,0,16805,6.8,-10,-223,24.1,1680.5
1,7,3,5,1,0,17060,7.2,2207,2836,24.2,1706,3,7,3,1,0,14853,6.6,-2207,-2836,21.9,1485.3
0,4,10,3,0,0,15341,6.8,-2310,-1604,20.4,1534.1,10,4,11,1,0,17651,7.2,2310,1604,22,1765.1
0,7,4,9,2,0,17012,7.2,1456,1433,23,1701.2,4,7,4,0,0,15556,7,-1456,-1433,22,1555.6
1,6,7,4,1,0,17805,7,1446,-1351,21.8,1780.5,7,6,9,1,0,16359,7,-1446,1351,21.2,1635.9
0,6,12,2,0,0,16425,6.8,-4561,-1835,20.5,1642.5,12,6,16,1,0,16378,7.6,4561,1835,27.1,1637.8
0,12,10,12,1,0,17804,6.6,-612,-1019,16.8,1780.4,10,12,13,0,0,18416,6.6,612,1019,17.1,1841.6
0,2,5,1,0,0,14449,6.4,-1979,-338,22,1444.9,5,2,8,1,0,16428,6.8,1979,338,18.6,1642.8
1,10,6,15,0,0,17687,7,1484,-24,20.3,1768.7,6,10,8,0,0,16203,7.2,-1484,24,21.6,1620.3
0,9,4,8,0,0,18471,7.4,3252,2304,22.5,1847.1,4,9,3,1,0,15219,6.8,-3252,-2304,20.1,1521.9
1,5,8,5,1,0,16245,7,-1051,753,20.6,1624.5,8,5,11,0,0,17296,6.8,1051,-753,20.6,1729.6
1,6,9,2,1,0,15054,6.4,-2018,-1345,20.9,1505.4,9,6,14,0,0,17072,7.2,2018,1345,16.9,1707.2
1,9,8,10,0,0,17216,6.6,1462,1290,20.7,1721.6,8,9,9,0,0,15754,6.4,-1462,-1290,16.5,1575.4
1,4,12,2,0,0,14997,6.8,-3401,-2179,21.8,1499.7,12,4,15,2,0,18398,7.4,3401,2179,21.9,1839.8
1,2,6,1,0,0,14804,7,-1645,-1076,23.9,1480.4,6,2,7,1,0,16449,6.8,1645,1076,24.5,1644.9
0,4,3,3,1,0,15645,7.2,929,1095,22.7,1564.5,3,4,2,1,0,14716,6.6,-929,-1095,20.5,1471.6
0,3,9,3,0,0,15365,6.8,-2450,-1150,22.1,1536.5,9,3,12,0,0,17815,7.2,2450,1150,23.3,1781.5
0,8,10,11,0,0,17524,6.8,-293,-1855,20.9,1752.4,10,8,11,1,0,17817,7.2,293,1855,21.1,1781.7
1,10,1,9,0,0,18324,7.4,4545,3714,19.9,1832.4,1,10,1,0,0,13779,6.2,-4545,-3714,19.5,1377.9
1,7,6,9,2,0,17140,6.8,597,875,22.1,1714,6,7,7,0,0,16543,6.8,-597,-875,22.6,1654.3
1,9,7,9,0,0,17756,7,1975,969,21.1,1775.6,7,9,4,0,0,15781,6.6,-1975,-969,21,1578.1
0,14,8,12,1,0,19094,7.2,1693,1287,19.6,1909.4,8,14,6,0,0,17401,6.8,-1693,-1287,21.4,1740.1
0,5,5,5,1,0,15963,7.2,-985,-93,21.8,1596.3,5,5,5,1,0,16948,7.2,985,93,26.2,1694.8
1,14,5,10,2,0,16398,7.4,14,-28,23.1,1639.8,5,14,3,0,0,13839,7,-14,28,21.8,1383.9
1,10,8,10,0,0,17692,7.2,1018,1319,20.3,1769.2,8,10,10,1,0,16674,6.8,-1018,-1319,20.1,1667.4
0,4,7,4,1,0,14562,6.2,-1857,-1976,20.6,1456.2,7,4,6,0,0,16419,7,1857,1976,21.4,1641.9
0,5,13,5,0,0,15881,6.6,-3438,-2574,21.5,1588.1,13,5,9,1,0,19319,7.2,3438,2574,22.2,1931.9
0,9,8,9,0,0,17649,7,1579,578,20.7,1764.9,8,9,8,0,0,16070,6.8,-1579,-578,20.9,1607
0,1,5,1,1,0,14358,6.6,-3071,-2267,20.3,1435.8,5,1,2,1,0,17429,7,3071,2267,24.2,1742.9
0,8,6,10,0,0,17828,7,1042,-31,22.9,1782.8,6,8,3,0,0,16786,7,-1042,31,23.1,1678.6
1,9,4,10,0,0,17495,7.4,1871,2897,17.8,1749.5,4,9,3,0,0,15624,6.6,-1871,-2897,22.7,1562.4
0,3,4,2,0,0,15519,7,-546,1078,25.6,1551.9,4,3,6,1,0,16065,6.8,546,-1078,22.7,1606.5
0,3,3,3,0,0,15365,6.8,-528,-1130,25,1536.5,3,3,4,1,0,15893,7,528,1130,25.9,1589.3
0,6,8,9,0,0,15582,6.6,-1780,-1378,19,1558.2,8,6,7,1,0,17362,7,1780,1378,22.9,1736.2
0,4,3,5,1,0,15054,6.6,-387,-725,22.3,1505.4,3,4,5,0,0,15441,6.6,387,725,21,1544.1
0,3,7,5,0,0,15052,6.6,-2077,-2457,20.4,1505.2,7,3,5,1,0,17129,7.2,2077,2457,24.2,1712.9
0,4,9,4,0,0,15608,6.6,-1690,-2943,19.7,1560.8,9,4,8,0,0,17298,7.2,1690,2943,22,1729.8
1,7,9,7,2,0,16578,6.8,-987,-741,22,1657.8,9,7,9,0,0,17565,7.4,987,741,20.6,1756.5
1,4,12,3,0,0,16361,6.8,-2902,-1196,22.5,1636.1,12,4,16,1,0,19263,7.2,2902,1196,23.1,1926.3
1,4,10,3,0,0,14709,6.4,-2923,-1079,20.9,1470.9,10,4,12,2,0,17632,6.8,2923,1079,23.2,1763.2
0,5,4,4,1,0,17457,7,1495,-413,22.5,1745.7,4,5,3,0,0,15962,6.8,-1495,413,24.8,1596.2
0,3,11,3,0,0,14179,6.4,-4927,-3950,20.5,1417.9,11,3,11,1,0,19106,7.6,4927,3950,23,1910.6
1,7,5,8,0,0,16294,6.8,-18,252,21.4,1629.4,5,7,4,0,0,16312,7,18,-252,22.9,1631.2
0,2,6,2,0,0,15392,7,-1045,406,23.8,1539.2,6,2,7,2,0,16437,6.8,1045,-406,20.5,1643.7
0,5,9,4,1,0,15534,6.6,-2212,-1548,20.4,1553.4,9,5,8,0,0,17746,6.8,2212,1548,21.5,1774.6
1,7,6,6,0,0,17462,7,1323,1994,21,1746.2,6,7,8,0,0,16139,6.4,-1323,-1994,21.5,1613.9
0,9,10,6,0,0,17346,7.4,-220,1427,19.7,1734.6,10,9,9,0,0,17566,7.2,220,-1427,18.6,1756.6
1,3,0,3,0,0,16248,7,2086,1397,23.9,1624.8,0,3,0,1,0,14162,6.6,-2086,-1397,24.1,1416.2
1,5,6,4,0,0,15218,6.4,-828,421,21.1,1521.8,6,5,10,0,0,16046,6.6,828,-421,20.6,1604.6
1,13,6,13,0,0,20329,7.6,4227,3892,26.4,2032.9,6,13,7,0,0,16102,6.6,-4227,-3892,17.4,1610.2
0,9,6,13,1,0,17235,6.8,1177,-691,19.6,1723.5,6,9,7,0,0,16058,6.8,-1177,691,23.2,1605.8
0,6,7,4,2,0,17433,6.8,263,342,22.1,1743.3,7,6,9,0,0,17170,7,-263,-342,20.6,1717
0,3,3,5,0,0,15480,7,-816,-27,24.3,1548,3,3,3,1,0,16296,7,816,27,27.8,1629.6
1,8,7,6,1,0,17850,7.2,1097,1914,23.8,1785,7,8,6,0,0,16753,7,-1097,-1914,22.4,1675.3
1,7,5,7,0,0,16590,7,1057,1295,21,1659,5,7,5,1,0,15533,7,-1057,-1295,22.7,1553.3
1,10,6,12,2,0,17706,7,145,-1102,21.4,1770.6,6,10,8,0,0,17561,7,-145,1102,22.1,1756.1
1,10,5,11,1,0,18972,7.2,3559,2227,23.1,1897.2,5,10,4,0,0,15413,6.6,-3559,-2227,18.9,1541.3
0,6,10,8,0,0,16530,7,-1726,-267,20.5,1653,10,6,12,1,0,18256,7,1726,267,23.8,1825.6
1,1,4,1,1,0,14911,6.8,-626,895,23.8,1491.1,4,1,4,0,0,15537,6.8,626,-895,23,1553.7
1,11,4,7,1,0,16398,7.6,14,4484,23.3,1639.8,4,11,2,0,0,14014,6.8,-14,-4484,16.1,1401.4
1,12,6,16,2,0,16398,7.2,14,-28,22.9,1639.8,6,12,11,0,0,14067,7,-14,28,21.8,1406.7
1,2,3,2,1,0,15185,6.8,-419,-428,23.1,1518.5,3,2,2,1,0,15604,7,419,428,24.1,1560.4
0,3,3,3,0,0,15275,6.8,-701,346,21.7,1527.5,3,3,5,1,0,15976,6.8,701,-346,21.4,1597.6
1,9,2,12,1,0,18581,6.8,4279,1907,22.9,1858.1,2,9,3,0,0,14302,6.4,-4279,-1907,23.9,1430.2
1,8,6,11,1,0,17072,7.2,-164,851,20.5,1707.2,6,8,8,1,0,17236,7,164,-851,24.4,1723.6
0,5,6,10,1,0,15758,6.4,-882,-1760,19,1575.8,6,5,5,0,0,16640,7,882,1760,25.3,1664
0,3,7,5,0,0,15144,6.8,-2283,-1969,22.4,1514.4,7,3,9,1,0,17427,7.2,2283,1969,25.9,1742.7
1,4,4,4,1,0,15742,7.2,-896,-1292,24.4,1574.2,4,4,4,0,0,16638,7.4,896,1292,25.2,1663.8
0,6,10,6,0,0,15161,6.6,-3312,-3119,18.7,1516.1,10,6,11,1,0,18473,7.4,3312,3119,22.3,1847.3
0,5,8,3,0,0,16554,6.8,-505,-580,21.6,1655.4,8,5,13,1,0,17059,7,505,580,19.3,1705.9
0,3,7,4,1,0,14384,6.2,-3388,-3025,19.9,1438.4,7,3,9,0,0,17772,7.2,3388,3025,25.6,1777.2
1,10,7,8,0,0,17183,7,1100,170,20.8,1718.3,7,10,5,1,0,16083,7,-1100,-170,16.6,1608.3
0,3,6,3,0,0,15165,6.8,-1995,-1194,21.8,1516.5,6,3,13,0,0,17160,7.2,1995,1194,25.1,1716
1,6,10,5,0,0,16747,6.8,-1391,-16,21.4,1674.7,10,6,12,1,0,18138,6.8,1391,16,18.9,1813.8
0,6,8,5,0,0,16625,7.2,-810,-730,22.6,1662.5,8,6,9,0,0,17435,7.4,810,730,23.4,1743.5
0,5,8,5,0,0,15738,6.8,-1769,-1859,21.5,1573.8,8,5,15,1,0,17507,7.2,1769,1859,18.5,1750.7
0,6,3,7,2,0,16326,7,1165,744,23.2,1632.6,3,6,3,0,0,15161,7,-1165,-744,23.1,1516.1
0,5,8,2,0,0,15334,7,-2564,-35,20.4,1533.4,8,5,12,0,0,17898,7,2564,35,22.7,1789.8
0,9,8,7,1,0,18490,6.8,479,-658,21.5,1849,8,9,15,1,0,18011,6.8,-479,658,23,1801.1
0,5,8,5,0,0,15542,6.6,-2118,-2048,18.8,1554.2,8,5,8,1,0,17660,7.2,2118,2048,23.8,1766
0,3,4,2,0,0,15409,6.8,-729,-900,24,1540.9,4,3,4,0,0,16138,7,729,900,25,1613.8
0,6,6,9,0,0,16205,6.4,-3719,-3695,17.1,1620.5,6,6,14,1,0,19924,7.4,3719,3695,21.6,1992.4
1,8,8,8,1,0,16836,6.8,-52,-301,22.8,1683.6,8,8,12,0,0,16888,7,52,301,18.6,1688.8
1,1,2,1,1,0,14862,7,9,-172,23.7,1486.2,2,1,2,1,0,14853,7.2,-9,172,19.9,1485.3
1,8,7,11,1,0,17971,7,523,-69,20.9,1797.1,7,8,9,0,0,17448,7.2,-523,69,23.7,1744.8
1,4,4,8,1,0,15689,7,673,1681,21.1,1568.9,4,4,5,0,0,15016,6.6,-673,-1681,21,1501.6
1,3,3,2,0,0,15751,6.8,926,328,25.2,1575.1,3,3,3,0,0,14825,6.8,-926,-328,21.5,1482.5
0,11,10,11,0,0,17535,6.8,-400,-1684,20,1753.5,10,11,9,1,0,17935,7.2,400,1684,21.1,1793.5
1,3,0,5,0,0,16419,7,1783,1420,27.6,1641.9,0,3,0,1,0,14636,6.8,-1783,-1420,25.7,1463.6
1,2,3,4,0,0,13757,6.4,-1752,-1746,22,1375.7,3,2,6,0,0,15509,7.2,1752,1746,23.8,1550.9
1,10,4,12,1,0,18491,7.2,3517,2881,23.7,1849.1,4,10,4,0,0,14974,6.8,-3517,-2881,21.1,1497.4
1,4,4,7,0,0,15536,6.6,-680,410,19,1553.6,4,4,8,1,0,16216,6.6,680,-410,21.5,1621.6
1,7,1,3,2,0,16817,7.2,3021,2386,23.7,1681.7,1,7,0,0,0,13796,6.8,-3021,-2386,21.4,1379.6
1,6,7,5,2,0,16683,7,-73,333,21.3,1668.3,7,6,11,0,0,16756,6.8,73,-333,21.3,1675.6
0,8,4,10,1,0,17161,7.2,1577,-50,20.6,1716.1,4,8,2,0,0,15584,7,-1577,50,21.4,1558.4
0,2,5,1,0,0,14815,7,-2116,-2156,22.6,1481.5,5,2,6,1,0,16931,7.2,2116,2156,23.7,1693.1
1,11,5,11,0,0,18180,7,2575,1454,19,1818,5,11,6,1,0,15605,6.6,-2575,-1454,20.3,1560.5
0,6,3,6,0,0,16993,7.4,1886,1688,23,1699.3,3,6,4,0,0,15107,7,-1886,-1688,23,1510.7
0,2,11,4,0,0,14023,6.4,-4659,-3268,18.7,1402.3,11,2,6,1,0,18682,7.2,4659,3268,22.5,1868.2
1,5,7,2,0,0,16256,6.8,-862,-406,24.7,1625.6,7,5,10,1,0,17118,7,862,406,20,1711.8
0,3,3,4,0,0,14462,6.6,-360,-1748,19.7,1446.2,3,3,2,1,0,14822,6.8,360,1748,20.9,1482.2
1,4,5,5,2,0,15825,6.8,460,-1107,22.5,1582.5,5,4,3,0,0,15365,7,-460,1107,21.8,1536.5
1,8,5,16,1,0,17616,7,1790,1220,23.5,1761.6,5,8,7,0,0,15826,6.8,-1790,-1220,23.1,1582.6
1,1,4,1,1,0,14322,6.8,-1970,-1177,23.6,1432.2,4,1,5,1,0,16292,7,1970,1177,22.2,1629.2
1,5,4,6,1,0,16033,6.8,1073,103,21.1,1603.3,4,5,2,1,0,14960,6.8,-1073,-103,22.5,1496
1,3,7,7,0,0,14887,6.6,-1725,-2004,21.4,1488.7,7,3,6,1,0,16612,6.8,1725,2004,24.2,1661.2
1,12,6,12,0,0,18688,7,2936,1143,19.9,1868.8,6,12,7,2,0,15752,6.8,-2936,-1143,20.7,1575.2
1,4,7,6,0,0,15074,6.8,-2054,-731,21.4,1507.4,7,4,10,2,0,17128,7,2054,731,21.1,1712.8
0,3,6,3,0,0,14647,7.2,-2084,-851,18.5,1464.7,6,3,6,2,0,16731,7,2084,851,25.1,1673.1
1,5,4,3,0,0,15678,7,-394,1166,22.1,1567.8,4,5,6,0,0,16072,6.6,394,-1166,23,1607.2
0,1,9,1,0,0,13627,6.4,-3366,-1822,20.6,1362.7,9,1,9,1,0,16993,6.8,3366,1822,20.5,1699.3
1,9,2,12,2,0,18890,7.2,4237,2338,23.6,1889,2,9,4,0,0,14653,6.6,-4237,-2338,22.6,1465.3
1,2,8,0,0,0,13636,6.6,-3455,-2405,19,1363.6,8,2,8,0,0,17091,7,3455,2405,21.7,1709.1
1,14,2,16,0,0,19339,7.4,5578,3447,19.7,1933.9,2,14,2,0,0,13761,6.2,-5578,-3447,17.9,1376.1
0,5,5,8,0,0,15473,6.8,-130,-423,21.9,1547.3,5,5,7,0,0,15603,7,130,423,22.1,1560.3
0,3,5,4,0,0,14535,6.6,-2491,-1771,18.2,1453.5,5,3,5,1,0,17026,7.2,2491,1771,24.1,1702.6
0,2,7,1,1,0,14752,6.8,-2406,-2686,23.9,1475.2,7,2,8,1,0,17158,7.2,2406,2686,21.8,1715.8
1,3,5,4,1,0,14323,6.6,-2546,-2542,18.4,1432.3,5,3,5,1,0,16869,7.6,2546,2542,24.3,1686.9
0,6,5,8,0,0,15890,6.4,237,-1307,17.8,1589,5,6,5,1,0,15653,7,-237,1307,20.2,1565.3
1,12,7,11,0,0,18028,6.8,411,1075,17.9,1802.8,7,12,11,2,0,17617,6.2,-411,-1075,17.6,1761.7
1,4,8,8,0,0,15352,6.4,-1702,-1490,19.3,1535.2,8,4,13,1,0,17054,6.6,1702,1490,19.1,1705.4
1,8,4,12,1,0,17306,6.8,2170,1383,23.7,1730.6,4,8,5,0,0,15136,6.4,-2170,-1383,21.8,1513.6
0,6,6,8,0,0,15380,7,-2064,-2639,19.3,1538,6,6,5,0,0,17444,7.6,2064,2639,24.2,1744.4
0,4,5,7,1,0,15376,6.6,-733,-784,22.5,1537.6,5,4,6,0,0,16109,6.6,733,784,20.1,1610.9
1,6,7,9,1,0,16815,7.2,683,-208,23.5,1681.5,7,6,12,1,0,16132,6.8,-683,208,17.9,1613.2
1,4,6,5,0,0,15364,7,-946,630,21,1536.4,6,4,8,1,0,16310,6.8,946,-630,22.9,1631
0,5,4,3,0,0,16199,7,512,858,20.5,1619.9,4,5,4,0,0,15687,6.8,-512,-858,21.8,1568.7
1,12,7,7,0,0,17539,7.6,686,765,18.9,1753.9,7,12,7,0,0,16853,7,-686,-765,20.8,1685.3
0,8,10,5,1,0,16781,6.8,-1611,-1624,18,1678.1,10,8,13,1,0,18392,7.4,1611,1624,18.8,1839.2
1,11,8,10,0,0,17819,7,811,376,23.2,1781.9,8,11,14,0,0,17008,7,-811,-376,22.2,1700.8
1,14,8,14,2,0,16398,7.4,5263,3213,25,1639.8,8,14,11,0,0,16664,7,-5263,-3213,17.4,1666.4
0,6,7,3,0,0,16621,7,-249,1420,23.1,1662.1,7,6,6,1,0,16870,6.8,249,-1420,20.3,1687
1,13,8,16,1,0,19865,7.2,2819,1294,22.5,1986.5,8,13,8,0,0,17046,6.8,-2819,-1294,21,1704.6
1,8,8,7,0,0,17208,7.2,87,435,19.7,1720.8,8,8,5,0,0,17121,7,-87,-435,22.2,1712.1
0,1,8,0,1,0,13631,6.6,-3839,-3318,22,1363.1,8,1,7,1,0,17470,7.4,3839,3318,23.3,1747
1,10,5,10,0,0,18588,7.2,2824,1346,22.9,1858.8,5,10,3,0,0,15764,6.8,-2824,-1346,21.4,1576.4
0,5,7,8,1,0,15173,6.6,-2159,-1280,18.6,1517.3,7,5,9,0,0,17332,7.2,2159,1280,22.7,1733.2
1,6,6,5,0,0,17188,7.4,326,1163,25,1718.8,6,6,6,0,0,16862,7.2,-326,-1163,21.9,1686.2
0,6,12,8,0,0,15511,6.4,-4775,-4080,17.1,1551.1,12,6,12,1,0,20286,7.4,4775,4080,23.7,2028.6
0,5,13,8,0,0,15642,6.4,-3811,-3107,21.4,1564.2,13,5,12,1,0,19453,7.2,3811,3107,21,1945.3
0,5,3,1,1,0,15620,7.2,896,1396,18.7,1562,3,5,2,0,0,14724,6.6,-896,-1396,22.7,1472.4
1,5,6,8,0,0,15577,6.6,-1218,-1528,19.7,1557.7,6,5,11,2,0,16795,7,1218,1528,23.9,1679.5
0,3,10,1,0,0,14689,6.6,-3089,-2151,19.5,1468.9,10,3,16,1,0,17778,7,3089,2151,21.9,1777.8
0,1,5,1,0,0,14758,6.8,-1277,-1357,24.5,1475.8,5,1,9,2,0,16035,7.2,1277,1357,22.3,1603.5
1,14,3,6,1,0,20028,7.4,5885,4694,22.9,2002.8,3,14,3,0,0,14143,6.2,-5885,-4694,16,1414.3
1,13,2,6,1,0,16398,7.4,14,-28,25.7,1639.8,2,13,3,0,0,13235,7,-14,28,16.1,1323.5
1,4,6,9,0,0,15858,7,-1050,522,21.5,1585.8,6,4,10,0,0,16908,6.8,1050,-522,21.3,1690.8
0,5,5,1,0,0,16109,7.2,-1599,332,23.7,1610.9,5,5,3,2,0,17708,7.2,1599,-332,24.8,1770.8
1,4,7,4,0,0,15381,7.2,-758,313,22.2,1538.1,7,4,5,0,0,16139,7.2,758,-313,19.4,1613.9
0,2,4,5,0,0,14680,7,-1413,-729,22.2,1468,4,2,7,1,0,16093,7.2,1413,729,23.4,1609.3
1,11,10,9,2,0,18504,7.4,1011,480,22.6,1850.4,10,11,12,0,0,17493,7.2,-1011,-480,18.7,1749.3
0,7,4,2,0,0,15911,7,428,1015,21.9,1591.1,4,7,5,1,0,15483,6.6,-428,-1015,23.4,1548.3
1,8,4,12,0,0,18340,7.2,3206,1437,25,1834,4,8,7,0,0,15134,6.6,-3206,-1437,18,1513.4
1,8,4,11,1,0,17008,7.2,2135,1653,19.7,1700.8,4,8,3,0,0,14873,6.8,-2135,-1653,20.5,1487.3
0,8,12,6,0,0,16760,7.2,-1302,73,21.7,1676,12,8,8,1,0,18062,7,1302,-73,19.9,1806.2
1,4,4,3,0,0,16669,7.4,565,275,26.6,1666.9,4,4,5,1,0,16104,7.2,-565,-275,23.8,1610.4
1,7,4,7,0,0,17771,7.8,1958,3140,21.7,1777.1,4,7,6,1,0,15813,6.8,-1958,-3140,23.9,1581.3
0,9,1,5,0,0,17773,7.2,4257,2902,23.6,1777.3,1,9,1,0,0,13516,6.4,-4257,-2902,20.4,1351.6
1,10,9,13,1,0,18217,6.6,1674,-648,19,1821.7,9,10,7,0,0,16543,7,-1674,648,19.2,1654.3
1,5,7,6,1,0,15408,7,-928,-1753,20.9,1540.8,7,5,3,0,0,16336,7.4,928,1753,23.7,1633.6
0,7,6,10,0,0,16360,6.4,-75,144,21.8,1636,6,7,8,0,0,16435,6.8,75,-144,20.7,1643.5
0,1,8,1,0,0,13141,6.6,-4046,-2777,20.2,1314.1,8,1,5,1,0,17187,7.2,4046,2777,21.4,1718.7
0,2,9,3,0,0,13860,6.8,-4138,-3792,19.5,1386,9,2,7,1,0,17998,7.4,4138,3792,22.9,1799.8
0,8,10,6,0,0,15995,6.8,-3535,-1199,17.2,1599.5,10,8,13,1,0,19530,7.2,3535,1199,22,1953
0,2,9,1,0,0,14442,6.6,-4719,-2129,20.2,1444.2,9,2,10,1,0,19161,7,4719,2129,22.5,1916.1
1,13,3,16,2,0,20125,7.4,5900,-28,22.6,2012.5,3,13,8,0,0,14225,6.2,-5900,28,17.9,1422.5
0,6,2,5,1,0,16542,7,1818,1992,22.7,1654.2,2,6,0,0,0,14724,6.6,-1818,-1992,23.4,1472.4
1,1,4,1,0,0,13943,6.4,-3461,-1353,22.9,1394.3,4,1,6,2,0,17404,7,3461,1353,24.4,1740.4
1,8,11,6,1,0,16836,6.6,-1521,-2096,21.5,1683.6,11,8,12,0,0,18357,7,1521,2096,21.5,1835.7
1,9,7,14,1,0,17631,7,1328,1043,19.9,1763.1,7,9,7,0,0,16303,6.6,-1328,-1043,18.8,1630.3
1,9,6,12,0,0,16765,6.6,911,-276,18.1,1676.5,6,9,4,1,0,15854,6.8,-911,276,18.2,1585.4
1,8,4,9,1,0,18001,7.2,2111,1390,23.3,1800.1,4,8,5,1,0,15890,6.8,-2111,-1390,22.8,1589
1,13,13,14,0,0,19580,7,935,2197,20.1,1958,13,13,14,0,0,18645,6.6,-935,-2197,17.9,1864.5
0,4,10,2,0,0,14774,6.6,-3032,-2816,21.4,1477.4,10,4,11,2,0,17806,7.2,3032,2816,21.5,1780.6
1,8,7,11,1,0,17525,7,-425,-1057,20.2,1752.5,7,8,6,0,0,17950,7,425,1057,26.4,1795
1,10,8,7,0,0,19280,7.2,2365,2052,24,1928,8,10,8,0,0,16915,7,-2365,-2052,21.1,1691.5
1,7,4,5,1,0,17929,7.4,3140,3364,23.3,1792.9,4,7,4,1,0,14789,6.6,-3140,-3364,20.1,1478.9
1,5,5,6,0,0,15988,6.8,-779,-1837,21.5,1598.8,5,5,3,0,0,16767,7.4,779,1837,23.5,1676.7
1,10,7,5,1,0,17214,7.2,1690,1316,20,1721.4,7,10,9,0,0,15524,6.8,-1690,-1316,16.2,1552.4
1,6,2,6,2,0,15897,6.8,1433,522,18.8,1589.7,2,6,1,0,0,14464,6.8,-1433,-522,21.5,1446.4
1,7,4,16,1,0,18539,7,3466,1525,25.3,1853.9,4,7,2,1,0,15073,6.6,-3466,-1525,22.2,1507.3
1,10,4,14,2,0,18132,6.8,1947,136,21.2,1813.2,4,10,3,0,0,16185,6.6,-1947,-136,21.9,1618.5
1,13,2,11,2,0,16398,7.2,14,4865,24.6,1639.8,2,13,4,0,0,14758,6.2,-14,-4865,18.5,1475.8
1,8,2,7,1,0,17011,7.2,2659,2757,19.4,1701.1,2,8,2,0,0,14352,7,-2659,-2757,20.1,1435.2
1,11,3,12,1,0,20206,7.4,6275,4789,22.1,2020.6,3,11,2,0,0,13931,6.2,-6275,-4789,18.7,1393.1
1,9,6,6,2,0,17673,7.2,1369,2756,20.8,1767.3,6,9,7,0,0,16304,6.6,-1369,-2756,21.6,1630.4
1,9,7,10,1,0,16983,6.8,422,-308,18.3,1698.3,7,9,6,1,0,16561,7,-422,308,20,1656.1
0,4,7,4,0,0,15139,7,-2281,-42,21.6,1513.9,7,4,8,1,0,17420,7,2281,42,24.4,1742
1,10,6,11,2,0,18132,7.6,1722,1514,23.2,1813.2,6,10,8,0,0,16410,7.2,-1722,-1514,21.1,1641
0,4,4,6,1,0,15867,6.6,-1595,-1648,18.6,1586.7,4,4,4,0,0,17462,7.2,1595,1648,25.3,1746.2
1,4,6,6,1,0,15931,6.8,-730,-251,22.2,1593.1,6,4,7,0,0,16661,7,730,251,21.3,1666.1
1,8,9,9,1,0,17610,6.8,-1168,-674,21.2,1761,9,8,6,1,0,18778,7.2,1168,674,22.9,1877.8
1,9,4,14,0,0,17495,7,2546,1928,20.8,1749.5,4,9,2,0,0,14949,6.6,-2546,-1928,21.1,1494.9
0,5,6,6,0,0,16230,7.4,-839,-833,22.8,1623,6,5,3,2,0,17069,7.4,839,833,23.9,1706.9
0,3,8,1,0,0,14496,6.8,-2317,-1330,23,1449.6,8,3,11,2,0,16813,7,2317,1330,22.3,1681.3
0,6,5,7,1,0,16008,6.8,-904,-178,21.6,1600.8,5,6,4,0,0,16912,7,904,178,25.7,1691.2
0,7,10,9,0,0,16923,6.8,-673,568,22.4,1692.3,10,7,13,1,0,17596,7,673,-568,19.9,1759.6
1,9,4,9,1,0,19462,7.6,4444,2813,23.9,1946.2,4,9,3,0,0,15018,6.6,-4444,-2813,20.9,1501.8
0,7,6,6,0,0,16482,7,-1243,-604,22.9,1648.2,6,7,15,0,0,17725,7,1243,604,19.4,1772.5
1,5,9,5,1,0,15592,7,-2078,-1506,21.8,1559.2,9,5,6,0,0,17670,7.6,2078,1506,20.5,1767
0,8,9,12,1,0,17268,6.6,-952,-1337,19.4,1726.8,9,8,7,1,0,18220,6.6,952,1337,21.4,1822
0,5,9,4,0,0,15167,6.6,-2132,-1088,19.5,1516.7,9,5,7,0,0,17299,7,2132,1088,21.5,1729.9
0,5,5,10,1,0,15847,6.8,-1015,-1395,20.3,1584.7,5,5,9,1,0,16862,7.2,1015,1395,25.6,1686.2
0,7,4,8,1,0,16333,7.2,517,585,20.4,1633.3,4,7,4,1,0,15816,6.8,-517,-585,23.4,1581.6
1,5,9,6,0,0,16032,6.8,-2222,-1252,22,1603.2,9,5,10,1,0,18254,7,2222,1252,22.5,1825.4
1,5,6,3,1,0,15762,7,-208,-353,21.6,1576.2,6,5,5,0,0,15970,7,208,353,22.1,1597
0,3,6,4,0,0,14749,6.8,-2513,-3419,20,1474.9,6,3,5,0,0,17262,7.4,2513,3419,24.6,1726.2
1,4,4,9,1,0,15405,6.8,-601,-1965,21.5,1540.5,4,4,5,1,0,16006,7.2,601,1965,24.9,1600.6
1,7,4,4,1,0,16775,7,1753,2303,22.1,1677.5,4,7,7,0,0,15022,6.4,-1753,-2303,21.3,1502.2
0,2,3,1,1,0,14667,6.8,-751,-1229,20.2,1466.7,3,2,5,0,0,15418,7.2,751,1229,23.9,1541.8
1,7,6,6,1,0,17409,6.8,1430,107,24.1,1740.9,6,7,7,1,0,15979,7,-1430,-107,17.3,1597.9
1,5,6,5,1,0,15706,6.6,-469,-1237,22.8,1570.6,6,5,4,0,0,16175,7,469,1237,22.9,1617.5
1,9,7,7,1,0,16466,6.6,-1099,-1318,18.8,1646.6,7,9,7,0,0,17565,7,1099,1318,23.2,1756.5
1,12,5,12,0,0,20190,7.2,5553,3915,20,2019,5,12,4,1,0,14637,6.4,-5553,-3915,21.8,1463.7
1,9,4,13,0,0,17408,7.2,2091,1359,20.4,1740.8,4,9,2,0,0,15317,6.8,-2091,-1359,22.7,1531.7
0,4,8,5,1,0,15591,7,-1951,-1575,22.8,1559.1,8,4,6,0,0,17542,7.4,1951,1575,23.6,1754.2
1,6,6,7,1,0,16410,7.2,96,-24,21.1,1641,6,6,5,0,0,16314,7,-96,24,20.3,1631.4
0,9,6,9,0,0,17854,7.2,1762,2377,21.9,1785.4,6,9,7,1,0,16092,6.6,-1762,-2377,20.2,1609.2
1,8,2,9,1,0,17243,7.2,3082,1360,23.3,1724.3,2,8,0,0,0,14161,6.6,-3082,-1360,22.2,1416.1
1,9,3,6,1,0,16987,7.2,2608,3387,18.9,1698.7,3,9,5,0,0,14379,6.4,-2608,-3387,17.2,1437.9
0,5,3,3,0,0,14818,6.4,-1460,-2414,20.4,1481.8,3,5,3,0,0,16278,7.4,1460,2414,23.1,1627.8
1,11,3,11,1,0,18633,7.4,3784,2577,23.2,1863.3,3,11,3,0,0,14849,6.8,-3784,-2577,20.9,1484.9
0,10,12,8,0,0,17566,6.8,-2053,-1784,20.2,1756.6,12,10,12,2,0,19619,7,2053,1784,21.4,1961.9
0,4,7,4,0,0,14956,6.6,-2020,-2716,19.8,1495.6,7,4,2,0,0,16976,7.2,2020,2716,24.6,1697.6
0,8,6,9,1,0,18206,7.2,1137,-92,22.4,1820.6,6,8,6,0,0,17069,7.4,-1137,92,22,1706.9
0,6,8,11,0,0,15758,7,-1561,-1578,20.4,1575.8,8,6,9,0,0,17319,7,1561,1578,21.3,1731.9
0,1,4,1,0,0,15632,7.2,-598,-1285,26.8,1563.2,4,1,6,2,0,16230,7.2,598,1285,23.8,1623
0,7,9,8,0,0,16278,6.6,-1829,-1668,18.1,1627.8,9,7,10,1,0,18107,7,1829,1668,21.2,1810.7
1,11,4,10,1,0,17131,7.2,2036,1891,21.5,1713.1,4,11,3,0,0,15095,6.8,-2036,-1891,18.8,1509.5
1,8,10,9,1,0,16795,6.8,-1381,-907,20.3,1679.5,10,8,9,0,0,18176,7.2,1381,907,22.1,1817.6
1,12,7,6,1,0,19070,7,2247,1367,21,1907,7,12,9,0,0,16823,6.6,-2247,-1367,20.5,1682.3
1,5,5,5,1,0,15993,7,-800,72,22.7,1599.3,5,5,6,0,0,16793,7.2,800,-72,24.3,1679.3
0,6,6,6,0,0,15715,6.6,-826,-979,18.8,1571.5,6,6,7,1,0,16541,7,826,979,23.7,1654.1
1,11,3,9,1,0,18583,7.2,4280,2681,20.4,1858.3,3,11,2,0,0,14303,6.4,-4280,-2681,20.2,1430.3
0,9,9,11,1,0,16848,6.6,-973,-2691,20,1684.8,9,9,12,0,0,17821,7,973,2691,21.4,1782.1
1,8,4,11,1,0,17903,7.2,1970,1999,20.6,1790.3,4,8,4,0,0,15933,7,-1970,-1999,23.4,1593.3
1,3,6,5,1,0,14724,6.6,-1858,-1476,19.5,1472.4,6,3,7,1,0,16582,7,1858,1476,22.5,1658.2
0,8,11,9,0,0,16371,6.6,-1867,-2002,20.1,1637.1,11,8,11,1,0,18238,7.2,1867,2002,19,1823.8
1,7,9,14,2,0,16571,6.2,-684,-2401,19.2,1657.1,9,7,16,0,0,17255,6.8,684,2401,18.7,1725.5
1,4,9,6,0,0,15445,6.8,-3056,-2938,22.5,1544.5,9,4,8,1,0,18501,7.4,3056,2938,22.1,1850.1
0,4,10,2,0,0,13980,6.2,-4330,-4347,18.1,1398,10,4,12,0,0,18310,7.4,4330,4347,22.8,1831
1,11,13,6,0,0,17984,7,-1348,105,17.8,1798.4,13,11,10,1,0,19332,6.8,1348,-105,21,1933.2
1,8,6,11,0,0,17588,7.2,1800,713,23.8,1758.8,6,8,9,1,0,15788,6.8,-1800,-713,19.2,1578.8
0,6,5,8,0,0,16326,7.2,509,595,22.2,1632.6,5,6,1,1,0,15817,6.8,-509,-595,23.1,1581.7
0,7,4,9,0,0,17610,6.8,1883,973,23.3,1761,4,7,4,0,0,15727,6.6,-1883,-973,21.2,1572.7
0,8,8,9,0,0,17238,6.8,894,-3,20.9,1723.8,8,8,10,0,0,16344,7,-894,3,18.7,1634.4
0,6,10,3,1,0,15602,6.4,-3060,-2937,20.6,1560.2,10,6,7,0,0,18662,7.4,3060,2937,23.8,1866.2
0,7,9,8,0,0,15615,6.8,-3370,-2779,18.8,1561.5,9,7,7,1,0,18985,7.2,3370,2779,25,1898.5
0,6,5,7,1,0,15138,6.6,-452,-1060,19.1,1513.8,5,6,5,0,0,15590,7,452,1060,20.6,1559
1,8,5,8,1,0,18021,7.2,1790,1764,25.3,1802.1,5,8,4,0,0,16231,7,-1790,-1764,23.7,1623.1
0,2,1,5,1,0,15063,6.6,790,-1155,22.7,1506.3,1,2,0,1,0,14273,7,-790,1155,21.7,1427.3
1,7,5,8,1,0,17561,6.6,545,411,21.5,1756.1,5,7,1,1,0,17016,6.6,-545,-411,21.8,1701.6
1,7,1,10,1,0,17696,7.2,3518,2503,25.7,1769.6,1,7,1,1,0,14178,6.6,-3518,-2503,23.9,1417.8
1,5,4,5,2,0,16548,6.8,780,523,22.6,1654.8,4,5,5,0,0,15768,7,-780,-523,22.6,1576.8
0,3,2,2,1,0,14610,6.6,-758,-1310,20.6,1461,2,3,2,0,0,15368,7,758,1310,24.9,1536.8
1,6,6,6,0,0,16398,6.8,4565,2632,19.4,1639.8,6,6,6,1,0,16039,6.4,-4565,-2632,20.2,1603.9
0,9,6,8,1,0,17698,7.2,726,1104,20.6,1769.8,6,9,5,0,0,16972,6.8,-726,-1104,22.9,1697.2
0,4,4,3,0,0,15021,6.8,-1254,-956,20.7,1502.1,4,4,5,2,0,16275,7,1254,956,24.9,1627.5
0,3,7,2,0,0,15226,6.8,-1207,-218,21,1522.6,7,3,7,0,0,16433,6.6,1207,218,21.5,1643.3
0,3,4,4,1,0,17064,7,1167,-1436,26.3,1706.4,4,3,5,1,0,15897,7.2,-1167,1436,21.4,1589.7
0,1,3,1,0,0,15221,6.8,-179,-463,26.6,1522.1,3,1,4,1,0,15400,6.6,179,463,24,1540
0,10,4,9,1,0,17972,7.2,2363,1314,20.6,1797.2,4,10,3,0,0,15609,6.8,-2363,-1314,22.6,1560.9
1,9,7,9,0,0,18151,7.2,847,1606,22.7,1815.1,7,9,9,0,0,17304,7,-847,-1606,22.6,1730.4
1,13,2,16,1,0,19773,7.6,5622,3964,24,1977.3,2,13,4,0,0,14151,6.6,-5622,-3964,20.3,1415.1
1,5,4,5,0,0,16262,7,467,850,23.5,1626.2,4,5,4,0,0,15795,6.8,-467,-850,22.8,1579.5
0,7,7,8,1,0,17044,7,-115,141,20,1704.4,7,7,7,0,0,17159,7,115,-141,20.9,1715.9
1,7,1,9,0,0,17562,7.2,3512,2161,21.3,1756.2,1,7,2,1,0,14050,6.8,-3512,-2161,21.5,1405
0,3,6,4,0,0,14364,6.8,-2845,-1461,20.4,1436.4,6,3,5,1,0,17209,7,2845,1461,20.8,1720.9
1,9,2,10,0,0,17855,7.2,4076,2996,21.1,1785.5,2,9,1,1,0,13779,6.6,-4076,-2996,21.1,1377.9
1,6,9,6,2,0,15874,6.4,-1806,-2407,19.5,1587.4,9,6,11,0,0,17680,7.2,1806,2407,22.8,1768
1,6,7,6,0,0,16881,7,-216,301,22.8,1688.1,7,6,6,0,0,17097,7,216,-301,23.3,1709.7
0,11,5,8,1,0,18060,7.2,1635,416,19.2,1806,5,11,3,0,0,16425,6.6,-1635,-416,20.4,1642.5
0,4,10,2,0,0,15106,6.8,-3081,-1236,20.1,1510.6,10,4,14,0,0,18187,6.8,3081,1236,19.2,1818.7
1,4,1,3,0,0,16454,7.6,2711,2693,24.1,1645.4,1,4,1,0,0,13743,6.6,-2711,-2693,21.1,1374.3
1,8,1,13,1,0,18078,6.8,5354,4695,24.7,1807.8,1,8,0,0,0,12724,7,-5354,-4695,16.6,1272.4
0,4,5,4,0,0,15300,6.6,-188,-535,21.2,1530,5,4,5,0,0,15488,6.8,188,535,23.2,1548.8
1,7,3,1,2,0,18919,7.6,3983,3375,25.2,1891.9,3,7,5,0,0,14936,6.8,-3983,-3375,23,1493.6
1,2,4,4,1,0,15565,6.4,-1185,-2402,25.1,1556.5,4,2,8,1,0,16750,7.4,1185,2402,26.7,1675
1,11,2,6,1,0,18553,7,4260,1422,20.4,1855.3,2,11,1,0,0,14293,6.8,-4260,-1422,21,1429.3
1,3,3,2,0,0,16639,7.2,835,1506,26.9,1663.9,3,3,4,1,0,15804,7,-835,-1506,21.6,1580.4
1,8,6,7,0,0,18273,7,2879,2522,21.1,1827.3,6,8,7,0,0,15394,6.4,-2879,-2522,19.5,1539.4
1,6,8,5,0,0,16560,7,-407,-1257,20.3,1656,8,6,7,1,0,16967,7.4,407,1257,22.3,1696.7
0,5,10,7,0,0,13742,7,-5705,-28,21.8,1374.2,10,5,11,1,0,19447,6.8,5705,28,21.8,1944.7
0,9,5,12,1,0,17525,7,1270,365,22.1,1752.5,5,9,2,0,0,16255,7.4,-1270,-365,21.8,1625.5
0,4,9,5,1,0,15123,6.8,-3204,-779,21,1512.3,9,4,16,1,0,18327,7,3204,779,21.6,1832.7
0,4,7,4,0,0,14686,6.4,-3927,-3207,18.4,1468.6,7,4,4,1,0,18613,7,3927,3207,26.2,1861.3
1,8,7,12,1,0,16957,6.6,78,658,21.5,1695.7,7,8,11,0,0,16879,6.8,-78,-658,20.7,1687.9
1,4,2,3,0,0,16796,7.2,1789,2100,27.6,1679.6,2,4,4,0,0,15007,6.8,-1789,-2100,23.2,1500.7
0,10,7,12,0,0,18592,7.2,1577,678,21.2,1859.2,7,10,4,2,0,17015,7,-1577,-678,23.3,1701.5
0,8,4,10,0,0,16411,6.6,590,1002,17.6,1641.1,4,8,4,0,0,15821,6.6,-590,-1002,20.8,1582.1
0,5,4,4,0,0,15730,6.6,-384,-1408,22.3,1573,4,5,3,1,0,16114,7,384,1408,22,1611.4
1,4,5,2,1,0,16302,7.2,315,667,25.6,1630.2,5,4,3,1,0,15987,6.8,-315,-667,22.4,1598.7
0,4,2,2,1,0,15447,6.6,580,-1033,21.7,1544.7,2,4,2,1,0,14867,6.8,-580,1033,22.8,1486.7
1,6,3,7,1,0,17299,6.6,1870,-729,22.3,1729.9,3,6,4,1,0,15429,7,-1870,729,22.6,1542.9
1,8,3,8,2,0,17500,6.8,3308,2114,22.9,1750,3,8,3,0,0,14192,6.6,-3308,-2114,21.5,1419.2
0,4,7,5,1,0,15659,7.2,-2542,1134,21,1565.9,7,4,15,1,0,18201,7,2542,-1134,23.3,1820.1
0,7,6,8,0,0,16286,7,369,561,22.3,1628.6,6,7,8,0,0,15917,7,-369,-561,19.6,1591.7
0,3,2,6,1,0,15335,6.8,187,-954,23.9,1533.5,2,3,1,0,0,15148,6.8,-187,954,24.8,1514.8
0,8,5,6,2,0,17744,7.2,1109,735,23.7,1774.4,5,8,3,0,0,16635,7.2,-1109,-735,23.1,1663.5
1,9,6,10,1,0,17592,7.4,1572,2134,21.3,1759.2,6,9,9,1,0,16020,6.8,-1572,-2134,21.1,1602
0,3,9,4,1,0,15732,7,-2080,-202,20.1,1573.2,9,3,12,1,0,17812,7.2,2080,202,20.2,1781.2
0,5,11,6,0,0,16544,7,-2929,-1731,22.2,1654.4,11,5,6,1,0,19473,7.2,2929,1731,22.7,1947.3
1,11,11,14,0,0,18913,7,1441,922,21.5,1891.3,11,11,11,1,0,17472,7,-1441,-922,20,1747.2
1,6,5,5,0,0,16757,7.2,873,2194,22.5,1675.7,5,6,7,0,0,15884,6.6,-873,-2194,20.5,1588.4
1,4,8,2,0,0,16152,7,-633,-502,21.2,1615.2,8,4,14,1,0,16785,7,633,502,19.6,1678.5
0,2,2,2,1,0,14505,7,-838,-593,22.4,1450.5,2,2,1,1,0,15343,7.2,838,593,25.3,1534.3
1,4,6,6,0,0,15575,6.8,-1098,271,23.6,1557.5,6,4,10,0,0,16673,6.8,1098,-271,24.5,1667.3
0,6,5,12,1,0,18187,7.2,1909,1010,25.7,1818.7,5,6,4,1,0,16278,7,-1909,-1010,24.8,1627.8
1,8,10,3,1,0,16674,6.8,-1577,-716,22.3,1667.4,10,8,11,0,0,18251,7,1577,716,20.9,1825.1
0,8,8,8,1,0,16028,6.6,-728,-608,18.7,1602.8,8,8,7,0,0,16756,6.8,728,608,18.4,1675.6
0,5,6,6,0,0,16157,7,142,1215,22.1,1615.7,6,5,6,1,0,16015,6.8,-142,-1215,19.9,1601.5
0,6,9,5,0,0,15773,7,-2069,-22,22.8,1577.3,9,6,11,1,0,17842,7,2069,22,22.2,1784.2
1,4,3,5,0,0,17262,7,1673,1200,24.8,1726.2,3,4,2,2,0,15589,6.8,-1673,-1200,19.7,1558.9
0,3,10,3,1,0,14367,6.4,-5085,-3236,19.2,1436.7,10,3,13,0,0,19452,7.4,5085,3236,24.9,1945.2
1,5,4,10,1,0,15387,7,337,1346,17.4,1538.7,4,5,4,0,0,15050,6.8,-337,-1346,21.3,1505
1,3,4,1,1,0,15326,7.2,-233,1969,22.6,1532.6,4,3,5,0,0,15559,6.6,233,-1969,22.2,1555.9
1,7,4,11,0,0,16867,7.2,920,1488,21.9,1686.7,4,7,6,1,0,15947,7,-920,-1488,21,1594.7
1,3,3,0,1,0,14162,6.8,-1078,692,20.1,1416.2,3,3,4,0,0,15240,6.8,1078,-692,24,1524
0,5,5,6,1,0,16253,6.8,-17,-1171,21.2,1625.3,5,5,2,0,0,16270,7.2,17,1171,24.3,1627
0,1,9,2,1,0,14041,6.6,-4377,-4323,22.9,1404.1,9,1,5,0,0,18418,7.4,4377,4323,23.4,1841.8
1,8,4,9,0,0,18051,7.2,2563,2910,24.7,1805.1,4,8,4,0,0,15488,6.6,-2563,-2910,23.3,1548.8
1,4,3,5,0,0,16441,7,1254,400,24.4,1644.1,3,4,4,0,0,15187,6.8,-1254,-400,21.8,1518.7
0,4,4,7,1,0,16157,6.8,-521,97,23.9,1615.7,4,4,3,0,0,16678,7,521,-97,25.5,1667.8
0,10,6,9,1,0,19793,7.4,3387,1454,24.3,1979.3,6,10,9,1,0,16406,7,-3387,-1454,23.9,1640.6
1,7,8,8,1,0,16284,7.4,-496,604,19.7,1628.4,8,7,7,0,0,16780,7,496,-604,20.9,1678
0,5,11,4,0,0,15617,6.6,-3516,-2677,20.2,1561.7,11,5,6,1,0,19133,7.4,3516,2677,23.7,1913.3
1,6,7,4,1,0,17261,7,1579,1615,20.6,1726.1,7,6,9,0,0,15682,6.6,-1579,-1615,18.4,1568.2
0,8,9,9,1,0,17385,7.2,-747,-782,18.5,1738.5,9,8,12,0,0,18132,7.4,747,782,21.4,1813.2
1,6,9,14,0,0,20134,7.4,2445,1767,18.3,2013.4,9,6,7,0,0,17689,7,-2445,-1767,22.1,1768.9
1,3,2,4,1,0,14867,7,-178,738,20.5,1486.7,2,3,2,0,0,15045,6.8,178,-738,24.5,1504.5
0,4,7,5,0,0,15312,6.6,-1844,-2222,20.3,1531.2,7,4,10,0,0,17156,7.2,1844,2222,22.7,1715.6
1,2,3,2,2,0,14815,6.8,-980,-1488,24.6,1481.5,3,2,0,0,0,15795,7.4,980,1488,25.9,1579.5
0,5,2,6,1,0,17511,7.4,2795,2702,25.3,1751.1,2,5,2,1,0,14716,7,-2795,-2702,24.4,1471.6
0,8,14,10,0,0,17157,6.6,-2095,-2096,20,1715.7,14,8,15,0,0,19252,7.4,2095,2096,20.6,1925.2
0,12,12,16,0,0,18714,6.8,801,262,19.9,1871.4,12,12,12,0,0,17913,6.8,-801,-262,18.2,1791.3
1,8,10,5,1,0,17136,6.8,-506,-700,22.4,1713.6,10,8,7,0,0,17642,7.2,506,700,21.8,1764.2
1,8,7,7,0,0,16966,7.4,705,2576,22.8,1696.6,7,8,5,1,0,16261,6.6,-705,-2576,19.8,1626.1
1,7,6,7,0,0,16948,7,707,1131,22.2,1694.8,6,7,6,0,0,16241,6.8,-707,-1131,22.1,1624.1
1,7,3,8,0,0,17552,7.4,2098,2184,23.3,1755.2,3,7,3,2,0,15454,6.8,-2098,-2184,23.6,1545.4
1,10,5,13,0,0,17941,6.8,1680,1254,20.6,1794.1,5,10,5,0,0,16261,6.4,-1680,-1254,21.5,1626.1
0,4,8,2,0,0,16334,6.4,-300,-1937,21.8,1633.4,8,4,7,1,0,16634,7,300,1937,22.4,1663.4
0,1,10,2,0,0,13342,6.4,14,-4772,17.7,1334.2,10,1,13,2,0,19882,7.4,-14,4772,23.4,1988.2
1,8,5,9,1,0,18014,7.2,1388,973,23.8,1801.4,5,8,5,0,0,16626,7.2,-1388,-973,22.5,1662.6
0,2,7,2,0,0,15114,6.8,-1158,-1281,21.9,1511.4,7,2,6,2,0,16272,7.2,1158,1281,23.1,1627.2
0,6,8,8,1,0,18234,6.6,1619,-575,20.5,1823.4,8,6,5,0,0,16615,7,-1619,575,20.9,1661.5
0,4,6,3,1,0,16061,7.2,-299,454,22.8,1606.1,6,4,5,0,0,16360,6.6,299,-454,22.5,1636
0,6,2,4,0,0,15828,6.8,1176,763,21.8,1582.8,2,6,2,1,0,14652,6.8,-1176,-763,21.8,1465.2
0,3,5,3,0,0,15767,7.2,-943,140,23.3,1576.7,5,3,5,1,0,16710,7.2,943,-140,24.9,1671
0,7,8,5,1,0,16460,7,-1449,-777,20.2,1646,8,7,4,1,0,17909,7.4,1449,777,23.6,1790.9
0,4,8,3,0,0,16138,7,-1531,-2275,21.7,1613.8,8,4,7,0,0,17669,7.4,1531,2275,22.8,1766.9
0,7,8,6,1,0,16482,6.6,-672,-335,22.9,1648.2,8,7,13,1,0,17154,6.8,672,335,19,1715.4
0,5,5,8,0,0,15656,6.6,-384,-2030,23,1565.6,5,5,2,1,0,16040,7,384,2030,23.3,1604
0,8,2,7,1,0,17281,7.4,2485,2934,21.9,1728.1,2,8,4,1,0,14796,6.8,-2485,-2934,20.7,1479.6
1,7,3,6,1,0,18195,7.4,4197,3107,25.2,1819.5,3,7,1,1,0,13998,6.8,-4197,-3107,18.7,1399.8
0,1,3,2,0,0,14054,6.6,-1744,-1555,20.5,1405.4,3,1,3,1,0,15798,7,1744,1555,23.2,1579.8
0,8,8,13,0,0,17191,6.8,654,478,18.8,1719.1,8,8,9,1,0,16537,6.6,-654,-478,19.1,1653.7
1,12,3,12,1,0,19226,7.4,4389,-28,22.8,1922.6,3,12,5,0,0,14837,6.4,-4389,28,21.7,1483.7
1,12,4,13,1,0,18705,7.4,3692,4028,21,1870.5,4,12,5,0,0,15013,6.4,-3692,-4028,21.9,1501.3
1,6,4,7,1,0,16057,7,172,-278,23.1,1605.7,4,6,7,1,0,15885,7,-172,278,24.2,1588.5
0,5,6,3,0,0,15722,6.8,-488,-98,22.4,1572.2,6,5,7,1,0,16210,6.8,488,98,19.2,1621
0,5,8,7,0,0,15513,6.6,-1791,507,20.3,1551.3,8,5,14,2,0,17304,6.8,1791,-507,22.5,1730.4
0,5,9,3,0,0,14964,6.6,-3225,-1705,19.6,1496.4,9,5,6,2,0,18189,7.4,3225,1705,24.9,1818.9
1,8,4,6,1,0,16678,6.6,2367,-249,19.6,1667.8,4,8,3,0,0,14311,6.4,-2367,249,21.9,1431.1
0,12,8,6,0,0,18238,6.8,1797,-723,18.9,1823.8,8,12,5,1,0,16441,6.8,-1797,723,19,1644.1
0,6,10,9,0,0,16758,7,-1356,-1064,24.3,1675.8,10,6,15,0,0,18114,7.2,1356,1064,20.7,1811.4
1,5,5,4,0,0,16545,7.2,-207,-251,23.5,1654.5,5,5,6,1,0,16752,7.2,207,251,23.5,1675.2
0,4,10,2,1,0,14843,6.4,-2691,-1778,17.6,1484.3,10,4,12,1,0,17534,7.2,2691,1778,19.9,1753.4
1,6,1,3,2,0,17459,7,3734,2743,22.6,1745.9,1,6,1,0,0,13725,6.4,-3734,-2743,19.8,1372.5
0,7,6,10,0,0,15878,6.6,567,-789,18.7,1587.8,6,7,7,0,0,15311,6.6,-567,789,22,1531.1
0,2,3,2,1,0,14462,7,-892,-818,21.3,1446.2,3,2,3,0,0,15354,7,892,818,24,1535.4
0,3,10,3,0,0,14788,6.4,-3231,-3010,19.4,1478.8,10,3,14,1,0,18019,7.4,3231,3010,22,1801.9
1,8,8,5,0,0,17871,7.4,1591,1901,24.3,1787.1,8,8,11,1,0,16280,6.6,-1591,-1901,19.7,1628
0,10,6,16,0,0,18080,7,1998,572,21.9,1808,6,10,8,0,0,16082,6.6,-1998,-572,22.5,1608.2
0,2,10,1,0,0,13268,6.2,14,-3333,17,1326.8,10,2,12,2,0,16378,7.2,-14,3333,25.3,1637.8
1,8,3,13,1,0,18291,7,3222,1012,23.5,1829.1,3,8,2,0,0,15069,7.2,-3222,-1012,23.2,1506.9
1,7,1,13,1,0,16795,7.2,1715,1548,23.8,1679.5,1,7,1,1,0,15080,7,-1715,-1548,25.4,1508
0,3,11,1,0,0,13602,6.4,-5088,-2609,17,1360.2,11,3,16,1,0,18690,7.2,5088,2609,23.1,1869
1,9,10,8,1,0,19162,7,1082,14,19.6,1916.2,10,9,16,1,0,18080,6.8,-1082,-14,20.3,1808
1,8,2,12,0,0,17253,7.2,1887,519,21.8,1725.3,2,8,3,1,0,15366,7,-1887,-519,23.3,1536.6
1,13,7,14,0,0,19713,7,2795,999,21.7,1971.3,7,13,8,0,0,16918,6.8,-2795,-999,17.7,1691.8
0,5,5,8,0,0,15675,6.4,549,224,21.8,1567.5,5,5,7,1,0,15126,6.6,-549,-224,17,1512.6
1,4,6,4,0,0,15691,7.2,96,466,23.7,1569.1,6,4,2,0,0,15595,6.8,-96,-466,22.1,1559.5
0,4,6,3,0,0,15008,6.6,-1015,-1751,21.4,1500.8,6,4,4,1,0,16023,6.8,1015,1751,20.8,1602.3
1,7,2,10,1,0,16867,7.2,2474,1015,23.2,1686.7,2,7,2,0,0,14393,6.6,-2474,-1015,23,1439.3
1,8,6,7,1,0,17104,7,-111,1062,22.3,1710.4,6,8,8,1,0,17215,6.8,111,-1062,20.1,1721.5
0,8,6,13,1,0,17731,6.8,1375,109,23.2,1773.1,6,8,4,0,0,16356,6.8,-1375,-109,20.6,1635.6
0,1,3,0,0,0,13751,6.8,-2507,-1567,19.9,1375.1,3,1,3,1,0,16258,7.2,2507,1567,26.9,1625.8
0,4,4,6,1,0,15544,6.6,201,-979,21.7,1554.4,4,4,3,0,0,15343,7,-201,979,21.4,1534.3
0,8,4,8,1,0,18057,7,3152,2104,23.1,1805.7,4,8,4,0,0,14905,6.4,-3152,-2104,21.1,1490.5
0,5,5,8,0,0,16321,7.4,120,-497,22.7,1632.1,5,5,4,1,0,16201,7.4,-120,497,21.6,1620.1
1,8,6,7,0,0,17394,6.8,1377,-221,19.9,1739.4,6,8,5,2,0,16017,6.8,-1377,221,21.8,1601.7
1,7,3,7,1,0,17622,7.2,3071,2643,23,1762.2,3,7,4,0,0,14551,6.6,-3071,-2643,22,1455.1
1,10,2,8,1,0,20127,7.2,6148,3541,25.1,2012.7,2,10,1,0,0,13979,6.4,-6148,-3541,19.6,1397.9
1,4,2,5,1,0,15800,6.8,295,791,20.9,1580,2,4,3,1,0,15505,6.8,-295,-791,20.6,1550.5
1,5,5,3,0,0,15723,6.8,451,1157,24.2,1572.3,5,5,5,0,0,15272,6.8,-451,-1157,23.4,1527.2
1,7,5,11,0,0,16544,6.8,732,280,19.6,1654.4,5,7,5,1,0,15812,6.8,-732,-280,19.9,1581.2
0,8,7,14,0,0,17758,6.8,920,-386,23.3,1775.8,7,8,5,1,0,16838,6.8,-920,386,21.4,1683.8
0,6,9,8,0,0,15890,6.6,-2039,-2297,19.9,1589,9,6,11,1,0,17929,6.8,2039,2297,22.3,1792.9
0,2,9,2,0,0,14646,6.6,-5036,-2248,21.9,1464.6,9,2,12,2,0,19682,7.4,5036,2248,26.2,1968.2
0,9,10,6,1,0,16898,7,-540,1330,21.1,1689.8,10,9,14,0,0,17438,6.6,540,-1330,19,1743.8
0,9,10,12,1,0,17524,7.2,-1319,-840,20.3,1752.4,10,9,13,1,0,18843,7.4,1319,840,22.3,1884.3
1,7,5,11,0,0,16541,6.4,2555,2123,23.1,1654.1,5,7,6,0,0,13986,6.2,-2555,-2123,21.8,1398.6
0,5,8,7,1,0,14566,7,-2663,-2578,16.4,1456.6,8,5,14,0,0,17229,6.6,2663,2578,20.9,1722.9
1,3,5,2,1,0,15929,7.2,17,44,25,1592.9,5,3,3,1,0,15912,7,-17,-44,20.3,1591.2
0,6,6,6,0,0,15866,6.6,-859,-1186,20.7,1586.6,6,6,10,0,0,16725,7.2,859,1186,24.5,1672.5
0,5,6,6,0,0,16126,7,61,1120,21.7,1612.6,6,5,7,1,0,16065,6.8,-61,-1120,20.3,1606.5
1,4,4,0,1,0,15620,7.2,-1761,-385,23.9,1562,4,4,8,1,0,17381,7.4,1761,385,24.3,1738.1
1,9,7,12,1,0,17524,7.2,1076,1282,18.5,1752.4,7,9,6,0,0,16448,6.6,-1076,-1282,20.9,1644.8
1,11,8,9,0,0,18746,7.2,2198,1355,22.5,1874.6,8,11,4,1,0,16548,6.8,-2198,-1355,20.4,1654.8
0,9,6,7,0,0,17187,7,626,98,21.3,1718.7,6,9,4,0,0,16561,7,-626,-98,23.1,1656.1
1,4,3,4,1,0,15181,7,911,449,21.6,1518.1,3,4,4,0,0,14270,6.8,-911,-449,22.3,1427
1,11,6,16,0,0,19563,7.2,4666,4288,22,1956.3,6,11,12,0,0,14897,6.2,-4666,-4288,21.8,1489.7
1,10,10,12,2,0,19197,7.2,1167,-431,22.2,1919.7,10,10,6,0,0,18030,7.2,-1167,431,21.9,1803
0,5,8,5,0,0,14803,6.8,-2454,-1437,17.7,1480.3,8,5,6,1,0,17257,7,2454,1437,21.9,1725.7
0,2,7,1,1,0,13508,6.2,-3580,-2967,16,1350.8,7,2,6,1,0,17088,6.6,3580,2967,19.3,1708.8
0,10,4,13,0,0,18978,7.6,4185,3377,26.2,1897.8,4,10,3,0,0,14793,6.8,-4185,-3377,20.5,1479.3
1,6,2,9,0,0,16627,7,1899,308,24.7,1662.7,2,6,0,1,0,14728,6.8,-1899,-308,23.1,1472.8
1,4,7,3,0,0,15562,6.8,-435,-427,22.5,1556.2,7,4,8,1,0,15997,7,435,427,19.6,1599.7
0,4,7,5,1,0,14717,6.4,-3025,-1823,20.5,1471.7,7,4,5,1,0,17742,7,3025,1823,21.1,1774.2
0,4,7,3,0,0,16213,7.2,-3035,188,20.8,1621.3,7,4,5,2,0,19248,7,3035,-188,21.7,1924.8
0,8,8,11,0,0,16922,7,118,-532,19.1,1692.2,8,8,12,1,0,16804,7,-118,532,19.3,1680.4
0,7,5,9,0,0,17094,7,1004,1446,22,1709.4,5,7,3,1,0,16090,6.6,-1004,-1446,21.1,1609
1,9,8,5,1,0,17232,7,725,626,21.2,1723.2,8,9,7,0,0,16507,7,-725,-626,19.1,1650.7
1,12,6,10,1,0,19529,7.6,3316,2032,24.2,1952.9,6,12,6,0,0,16213,6.8,-3316,-2032,19.7,1621.3
0,7,8,2,0,0,15684,6.6,-1400,-644,20.3,1568.4,8,7,10,1,0,17084,7,1400,644,20.8,1708.4
1,5,1,5,1,0,16352,7.2,1824,1204,25,1635.2,1,5,2,0,0,14528,7,-1824,-1204,23.9,1452.8
0,6,5,6,1,0,16782,7,817,350,23.8,1678.2,5,6,5,1,0,15965,7.2,-817,-350,23.5,1596.5
1,9,4,9,0,0,17514,7,3170,1984,23.6,1751.4,4,9,6,0,0,14344,6.6,-3170,-1984,17.5,1434.4
0,7,7,7,0,0,17332,7,-6,1004,22.6,1733.2,7,7,9,2,0,17338,6.8,6,-1004,18.8,1733.8
1,10,6,12,0,0,18951,7,2896,1330,20.4,1895.1,6,10,7,0,0,16055,6.8,-2896,-1330,19.6,1605.5
1,7,0,6,1,0,18039,7.2,4991,3364,23.6,1803.9,0,7,0,0,0,13048,6.2,-4991,-3364,19.3,1304.8
0,2,7,3,1,0,14487,7,-2639,-953,22.9,1448.7,7,2,5,1,0,17126,7,2639,953,22.7,1712.6
1,8,5,13,2,0,18398,7,2087,650,23.4,1839.8,5,8,3,0,0,16311,7,-2087,-650,22.6,1631.1
1,1,5,1,1,0,15007,6.8,-1933,15,25.1,1500.7,5,1,10,1,0,16940,7,1933,-15,21.5,1694
0,5,1,0,1,0,16117,7.2,2975,3977,22.1,1611.7,1,5,1,0,0,13142,6.2,-2975,-3977,18.2,1314.2
0,6,5,8,0,0,17457,7,2783,1603,25.1,1745.7,5,6,8,2,0,14674,6.6,-2783,-1603,19,1467.4
0,4,4,5,1,0,15716,6.8,-1555,-1025,23.5,1571.6,4,4,4,1,0,17271,7,1555,1025,23.7,1727.1
1,6,8,8,1,0,15980,7,-2565,-1593,20.7,1598,8,6,9,1,0,18545,7,2565,1593,23.5,1854.5
0,1,5,1,1,0,15364,7,-673,-48,23.3,1536.4,5,1,6,0,0,16037,7,673,48,20.6,1603.7
1,11,2,13,1,0,19082,7.6,4012,3080,24.4,1908.2,2,11,2,0,0,15070,6.8,-4012,-3080,23,1507
1,5,7,6,1,0,15671,6.8,-981,-994,20.5,1567.1,7,5,8,0,0,16652,6.8,981,994,21.9,1665.2
0,2,9,0,0,0,14321,6.8,-4557,-3571,20.8,1432.1,9,2,8,0,0,18878,7.2,4557,3571,26,1887.8
0,5,5,7,0,0,15903,6.8,811,241,20.6,1590.3,5,5,2,0,0,15092,7,-811,-241,19.9,1509.2
1,6,4,6,0,0,16398,7.2,14,3949,25,1639.8,4,6,5,0,0,14453,6.2,-14,-3949,16.4,1445.3
1,9,9,7,1,0,17442,7,557,1853,21.9,1744.2,9,9,8,0,0,16885,6.6,-557,-1853,19,1688.5
1,13,6,6,1,0,16398,7.4,3183,1321,24,1639.8,6,13,7,1,0,17434,7,-3183,-1321,23.5,1743.4
1,0,3,0,0,0,13691,6.8,-1148,-818,22.9,1369.1,3,0,2,0,0,14839,6.8,1148,818,22.1,1483.9
0,3,4,2,1,0,14909,6.8,-447,676,20.8,1490.9,4,3,6,0,0,15356,6.6,447,-676,19.7,1535.6
0,5,8,5,0,0,16372,6.6,53,-48,23,1637.2,8,5,8,1,0,16319,6.8,-53,48,18.6,1631.9
0,8,10,15,1,0,17134,6.8,-840,949,17.1,1713.4,10,8,11,0,0,17974,6.8,840,-949,21.4,1797.4
1,4,2,7,1,0,15648,6.8,1187,285,21.6,1564.8,2,4,2,1,0,14461,6.6,-1187,-285,21.5,1446.1
1,6,10,6,1,0,16279,7,-1753,-1095,22.6,1627.9,10,6,6,0,0,18032,7,1753,1095,25.3,1803.2
1,7,7,9,0,0,17251,7,-172,1613,22.5,1725.1,7,7,9,0,0,17423,6.8,172,-1613,22.4,1742.3
1,6,7,6,1,0,17330,7.2,777,1580,22.6,1733,7,6,13,0,0,16553,6.8,-777,-1580,19.5,1655.3
1,11,3,13,1,0,17655,7.2,1906,1369,20.8,1765.5,3,11,3,0,0,15749,7,-1906,-1369,22.1,1574.9
1,8,5,10,0,0,17258,6.8,2310,1946,21.6,1725.8,5,8,5,0,0,14948,6.6,-2310,-1946,17.6,1494.8
0,3,5,0,0,0,13729,6.2,-1213,-276,18,1372.9,5,3,10,2,0,14942,6.4,1213,276,16.1,1494.2
1,10,6,8,1,0,18555,7.4,2488,2722,24.6,1855.5,6,10,6,1,0,16067,6.8,-2488,-2722,18.5,1606.7
1,9,6,5,1,0,17025,7.4,1399,2616,21.4,1702.5,6,9,5,0,0,15626,6.6,-1399,-2616,18.1,1562.6
1,6,6,9,0,0,17528,6.8,1376,1018,21.6,1752.8,6,6,5,1,0,16152,6.8,-1376,-1018,21.7,1615.2
1,6,3,5,1,0,15829,7.2,265,241,20.5,1582.9,3,6,1,1,0,15564,6.8,-265,-241,20.4,1556.4
0,4,7,6,1,0,16135,7,-1782,-1311,23.4,1613.5,7,4,8,1,0,17917,7.2,1782,1311,26.4,1791.7
1,5,5,5,1,0,15781,6.8,-535,-691,22.1,1578.1,5,5,7,0,0,16316,7,535,691,24,1631.6
0,7,6,8,0,0,16533,7,-727,-675,19.8,1653.3,6,7,7,1,0,17260,7,727,675,22.4,1726
1,10,4,9,1,0,18270,7.4,3805,3162,23.8,1827,4,10,4,0,0,14465,6.6,-3805,-3162,19.9,1446.5
1,11,1,10,1,0,19673,7.6,5797,4456,20.9,1967.3,1,11,0,0,0,13876,6.8,-5797,-4456,21.8,1387.6
1,8,3,8,0,0,17628,7.2,3539,2952,23.1,1762.8,3,8,4,0,0,14089,6.4,-3539,-2952,19.5,1408.9
1,7,10,7,1,0,16375,6.8,-3183,-1884,17.7,1637.5,10,7,9,0,0,19558,7.2,3183,1884,23.6,1955.8
0,3,8,2,0,0,14533,6.8,-4033,-1850,19.8,1453.3,8,3,9,1,0,18566,7.2,4033,1850,22,1856.6
0,6,7,8,0,0,16067,6.8,-1176,-671,19,1606.7,7,6,7,2,0,17243,7.2,1176,671,22,1724.3
1,3,6,2,2,0,14740,6.6,-1402,-2295,20.1,1474,6,3,9,0,0,16142,7,1402,2295,23.3,1614.2
0,5,5,7,0,0,16560,7,761,830,22.5,1656,5,5,8,1,0,15799,6.8,-761,-830,22.5,1579.9
0,7,8,8,0,0,16979,6.8,1038,454,22.8,1697.9,8,7,4,1,0,15941,6.8,-1038,-454,17.4,1594.1
0,3,6,5,0,0,14081,6.4,14,-4189,20.7,1408.1,6,3,6,1,0,16378,7.2,-14,4189,23.3,1637.8
0,3,11,7,0,0,13511,7,-5427,-4559,16.4,1351.1,11,3,14,1,0,18938,7.2,5427,4559,23.9,1893.8
0,8,9,11,0,0,17951,6.8,-194,431,22.6,1795.1,9,8,12,0,0,18145,6.8,194,-431,22.7,1814.5
1,3,4,1,0,0,14202,6.8,-2263,-1397,21.2,1420.2,4,3,4,1,0,16465,6.8,2263,1397,24,1646.5
0,12,9,10,1,0,18291,6.8,1693,1979,20.8,1829.1,9,12,11,0,0,16598,6.4,-1693,-1979,18,1659.8
0,4,9,5,1,0,15599,6.4,-2231,-857,21.9,1559.9,9,4,16,1,0,17830,6.8,2231,857,21.4,1783
1,11,4,7,1,0,18265,7.6,3362,3874,23.7,1826.5,4,11,2,0,0,14903,6.6,-3362,-3874,18.7,1490.3
1,11,5,10,1,0,18888,7,2840,1792,20.4,1888.8,5,11,8,1,0,16048,6.8,-2840,-1792,20.5,1604.8
0,7,9,7,0,0,16422,6.8,-2606,-3164,20.6,1642.2,9,7,8,1,0,19028,7.6,2606,3164,24.3,1902.8
1,9,7,11,0,0,18090,7.2,1884,1452,21.6,1809,7,9,8,0,0,16206,7,-1884,-1452,19,1620.6
1,6,3,3,1,0,17602,7.4,2849,1925,25.1,1760.2,3,6,3,0,0,14753,6.8,-2849,-1925,19.6,1475.3
1,3,7,4,0,0,13991,6.4,-3756,-3280,20.3,1399.1,7,3,4,0,0,17747,7.2,3756,3280,25.6,1774.7
1,11,2,7,1,0,17389,7.2,2577,2588,22.1,1738.9,2,11,2,1,0,14812,6.6,-2577,-2588,21.8,1481.2
1,4,7,3,1,0,15586,7,-1777,52,22.9,1558.6,7,4,7,0,0,17363,7.2,1777,-52,24.4,1736.3
0,2,7,2,1,0,15279,7,-1526,-1082,23.6,1527.9,7,2,10,1,0,16805,7.4,1526,1082,23.6,1680.5
1,9,6,7,1,0,17016,7.2,338,-232,21,1701.6,6,9,7,0,0,16678,7,-338,232,21.2,1667.8
1,4,7,5,0,0,16171,7,-758,920,24,1617.1,7,4,8,0,0,16929,6.8,758,-920,20.8,1692.9
1,9,1,12,1,0,19127,7.2,5062,1996,25.3,1912.7,1,9,1,1,0,14065,6.6,-5062,-1996,21.5,1406.5
0,11,5,10,2,0,17962,7,3367,1963,19.1,1796.2,5,11,6,0,0,14595,6.4,-3367,-1963,18.5,1459.5
0,3,8,4,1,0,14580,6.6,-4591,-1620,20.3,1458,8,3,6,0,0,19171,6.8,4591,1620,24.1,1917.1
0,3,2,3,1,0,15716,7.2,121,264,25.1,1571.6,2,3,1,1,0,15595,7,-121,-264,25.5,1559.5
0,2,6,1,0,0,13962,6.8,-1635,-1467,21.5,1396.2,6,2,3,1,0,15597,7,1635,1467,19.3,1559.7
1,9,3,11,1,0,18519,7.2,4756,3562,26,1851.9,3,9,3,0,0,13763,6.4,-4756,-3562,19.6,1376.3
1,10,3,12,2,0,18557,7.2,3848,2704,23.5,1855.7,3,10,3,0,0,14709,6.6,-3848,-2704,20,1470.9
1,6,5,6,0,0,16793,7,463,275,23.3,1679.3,5,6,7,1,0,16330,7.4,-463,-275,22.4,1633
0,10,5,8,1,0,19169,7.4,3305,2586,23.5,1916.9,5,10,6,1,0,15864,7,-3305,-2586,21.5,1586.4
1,12,7,15,1,0,19933,7.2,2473,565,21.9,1993.3,7,12,8,0,0,17460,7,-2473,-565,20,1746
0,4,5,5,1,0,16391,7.2,153,713,23.3,1639.1,5,4,8,0,0,16238,7,-153,-713,23.6,1623.8
1,7,2,12,1,0,17340,7.2,3125,1784,22.9,1734,2,7,2,0,0,14215,6.8,-3125,-1784,21.9,1421.5
1,12,11,16,0,0,19861,7.2,2352,133,22,1986.1,11,12,12,2,0,17509,7.2,-2352,-133,18.3,1750.9
0,4,9,3,2,0,16273,7.2,-454,23,24.6,1627.3,9,4,6,0,0,16727,7.2,454,-23,20.4,1672.7
0,5,7,6,1,0,15595,6.8,-1840,-2402,20.6,1559.5,7,5,11,1,0,17435,7.4,1840,2402,24.2,1743.5
0,8,7,10,2,0,17429,7,900,-802,20.9,1742.9,7,8,6,0,0,16529,7,-900,802,21.7,1652.9
0,5,5,7,0,0,16524,7,96,-21,24.5,1652.4,5,5,6,2,0,16428,7,-96,21,25.7,1642.8
0,4,9,5,0,0,15293,6.6,-2004,-1407,22.6,1529.3,9,4,12,1,0,17297,6.8,2004,1407,22.7,1729.7
0,3,5,3,0,0,13988,6.2,-2761,-2185,17.4,1398.8,5,3,11,1,0,16749,7,2761,2185,24.2,1674.9
1,4,5,2,1,0,15557,6.8,-633,-1323,23.4,1555.7,5,4,6,0,0,16190,7,633,1323,20.6,1619
0,3,6,4,0,0,15227,7,-1558,-1782,23.1,1522.7,6,3,6,2,0,16785,7,1558,1782,24.4,1678.5
0,8,3,8,1,0,16378,6.8,393,-1055,17.8,1637.8,3,8,3,0,0,15985,6.8,-393,1055,22.7,1598.5
0,7,8,6,1,0,16007,7,-873,308,20.4,1600.7,8,7,7,0,0,16880,6.8,873,-308,21.5,1688
1,8,7,11,2,0,17937,7,1063,553,22.7,1793.7,7,8,7,0,0,16874,7.2,-1063,-553,22.6,1687.4
0,0,8,0,0,0,13537,6.2,-3752,-3349,20.8,1353.7,8,0,10,1,0,17289,7.4,3752,3349,24.2,1728.9
0,9,7,5,1,0,17907,7.2,1550,2512,23.1,1790.7,7,9,10,0,0,16357,6.6,-1550,-2512,19.2,1635.7
0,6,5,7,0,0,16053,6.8,611,381,21.6,1605.3,5,6,5,1,0,15442,6.8,-611,-381,20.8,1544.2
1,5,8,4,0,0,16616,7.4,-616,728,24,1661.6,8,5,9,1,0,17232,7.2,616,-728,23.4,1723.2
1,8,8,12,2,0,16367,6.6,151,1281,20.2,1636.7,8,8,6,0,0,16216,6.2,-151,-1281,20.1,1621.6
1,9,4,11,0,0,17494,7,1518,-5,20.5,1749.4,4,9,5,1,0,15976,7,-1518,5,19.9,1597.6
1,9,5,10,2,0,17704,7.2,1241,2416,20,1770.4,5,9,6,0,0,16463,6.8,-1241,-2416,23,1646.3
1,10,9,8,0,0,17817,6.8,780,74,18.8,1781.7,9,10,7,0,0,17037,7,-780,-74,21.2,1703.7
1,12,13,15,0,0,17940,6.8,-2725,-3568,16.2,1794,13,12,15,1,0,16378,7.6,2725,3568,25.2,1637.8
0,6,6,8,1,0,16988,6.8,37,-905,22.3,1698.8,6,6,5,1,0,16951,7.4,-37,905,21.6,1695.1
1,9,7,8,1,0,17661,6.6,815,590,23.3,1766.1,7,9,10,0,0,16846,6.8,-815,-590,19.1,1684.6
1,4,3,4,0,0,15755,7.2,951,2193,22.5,1575.5,3,4,2,2,0,14804,7,-951,-2193,19.7,1480.4
0,6,6,6,0,0,15392,6.4,-4885,-3111,17.5,1539.2,6,6,6,1,0,20277,7.4,4885,3111,23.3,2027.7
0,2,8,3,0,0,13925,6.6,-4527,-3126,19.8,1392.5,8,2,8,1,0,18452,7.2,4527,3126,22.9,1845.2
1,5,3,2,1,0,16421,7,1239,-1051,24.1,1642.1,3,5,2,0,0,15182,7.2,-1239,1051,21.9,1518.2
1,2,3,2,1,0,14535,6.4,-988,-1427,23.4,1453.5,3,2,4,1,0,15523,7,988,1427,24.1,1552.3
1,7,2,6,1,0,17082,7,2216,1580,22.1,1708.2,2,7,3,1,0,14866,6.6,-2216,-1580,20.8,1486.6
0,4,5,4,2,0,15711,6.6,-101,-1320,20.8,1571.1,5,4,6,0,0,15812,7.2,101,1320,21,1581.2
1,4,4,3,1,0,16087,7.2,225,824,22.4,1608.7,4,4,5,1,0,15862,7,-225,-824,20.8,1586.2
0,0,7,0,0,0,13358,6.2,-4737,-3600,19.9,1335.8,7,0,7,1,0,18095,7.2,4737,3600,25.3,1809.5
1,11,4,9,1,0,18438,7.2,3742,3229,21.2,1843.8,4,11,6,0,0,14696,6.2,-3742,-3229,18.4,1469.6
0,2,5,2,1,0,14485,6.8,-1866,-1885,22,1448.5,5,2,4,0,0,16351,7.4,1866,1885,25.3,1635.1
1,5,1,3,1,0,16222,7,1997,1560,24.1,1622.2,1,5,0,0,0,14225,7,-1997,-1560,23.4,1422.5
0,2,7,1,0,0,14624,6.8,-2794,-2624,22.5,1462.4,7,2,13,0,0,17418,7.4,2794,2624,23.1,1741.8
1,11,8,6,1,0,17568,6.6,1236,1018,20.6,1756.8,8,11,9,0,0,16332,6.4,-1236,-1018,18.3,1633.2
0,2,4,2,1,0,15198,6.8,-13,-1792,23.5,1519.8,4,2,3,1,0,15211,7,13,1792,20.7,1521.1
1,4,3,4,0,0,16313,6.8,1128,498,24,1631.3,3,4,5,0,0,15185,6.8,-1128,-498,22,1518.5
0,5,7,6,0,0,16560,7.2,-529,-54,23.5,1656,7,5,8,1,0,17089,7,529,54,22.3,1708.9
0,5,6,6,0,0,15693,6.8,-486,-137,21,1569.3,6,5,5,1,0,16179,7,486,137,21.6,1617.9
1,8,10,7,0,0,16403,7,-1445,-736,21.8,1640.3,10,8,9,1,0,17848,7,1445,736,21,1784.8
0,0,4,0,0,0,13720,6.6,-2727,-4122,23,1372,4,0,1,1,0,16447,7.6,2727,4122,26.3,1644.7
0,7,4,10,1,0,16599,6.6,1036,-663,20.1,1659.9,4,7,1,0,0,15563,6.8,-1036,663,25.1,1556.3
0,5,5,5,0,0,15364,6.8,-799,-588,19.8,1536.4,5,5,6,0,0,16163,6.8,799,588,24.2,1616.3
0,6,10,7,0,0,14978,6.6,-4413,-1993,21.8,1497.8,10,6,16,2,0,19391,7,4413,1993,23.7,1939.1
0,6,6,4,1,0,16970,6.8,-153,79,23.6,1697,6,6,9,1,0,17123,7,153,-79,22.3,1712.3
0,6,12,7,0,0,16851,6.8,-2286,-976,20.1,1685.1,12,6,15,0,0,19137,7,2286,976,19.9,1913.7
0,4,5,3,0,0,14893,6.8,-1002,-378,20.3,1489.3,5,4,4,1,0,15895,6.8,1002,378,23.3,1589.5
1,6,6,16,2,0,16398,7.6,14,3657,24.3,1639.8,6,6,0,0,0,14768,7.2,-14,-3657,17.6,1476.8
1,5,3,8,1,0,15574,6.8,840,196,23,1557.4,3,5,1,0,0,14734,7,-840,-196,20.3,1473.4
1,6,8,7,1,0,18155,7,468,558,23.1,1815.5,8,6,11,1,0,17687,7,-468,-558,19.4,1768.7
1,8,5,8,1,0,16469,7,248,582,19.2,1646.9,5,8,10,0,0,16221,6.6,-248,-582,22.5,1622.1
0,1,5,2,0,0,13983,6.4,-3832,-3324,21.4,1398.3,5,1,4,2,0,17815,7,3832,3324,27.6,1781.5
1,14,3,6,1,0,16398,7.6,14,4654,25.1,1639.8,3,14,5,0,0,14188,6.6,-14,-4654,20.2,1418.8
1,6,2,3,0,0,16807,7.4,1295,1167,22.2,1680.7,2,6,2,1,0,15512,7.2,-1295,-1167,23.7,1551.2
1,5,9,4,1,0,14996,6.4,-3331,-3464,18.8,1499.6,9,5,11,1,0,18327,7.2,3331,3464,21.8,1832.7
1,7,5,8,2,0,17477,6.8,1049,811,18.6,1747.7,5,7,4,0,0,16428,6.6,-1049,-811,22.8,1642.8
0,7,8,5,1,0,15810,6.6,-1305,-2023,19.3,1581,8,7,5,0,0,17115,7.2,1305,2023,18.9,1711.5
0,3,8,5,0,0,13980,6.2,-3739,-3541,19.3,1398,8,3,9,2,0,17719,7.2,3739,3541,24.6,1771.9
1,5,5,7,2,0,15726,7,-252,77,20.3,1572.6,5,5,9,0,0,15978,6.6,252,-77,21.2,1597.8
0,5,5,3,0,0,15153,7.2,-809,411,19.1,1515.3,5,5,5,1,0,15962,7,809,-411,21.6,1596.2
0,2,5,2,0,0,14695,6.8,-2062,-1466,22.8,1469.5,5,2,6,1,0,16757,7,2062,1466,24.6,1675.7
0,7,7,8,1,0,16106,7,-84,570,20.7,1610.6,7,7,4,0,0,16190,7,84,-570,20.7,1619
1,6,4,6,0,0,16493,7.2,628,-243,23.1,1649.3,4,6,6,1,0,15865,7,-628,243,21.2,1586.5
1,9,5,13,0,0,17099,7.2,1344,2079,22.5,1709.9,5,9,2,1,0,15755,6.8,-1344,-2079,23.8,1575.5
0,4,9,3,1,0,15211,6.8,-3848,-2091,22.5,1521.1,9,4,14,1,0,19059,7.2,3848,2091,23.8,1905.9
0,6,4,7,1,0,16643,7,1515,590,21.5,1664.3,4,6,4,0,0,15128,6.8,-1515,-590,20.7,1512.8
0,7,7,4,0,0,16581,7,462,1726,19.8,1658.1,7,7,8,0,0,16119,6.6,-462,-1726,20,1611.9
1,10,7,16,1,0,17953,7,1058,1196,19,1795.3,7,10,9,0,0,16895,6.6,-1058,-1196,20.6,1689.5
0,6,8,4,0,0,16112,6.8,-554,-483,19.7,1611.2,8,6,10,1,0,16666,7,554,483,20.6,1666.6
1,5,7,4,0,0,15637,6.6,-460,-842,20.1,1563.7,7,5,9,0,0,16097,6.8,460,842,21.8,1609.7
0,5,7,4,0,0,15977,6.8,-1130,-347,20.6,1597.7,7,5,8,1,0,17107,7.2,1130,347,23,1710.7
0,2,9,2,1,0,13932,7,-3919,-3135,19.7,1393.2,9,2,16,0,0,17851,7,3919,3135,20.5,1785.1
1,6,6,10,0,0,16206,6.8,-677,-67,22.1,1620.6,6,6,10,1,0,16883,6.8,677,67,24.5,1688.3
0,5,9,7,0,0,16163,6.8,-819,-1926,19,1616.3,9,5,8,0,0,16982,7,819,1926,22.5,1698.2
1,5,4,3,1,0,15296,6.8,733,810,18.7,1529.6,4,5,1,0,0,14563,6.2,-733,-810,20.4,1456.3
1,5,8,9,0,0,15966,7,-847,-267,20.9,1596.6,8,5,8,1,0,16813,7.2,847,267,20.3,1681.3
0,4,2,0,0,0,15555,7.4,737,1094,21.4,1555.5,2,4,2,1,0,14818,7.2,-737,-1094,23.5,1481.8
1,4,1,5,1,0,16041,7,1891,603,23.3,1604.1,1,4,1,0,0,14150,7,-1891,-603,21.4,1415
0,5,9,7,0,0,15239,6.6,-3130,-2448,19.4,1523.9,9,5,13,1,0,18369,7.2,3130,2448,23.6,1836.9
1,9,8,11,1,0,17049,6.8,147,-1425,18,1704.9,8,9,8,0,0,16902,7.2,-147,1425,19.3,1690.2
1,9,5,9,1,0,17492,6.8,687,563,21.9,1749.2,5,9,7,0,0,16805,7,-687,-563,22.4,1680.5
0,2,8,2,0,0,14370,6.4,-3180,-3196,22.8,1437,8,2,8,1,0,17550,7.6,3180,3196,21.1,1755
0,7,8,9,0,0,17543,7.2,-144,-867,24.6,1754.3,8,7,10,2,0,17687,7.4,144,867,22.5,1768.7
0,2,9,4,1,0,13570,6.6,14,-4421,19.5,1357,9,2,8,1,0,19944,7.8,-14,4421,26.2,1994.4
0,5,6,5,0,0,15948,6.8,-947,-1040,22.2,1594.8,6,5,10,2,0,16895,6.8,947,1040,24.8,1689.5
1,3,6,6,0,0,14339,7,-3074,-2611,19.7,1433.9,6,3,10,0,0,17413,6.8,3074,2611,23.3,1741.3
1,6,10,12,1,0,20084,6.8,2098,1150,17.5,2008.4,10,6,10,0,0,17986,6.8,-2098,-1150,18.2,1798.6
1,4,5,5,0,0,15375,6.8,-1270,-2363,20,1537.5,5,4,1,1,0,16645,7.2,1270,2363,27.3,1664.5
1,3,5,5,0,0,14313,6.2,-2089,-2275,19.4,1431.3,5,3,7,1,0,16402,6.8,2089,2275,24.3,1640.2
1,9,1,8,0,0,17786,7,3404,2513,23.3,1778.6,1,9,1,0,0,14382,6.6,-3404,-2513,20.6,1438.2
1,4,8,4,1,0,16657,7,-206,-1476,21,1665.7,8,4,0,1,0,16863,7.2,206,1476,24.8,1686.3
1,6,4,5,2,0,15994,6.8,1396,2369,23.5,1599.4,4,6,4,0,0,14598,6.6,-1396,-2369,16.6,1459.8
0,5,7,5,0,0,14352,6.4,-2475,-3608,21.8,1435.2,7,5,8,1,0,16827,7,2475,3608,22.7,1682.7
1,5,8,6,0,0,15589,7,-2111,-1385,20.3,1558.9,8,5,5,1,0,17700,7.2,2111,1385,26.2,1770
0,8,8,10,0,0,17544,7.2,-375,-547,21.3,1754.4,8,8,9,1,0,17919,7,375,547,23,1791.9
0,6,9,9,1,0,16447,6.6,-1942,-2662,20.8,1644.7,9,6,14,0,0,18389,7,1942,2662,23.9,1838.9
1,4,6,4,1,0,15883,6.8,-426,-323,23.5,1588.3,6,4,6,0,0,16309,7,426,323,23.8,1630.9
0,6,10,12,1,0,15693,6.6,-2794,-2688,17.7,1569.3,10,6,6,0,0,18487,7.2,2794,2688,23.7,1848.7
0,3,13,1,0,0,13737,6.2,14,-28,17.4,1373.7,13,3,12,1,0,16378,7.6,-14,28,25,1637.8
0,7,3,5,0,0,17019,7.2,1175,963,23.6,1701.9,3,7,3,2,0,15844,6.8,-1175,-963,23.1,1584.4
0,3,5,3,0,0,15029,7,-1420,-1415,23,1502.9,5,3,5,1,0,16449,7,1420,1415,22.2,1644.9
0,6,7,6,0,0,16643,7,-265,-872,23.2,1664.3,7,6,9,1,0,16908,7.2,265,872,22.2,1690.8
1,4,9,4,0,0,15198,6.4,-797,-532,22.6,1519.8,9,4,10,1,0,15995,6.6,797,532,18,1599.5
1,10,5,6,1,0,18625,7,3201,2000,23.1,1862.5,5,10,5,1,0,15424,6.8,-3201,-2000,19.1,1542.4
0,6,7,2,0,0,15030,6.4,-632,675,20.4,1503,7,6,8,1,0,15662,6.4,632,-675,19.2,1566.2
1,8,3,4,0,0,18347,7.4,2493,1826,25.1,1834.7,3,8,2,1,0,15854,7,-2493,-1826,23.3,1585.4
1,9,4,4,1,0,18458,7.4,3158,2594,27,1845.8,4,9,6,1,0,15300,6.8,-3158,-2594,20.2,1530
0,7,8,8,0,0,16228,6.6,-1127,-1496,19.1,1622.8,8,7,6,2,0,17355,7,1127,1496,20.4,1735.5
0,9,7,5,0,0,16880,7,-296,872,19.5,1688,7,9,7,0,0,17176,6.8,296,-872,24.6,1717.6
1,0,4,0,0,0,14144,6.6,-1473,-29,22.8,1414.4,4,0,6,1,0,15617,6.6,1473,29,22.8,1561.7
0,6,5,3,0,0,16056,7,810,98,19.8,1605.6,5,6,3,1,0,15246,6.8,-810,-98,19.2,1524.6
1,7,10,5,0,0,17444,7.2,-180,-102,19.7,1744.4,10,7,12,2,0,17624,7,180,102,20.4,1762.4
1,2,4,3,0,0,14716,6.8,-839,63,21.9,1471.6,4,2,5,1,0,15555,7,839,-63,21.5,1555.5
1,6,3,4,1,0,16443,7.4,1030,914,26.1,1644.3,3,6,5,1,0,15413,7,-1030,-914,23.5,1541.3
1,3,4,1,1,0,14507,6.6,-885,180,20.7,1450.7,4,3,4,0,0,15392,6.8,885,-180,20.6,1539.2
0,12,10,6,1,0,17974,6.2,186,-741,18.2,1797.4,10,12,9,1,0,17788,6.4,-186,741,18.8,1778.8
0,3,9,4,0,0,15279,6.8,-3702,-1251,20.6,1527.9,9,3,14,2,0,18981,7,3702,1251,23.7,1898.1
1,8,4,7,1,0,18837,7.6,3479,2657,24.6,1883.7,4,8,6,1,0,15358,6.8,-3479,-2657,22.2,1535.8
0,3,9,3,0,0,14291,6.4,-4991,-3526,21.2,1429.1,9,3,13,2,0,19282,7.2,4991,3526,21.6,1928.2
0,6,9,2,1,0,15290,6.8,-2543,-538,19.5,1529,9,6,8,0,0,17833,6.6,2543,538,21.5,1783.3
1,10,6,9,0,0,17687,7.2,1729,2306,19.7,1768.7,6,10,5,0,0,15958,6.8,-1729,-2306,19.4,1595.8
0,5,7,6,0,0,15742,6.8,-1964,-3104,22.8,1574.2,7,5,6,1,0,17706,7.6,1964,3104,24.1,1770.6
0,1,3,1,1,0,13942,7,-1231,-908,21.9,1394.2,3,1,1,0,0,15173,7,1231,908,24.8,1517.3
0,5,6,5,0,0,16452,7,-445,141,22,1645.2,6,5,5,0,0,16897,7,445,-141,21.2,1689.7
0,5,4,3,1,0,16123,7,857,961,23.5,1612.3,4,5,5,0,0,15266,7,-857,-961,20.2,1526.6
0,3,9,4,0,0,14725,6.6,-2959,-2726,20,1472.5,9,3,9,0,0,17684,7,2959,2726,21.3,1768.4
0,10,11,10,0,0,17151,6.8,-1593,-1157,21.8,1715.1,11,10,9,0,0,18744,7.2,1593,1157,21.2,1874.4
0,2,5,1,0,0,14616,7,-1441,55,24.2,1461.6,5,2,7,1,0,16057,6.8,1441,-55,20.7,1605.7
1,5,4,5,1,0,15862,6.8,-292,-440,22,1586.2,4,5,7,0,0,16154,7,292,440,22.4,1615.4
0,14,10,6,0,0,19139,6.8,814,82,18,1913.9,10,14,14,0,0,18325,7,-814,-82,20.3,1832.5
1,6,6,9,1,0,18409,6.8,225,-216,21.2,1840.9,6,6,4,1,0,18184,7,-225,216,24.2,1818.4
1,9,7,9,0,0,18236,6.8,2481,1470,20.7,1823.6,7,9,10,0,0,15755,6.6,-2481,-1470,18.4,1575.5
0,6,3,9,0,0,16991,6.8,1116,1050,24.2,1699.1,3,6,5,0,0,15875,6.8,-1116,-1050,24.8,1587.5
0,2,7,2,0,0,14270,6.4,-3519,-4275,21.5,1427,7,2,8,1,0,17789,7.4,3519,4275,24.1,1778.9
0,11,8,9,0,0,17802,7,1124,1058,18.3,1780.2,8,11,10,1,0,16678,6.8,-1124,-1058,19,1667.8
1,5,3,7,1,0,17340,7.2,2486,2148,21.5,1734,3,5,3,0,0,14854,6.6,-2486,-2148,22.3,1485.4
0,10,4,15,2,0,18959,7.2,3373,1784,24.4,1895.9,4,10,2,0,0,15586,6.8,-3373,-1784,22.1,1558.6
0,3,8,3,0,0,14809,6.8,-2595,-1917,23.2,1480.9,8,3,10,0,0,17404,7.2,2595,1917,24.5,1740.4
1,8,11,8,0,0,16900,6.8,-590,527,16.8,1690,11,8,10,0,0,17490,6.4,590,-527,18.6,1749
1,7,2,6,0,0,16647,7,3257,2138,21.4,1664.7,2,7,1,0,0,13390,6.2,-3257,-2138,19.7,1339
1,6,3,2,1,0,17149,7,2610,1716,25.7,1714.9,3,6,2,1,0,14539,6.6,-2610,-1716,20.3,1453.9
0,7,9,5,0,0,16855,7.2,-1297,-856,22.1,1685.5,9,7,8,1,0,18152,7.2,1297,856,22.9,1815.2
1,10,10,7,0,0,17838,7,-482,668,23,1783.8,10,10,16,1,0,18320,6.8,482,-668,20.2,1832
1,7,9,5,1,0,16730,6.8,-1237,753,18,1673,9,7,10,1,0,17967,6.8,1237,-753,19.6,1796.7
0,8,14,7,1,0,16948,6.6,-5335,-1002,18.1,1694.8,14,8,13,1,0,16378,7,5335,1002,25.3,1637.8
1,2,4,4,1,0,13946,6.6,-1896,-2216,21.1,1394.6,4,2,5,0,0,15842,7,1896,2216,23.2,1584.2
1,6,0,7,0,0,16144,7,1594,477,19.9,1614.4,0,6,0,1,0,14550,7,-1594,-477,25.7,1455
1,7,6,7,0,0,18248,7.2,1989,1106,23.1,1824.8,6,7,3,1,0,16259,7,-1989,-1106,21.5,1625.9
1,9,4,12,1,0,18710,7.6,3467,3958,21,1871,4,9,3,0,0,15243,6.4,-3467,-3958,19.3,1524.3
0,2,7,1,1,0,14733,6.8,-2267,-2546,22.4,1473.3,7,2,4,1,0,17000,7.6,2267,2546,24.4,1700
0,5,7,4,0,0,15386,6.6,-1739,-826,18.8,1538.6,7,5,9,1,0,17125,6.8,1739,826,22.2,1712.5
0,5,7,7,0,0,15812,7,-950,60,22.7,1581.2,7,5,7,1,0,16762,6.8,950,-60,23.3,1676.2
0,3,5,3,0,0,15553,7.2,-1449,-349,24.4,1555.3,5,3,3,0,0,17002,7.2,1449,349,25,1700.2
0,7,5,6,0,0,16549,7.2,611,1342,20.5,1654.9,5,7,9,1,0,15938,6.8,-611,-1342,20.3,1593.8
1,6,5,10,1,0,16348,7,-720,-1208,22.5,1634.8,5,6,9,1,0,17068,7.2,720,1208,24.8,1706.8
0,5,5,5,1,0,16115,7.2,516,2485,23.7,1611.5,5,5,8,0,0,15599,6.6,-516,-2485,21.3,1559.9
1,4,6,4,0,0,17814,7,2154,25,25.2,1781.4,6,4,4,1,0,15660,7,-2154,-25,19.7,1566
0,7,9,5,0,0,16884,7.4,-1474,-179,22,1688.4,9,7,8,1,0,18358,7.6,1474,179,22.8,1835.8
0,6,12,8,0,0,16038,6.4,-3674,-3098,20.9,1603.8,12,6,16,2,0,19712,7.6,3674,3098,20.5,1971.2
1,6,8,8,0,0,18198,7,1549,-554,22,1819.8,8,6,8,0,0,16649,7,-1549,554,22,1664.9
0,3,10,1,0,0,15827,7,-2683,-2383,24.5,1582.7,10,3,12,1,0,18510,7.2,2683,2383,23.4,1851
1,6,4,7,0,0,16421,7,267,-52,22.4,1642.1,4,6,7,1,0,16154,7.2,-267,52,24.1,1615.4
1,9,7,13,0,0,18107,7,1417,492,21,1810.7,7,9,8,0,0,16690,7,-1417,-492,19.9,1669
1,7,4,7,1,0,18821,7.2,4074,2842,25.9,1882.1,4,7,6,0,0,14747,6.4,-4074,-2842,18.9,1474.7
0,7,7,6,1,0,16063,6.8,-1571,-1130,19.2,1606.3,7,7,6,0,0,17634,7.2,1571,1130,26,1763.4
1,10,8,16,1,0,19376,7.2,2068,1158,24.1,1937.6,8,10,7,0,0,17308,6.8,-2068,-1158,20.4,1730.8
0,11,8,14,0,0,18345,7.2,1959,899,21.8,1834.5,8,11,10,2,0,16386,6.8,-1959,-899,19.8,1638.6
1,8,5,7,0,0,16239,6.8,36,1099,20,1623.9,5,8,6,0,0,16203,6.6,-36,-1099,21.5,1620.3
1,10,4,8,0,0,17596,7.4,2031,1116,21.1,1759.6,4,10,4,1,0,15565,7.2,-2031,-1116,23,1556.5
1,7,4,14,1,0,16655,6.8,1054,-67,21.4,1665.5,4,7,5,1,0,15601,6.8,-1054,67,21.4,1560.1
1,7,7,5,0,0,17623,7.2,724,1268,23.3,1762.3,7,7,7,1,0,16899,7.2,-724,-1268,22.3,1689.9
0,9,9,10,1,0,17326,6.8,54,-321,18.8,1732.6,9,9,8,0,0,17272,6.8,-54,321,19.3,1727.2
1,6,3,6,1,0,16628,6.8,2050,687,23,1662.8,3,6,2,0,0,14578,6.6,-2050,-687,19.5,1457.8
1,6,6,6,0,0,15863,6.8,46,881,22.1,1586.3,6,6,9,0,0,15817,6.4,-46,-881,19.1,1581.7
1,8,7,7,1,0,18698,7.4,2078,2058,25.9,1869.8,7,8,7,1,0,16620,7,-2078,-2058,20.7,1662
1,14,6,15,0,0,16398,7.6,5260,2633,21.5,1639.8,6,14,5,1,0,15827,7,-5260,-2633,19.3,1582.7
0,3,7,3,1,0,15689,6.8,-2253,-1798,23.6,1568.9,7,3,8,0,0,17942,7.2,2253,1798,23.8,1794.2
1,2,2,4,0,0,14795,6.4,204,-1452,20.8,1479.5,2,2,1,1,0,14591,6.8,-204,1452,22.3,1459.1
1,6,6,6,2,0,16398,7.4,5742,3475,24.4,1639.8,6,6,6,0,0,16005,6.6,-5742,-3475,19,1600.5
0,8,3,7,0,0,18103,7.4,2683,1740,24.7,1810.3,3,8,3,1,0,15420,7,-2683,-1740,24.1,1542
1,6,7,15,2,0,16398,6.8,5040,2681,23.7,1639.8,7,6,8,0,0,15782,6.4,-5040,-2681,18.7,1578.2
0,5,4,7,0,0,15881,6.8,76,98,23.9,1588.1,4,5,6,1,0,15805,6.8,-76,-98,24.9,1580.5
1,6,5,6,0,0,17342,7.2,811,1501,26.3,1734.2,5,6,5,0,0,16531,6.6,-811,-1501,19.9,1653.1
0,6,2,7,1,0,16583,7,2191,1140,24.4,1658.3,2,6,1,1,0,14392,6.8,-2191,-1140,21.8,1439.2
1,11,5,11,2,0,18544,7,3046,1162,21.3,1854.4,5,11,5,0,0,15498,6.6,-3046,-1162,19.8,1549.8
1,6,6,6,0,0,17023,7.2,671,804,25.5,1702.3,6,6,10,0,0,16352,6.8,-671,-804,23.1,1635.2
0,6,7,2,0,0,16190,6.8,-158,-67,23.4,1619,7,6,13,1,0,16348,7,158,67,21.7,1634.8
1,9,5,15,0,0,17965,7,2584,2273,21,1796.5,5,9,5,0,0,15381,6.4,-2584,-2273,22,1538.1
1,5,5,10,0,0,16932,6.8,1059,919,23.9,1693.2,5,5,4,1,0,15873,6.8,-1059,-919,19.2,1587.3
0,10,12,11,0,0,17793,7,-1761,37,19.9,1779.3,12,10,14,2,0,19554,7,1761,-37,20.6,1955.4
0,9,8,9,1,0,18096,6.8,1827,972,21.3,1809.6,8,9,14,1,0,16269,6.8,-1827,-972,16.7,1626.9
0,7,9,6,0,0,16317,6.6,-2448,-1976,20.5,1631.7,9,7,7,1,0,18765,7.2,2448,1976,23.8,1876.5
1,4,8,3,1,0,15049,7,-2088,-870,21.8,1504.9,8,4,7,0,0,17137,7.2,2088,870,24,1713.7
0,11,7,6,1,0,18997,7.2,1373,57,23.7,1899.7,7,11,7,0,0,17624,6.8,-1373,-57,22.7,1762.4
0,7,5,10,0,0,17098,7.2,1733,862,22.9,1709.8,5,7,4,1,0,15365,6.8,-1733,-862,20.6,1536.5
1,8,8,4,2,0,16459,6.8,-335,-213,19,1645.9,8,8,7,0,0,16794,7,335,213,20.9,1679.4
1,10,4,9,0,0,18129,7.4,2915,3259,25,1812.9,4,10,4,1,0,15214,6.8,-2915,-3259,19.3,1521.4
0,3,7,4,0,0,14459,6.6,-2499,-1870,20.2,1445.9,7,3,13,1,0,16958,7,2499,1870,23.8,1695.8
1,5,10,6,0,0,16373,6.8,-1343,-1261,23.7,1637.3,10,5,6,1,0,17716,6.8,1343,1261,19.5,1771.6
0,7,7,7,1,0,16645,6.8,-742,-750,23.1,1664.5,7,7,5,0,0,17387,7,742,750,22.3,1738.7
1,2,7,4,1,0,14010,6.4,-3047,-612,18.7,1401,7,2,9,1,0,17057,6.6,3047,612,21.5,1705.7
0,2,5,2,0,0,14780,7,-1828,-1146,24.9,1478,5,2,6,1,0,16608,7.2,1828,1146,23,1660.8
0,7,8,10,1,0,16740,6.8,-1784,-889,23.4,1674,8,7,8,1,0,18524,7,1784,889,25.1,1852.4
0,7,7,8,1,0,16812,6.8,-260,-369,22.6,1681.2,7,7,7,0,0,17072,7.2,260,369,23.3,1707.2
0,7,4,9,0,0,16667,7,1465,201,22.3,1666.7,4,7,6,1,0,15202,7,-1465,-201,21.8,1520.2
1,10,5,7,0,0,17954,7.2,2427,2365,20.1,1795.4,5,10,6,0,0,15527,6.8,-2427,-2365,22.4,1552.7
1,11,3,14,1,0,19278,7.4,4230,3209,22.6,1927.8,3,11,3,0,0,15048,6.4,-4230,-3209,18.6,1504.8
0,5,11,6,0,0,14784,6.4,-3584,-3674,17.3,1478.4,11,5,8,0,0,18368,7.2,3584,3674,21.1,1836.8
0,3,8,1,0,0,14290,6.8,-3260,-1060,20.4,1429,8,3,8,1,0,17550,7.2,3260,1060,22.1,1755
1,9,5,12,0,0,16759,7,988,581,18.3,1675.9,5,9,9,2,0,15771,6.6,-988,-581,19.8,1577.1
1,5,2,3,0,0,16929,7.2,1398,1802,23.2,1692.9,2,5,3,0,0,15531,7,-1398,-1802,23.9,1553.1
0,3,4,3,1,0,14839,6.8,-986,-1894,20.5,1483.9,4,3,3,1,0,15825,7.4,986,1894,25,1582.5
1,8,6,6,0,0,16820,6.8,439,-524,22.3,1682,6,8,4,1,0,16381,7,-439,524,21.4,1638.1
0,8,6,9,2,0,18010,7.2,2120,2095,22.4,1801,6,8,5,0,0,15890,7,-2120,-2095,22.9,1589
0,6,3,11,1,0,16409,6.6,1642,-1085,22.8,1640.9,3,6,3,1,0,14767,6.8,-1642,1085,20.4,1476.7
0,7,5,9,1,0,17456,7,1480,721,26.1,1745.6,5,7,7,0,0,15976,6.6,-1480,-721,20.9,1597.6
0,7,5,7,0,0,17235,7.4,750,867,25.1,1723.5,5,7,8,0,0,16485,7.2,-750,-867,23,1648.5
1,7,3,7,1,0,16934,7,1714,1369,22.8,1693.4,3,7,4,1,0,15220,6.8,-1714,-1369,22.9,1522
0,5,6,4,0,0,15109,7,-1493,-382,21.3,1510.9,6,5,2,1,0,16602,7,1493,382,23,1660.2
1,7,6,5,1,0,16898,7,599,267,22.6,1689.8,6,7,7,1,0,16299,6.8,-599,-267,20.3,1629.9
1,12,11,12,0,0,19237,7.2,981,369,20.9,1923.7,11,12,11,0,0,18256,7,-981,-369,23.3,1825.6
1,7,5,8,0,0,16525,6.8,67,-303,19.1,1652.5,5,7,5,0,0,16458,7,-67,303,22.8,1645.8
0,3,5,2,0,0,14452,6.4,-1404,-2296,18.6,1445.2,5,3,3,1,0,15856,6.8,1404,2296,22.8,1585.6
1,8,4,8,1,0,17463,7,2337,2150,22.9,1746.3,4,8,3,0,0,15126,6.8,-2337,-2150,20.4,1512.6
0,10,9,13,0,0,18695,7.2,601,152,22.5,1869.5,9,10,9,0,0,18094,7,-601,-152,19.9,1809.4
0,4,6,2,1,0,15360,6.6,-829,-1232,22,1536,6,4,4,1,0,16189,6.8,829,1232,23.2,1618.9
1,9,5,13,0,0,17626,7.2,2511,3602,21.9,1762.6,5,9,13,2,0,15115,7,-2511,-3602,16.2,1511.5
1,4,3,5,0,0,15429,7,39,-301,23.8,1542.9,3,4,2,1,0,15390,7,-39,301,23.8,1539
1,3,3,3,1,0,15271,7,-455,-767,23.6,1527.1,3,3,3,0,0,15726,7.2,455,767,25.8,1572.6
1,2,5,3,2,0,14961,6.6,-2377,-2713,21,1496.1,5,2,4,0,0,17338,7.6,2377,2713,26.9,1733.8
1,14,3,14,0,0,16398,7.4,14,-28,22,1639.8,3,14,2,0,0,16378,7,-14,28,21.8,1637.8
0,8,8,6,0,0,16983,7.2,-125,-479,19.8,1698.3,8,8,7,1,0,17108,7.4,125,479,20.8,1710.8
0,7,2,8,0,0,17490,7.6,2880,3031,25.9,1749,2,7,2,0,0,14610,6.6,-2880,-3031,21.5,1461
0,6,6,12,0,0,18863,7.2,2789,585,19.5,1886.3,6,6,4,0,0,16074,7,-2789,-585,19.2,1607.4
1,12,6,9,1,0,18259,7.2,2254,1555,21.8,1825.9,6,12,3,0,0,16005,7,-2254,-1555,21.5,1600.5
1,9,3,13,1,0,17939,7.2,3246,409,22,1793.9,3,9,0,0,0,14693,7,-3246,-409,23.5,1469.3
0,4,5,5,1,0,14695,7.2,-1766,-639,20,1469.5,5,4,3,0,0,16461,7,1766,639,25.9,1646.1
0,3,12,2,1,0,14299,6.4,-4376,-3665,20.7,1429.9,12,3,14,1,0,18675,7.4,4376,3665,20.6,1867.5
1,8,3,9,1,0,17328,7.2,2357,2202,22.8,1732.8,3,8,2,0,0,14971,6.8,-2357,-2202,22.2,1497.1
1,9,5,11,1,0,17299,7,2079,1371,21.3,1729.9,5,9,4,0,0,15220,6.6,-2079,-1371,19.3,1522
1,10,4,14,1,0,18541,7,4362,2989,21,1854.1,4,10,2,0,0,14179,6.4,-4362,-2989,17.6,1417.9
0,2,7,3,0,0,14854,6.8,-3330,-2255,25,1485.4,7,2,10,1,0,18184,7.4,3330,2255,24.8,1818.4
0,11,6,15,2,0,17816,7.4,1488,1092,20.9,1781.6,6,11,9,0,0,16328,7,-1488,-1092,22.5,1632.8
0,7,9,9,0,0,17482,7.2,-561,-489,23.3,1748.2,9,7,9,0,0,18043,7.2,561,489,22.4,1804.3
1,11,9,9,1,0,19754,7,1379,246,22.7,1975.4,9,11,15,1,0,18375,7.2,-1379,-246,21.5,1837.5
1,8,8,6,1,0,17928,6.8,1250,297,21.7,1792.8,8,8,13,0,0,16678,6.8,-1250,-297,19.2,1667.8
1,6,5,6,1,0,16273,7.2,464,1383,23.7,1627.3,5,6,2,1,0,15809,7,-464,-1383,23.5,1580.9
1,6,7,6,0,0,16473,7,-628,-582,20.4,1647.3,7,6,4,1,0,17101,7.2,628,582,21.8,1710.1
1,5,12,4,0,0,16033,7,-2746,-827,20.7,1603.3,12,5,6,0,0,18779,6.8,2746,827,20.2,1877.9
0,12,13,14,0,0,18002,6.8,-2340,-2351,17.8,1800.2,13,12,16,1,0,20342,7.6,2340,2351,22,2034.2
1,13,7,12,1,0,19360,7.2,3034,1636,23.8,1936,7,13,7,0,0,16326,6.6,-3034,-1636,18.3,1632.6
0,1,5,1,0,0,14777,6.8,-1664,-990,23.1,1477.7,5,1,7,1,0,16441,7.2,1664,990,23.6,1644.1
0,8,10,9,0,0,16738,6.8,-1428,-671,19.9,1673.8,10,8,16,1,0,18166,7,1428,671,20.1,1816.6
1,7,4,7,1,0,17070,7.2,1451,1441,22.3,1707,4,7,4,0,0,15619,6.8,-1451,-1441,19.9,1561.9
0,7,10,7,0,0,16995,6.8,-1666,-759,21.7,1699.5,10,7,15,1,0,18661,7,1666,759,24.3,1866.1
1,9,7,12,1,0,17896,6.8,1076,1288,21.5,1789.6,7,9,10,0,0,16820,6.8,-1076,-1288,22.2,1682
1,2,3,5,0,0,15186,7.2,-35,1112,23.6,1518.6,3,2,4,0,0,15221,6.8,35,-1112,23.6,1522.1
0,7,2,4,0,0,17294,7.4,2480,3168,24.6,1729.4,2,7,2,0,0,14814,6.6,-2480,-3168,21.8,1481.4
1,5,2,7,1,0,16443,7,1717,508,23.8,1644.3,2,5,4,0,0,14726,7,-1717,-508,19.7,1472.6
0,5,7,5,0,0,15420,6.6,-692,-604,21,1542,7,5,7,2,0,16112,6.8,692,604,19.3,1611.2
1,3,3,4,0,0,14979,7,-1171,-496,23.7,1497.9,3,3,3,0,0,16150,7,1171,496,25.1,1615
1,8,6,8,1,0,16984,6.8,469,-755,20.5,1698.4,6,8,5,1,0,16515,7,-469,755,23.3,1651.5
1,7,5,6,1,0,16580,7,-334,-1403,20.7,1658,5,7,5,0,0,16914,7,334,1403,22.8,1691.4
1,1,1,1,1,0,14529,7,924,1282,24.1,1452.9,1,1,0,1,0,13605,6.4,-924,-1282,21.5,1360.5
1,5,8,5,0,0,16616,6.6,-827,-981,21.8,1661.6,8,5,11,0,0,17443,6.8,827,981,24.3,1744.3
1,3,7,3,1,0,15199,6.8,-1631,-1338,23.5,1519.9,7,3,7,1,0,16830,7,1631,1338,20.6,1683
0,6,9,9,0,0,16240,7.2,-2184,-1298,20.5,1624,9,6,9,1,0,18424,7.2,2184,1298,25,1842.4
0,7,8,10,1,0,15719,6.4,-833,-1553,17.2,1571.9,8,7,7,0,0,16552,6.8,833,1553,20.1,1655.2
1,8,10,15,1,0,17231,7,-1471,-1810,19.3,1723.1,10,8,11,0,0,18702,7.2,1471,1810,21.3,1870.2
1,10,4,12,1,0,18945,7,2542,525,23.4,1894.5,4,10,4,0,0,16403,6.8,-2542,-525,23.1,1640.3
1,8,5,9,1,0,16779,7,1468,195,22.4,1677.9,5,8,4,1,0,15311,7,-1468,-195,21.2,1531.1
1,7,3,4,1,0,17993,7.8,2782,4425,25.3,1799.3,3,7,4,1,0,15211,6.4,-2782,-4425,22.1,1521.1
0,8,9,5,1,0,15782,6.8,-2323,-2444,18.2,1578.2,9,8,8,1,0,18105,7,2323,2444,18.5,1810.5
1,10,5,8,1,0,17910,7.2,2786,3197,21.1,1791,5,10,4,0,0,15124,6.8,-2786,-3197,17.5,1512.4
0,7,7,4,0,0,17319,7,2209,1640,25.3,1731.9,7,7,6,2,0,15110,6.8,-2209,-1640,15.9,1511
1,7,0,4,2,0,17788,7.2,4961,3591,25.6,1778.8,0,7,0,0,0,12827,6.2,-4961,-3591,20.2,1282.7
1,7,6,14,1,0,16304,6.2,-61,-1738,18.2,1630.4,6,7,8,0,0,16365,6.4,61,1738,21.9,1636.5
0,3,4,1,1,0,15438,7.2,-38,2015,21.3,1543.8,4,3,3,1,0,15476,6.8,38,-2015,21.8,1547.6
1,12,7,9,0,0,18879,7.4,1912,1686,21.9,1887.9,7,12,8,1,0,16967,7,-1912,-1686,19.7,1696.7
1,7,5,10,0,0,16987,6.8,2407,543,23.5,1698.7,5,7,2,2,0,14580,6.8,-2407,-543,16.8,1458
1,6,5,2,0,0,15740,7,1078,2430,20.1,1574,5,6,5,1,0,14662,6.6,-1078,-2430,15.8,1466.2
0,4,8,5,1,0,15375,7,-1489,-2144,22,1537.5,8,4,3,0,0,16864,7.6,1489,2144,23,1686.4
0,7,13,8,0,0,16658,6.6,-2184,-2333,19.2,1665.8,13,7,8,1,0,18842,7.4,2184,2333,20.2,1884.2
1,10,3,8,0,0,18130,7,3905,1506,21.6,1813,3,10,3,1,0,14225,6.8,-3905,-1506,17.3,1422.5
0,1,2,1,1,0,13486,6.6,-1433,-394,20,1348.6,2,1,2,0,0,14919,6.6,1433,394,24.1,1491.9
0,0,6,0,0,0,13421,6.6,-3543,-1737,22.1,1342.1,6,0,7,1,0,16964,7.2,3543,1737,24.2,1696.4
0,5,11,7,1,0,14587,6.2,-3541,-4118,17.1,1458.7,11,5,12,0,0,18128,7.2,3541,4118,21.8,1812.8
0,4,4,5,0,0,15741,7,-425,-284,22.4,1574.1,4,4,5,1,0,16166,7,425,284,22.8,1616.6
0,8,5,9,0,0,18098,7.2,2730,3068,21.2,1809.8,5,8,2,1,0,15368,6.4,-2730,-3068,21.5,1536.8
1,9,3,9,1,0,18695,7.2,4298,2299,24.5,1869.5,3,9,2,1,0,14397,6.8,-4298,-2299,19,1439.7
0,4,8,6,0,0,15549,6.8,-1841,-357,22.8,1554.9,8,4,11,0,0,17390,7,1841,357,22.3,1739
1,10,3,13,1,0,17951,7.2,3022,2631,22.6,1795.1,3,10,5,0,0,14929,6.6,-3022,-2631,20.9,1492.9
0,12,3,11,1,0,18428,7,3117,1745,21.8,1842.8,3,12,4,0,0,15311,6.6,-3117,-1745,25.4,1531.1
1,8,2,4,1,0,16466,6.8,2489,2364,20.5,1646.6,2,8,2,0,0,13977,6.8,-2489,-2364,19.4,1397.7
1,7,1,8,1,0,17056,7,3515,2156,23.2,1705.6,1,7,1,1,0,13541,6.6,-3515,-2156,20.8,1354.1
1,9,6,7,1,0,18017,7.2,1937,766,21,1801.7,6,9,6,0,0,16080,7.2,-1937,-766,20.9,1608
1,6,10,6,0,0,16398,6.8,4999,1094,20.5,1639.8,10,6,11,1,0,17746,6.4,-4999,-1094,17.5,1774.6
0,1,7,2,0,0,13998,6.6,-5086,-3284,20.7,1399.8,7,1,8,1,0,19084,7.6,5086,3284,25.8,1908.4
0,9,7,7,0,0,18012,7,1194,2051,23.9,1801.2,7,9,6,1,0,16818,6.6,-1194,-2051,22.1,1681.8
0,5,3,6,0,0,15840,6.8,923,828,21.1,1584,3,5,4,1,0,14917,6.4,-923,-828,23.5,1491.7
1,6,4,12,2,0,17784,7,1500,-1268,22.3,1778.4,4,6,6,0,0,16284,7.2,-1500,1268,23.3,1628.4
1,8,4,12,2,0,18167,7,2691,2585,22.2,1816.7,4,8,4,0,0,15476,6.2,-2691,-2585,23.4,1547.6
1,10,1,15,1,0,18795,7.4,4498,3370,26,1879.5,1,10,2,0,0,14297,6.4,-4498,-3370,22.6,1429.7
1,8,5,15,2,0,17999,7.2,2711,2160,21.4,1799.9,5,8,3,0,0,15288,7,-2711,-2160,21.3,1528.8
1,7,5,5,1,0,17381,7.2,1300,1783,23.4,1738.1,5,7,6,0,0,16081,6.8,-1300,-1783,22.7,1608.1
0,2,10,2,0,0,14194,6.2,-5553,-4226,19.5,1419.4,10,2,12,1,0,19747,7.2,5553,4226,23.3,1974.7
0,5,4,6,0,0,15732,6.6,17,-1014,21.8,1573.2,4,5,4,0,0,15715,7,-17,1014,24.8,1571.5
1,11,6,10,0,0,18335,6.8,2498,732,23.8,1833.5,6,11,7,0,0,15837,6.8,-2498,-732,19.4,1583.7
1,9,8,12,1,0,17785,7,1323,183,20.2,1778.5,8,9,6,1,0,16462,6.8,-1323,-183,18.1,1646.2
1,8,4,11,1,0,16911,7.2,2265,2392,21.7,1691.1,4,8,4,0,0,14646,6.8,-2265,-2392,17.8,1464.6
1,6,6,16,0,0,16398,7.6,5956,4568,23.2,1639.8,6,6,5,0,0,15486,6.4,-5956,-4568,18.5,1548.6
0,3,4,2,0,0,14652,7,-1075,11,23.5,1465.2,4,3,2,1,0,15727,7.2,1075,-11,23.3,1572.7
1,5,8,6,0,0,16936,6.8,-301,71,21.5,1693.6,8,5,10,1,0,17237,7,301,-71,18.7,1723.7
0,6,9,6,0,0,15821,6.8,-3364,-1990,20.8,1582.1,9,6,7,1,0,19185,7.2,3364,1990,23,1918.5
1,7,4,8,1,0,17863,7.4,3109,3007,25.7,1786.3,4,7,5,0,0,14754,6.4,-3109,-3007,20.4,1475.4
1,6,7,16,1,0,20300,7.4,3309,2603,19.2,2030,7,6,6,1,0,16991,6.8,-3309,-2603,19.4,1699.1
0,5,6,3,0,0,15964,7.2,-226,972,20.6,1596.4,6,5,7,1,0,16190,7.2,226,-972,20.8,1619
0,11,9,10,1,0,18172,6.8,1390,437,19.1,1817.2,9,11,7,0,0,16782,6.6,-1390,-437,18.1,1678.2
0,6,13,5,0,0,15662,6.4,-3983,-1784,19.1,1566.2,13,6,13,1,0,19645,7.2,3983,1784,21.8,1964.5
0,0,10,0,0,0,12863,6.6,-5961,-4133,17.7,1286.3,10,0,9,1,0,18824,7.6,5961,4133,24.4,1882.4
1,11,9,13,1,0,19236,7.4,2249,2480,23.1,1923.6,9,11,8,0,0,16987,7,-2249,-2480,21.9,1698.7
0,4,9,5,0,0,16500,7,-981,-1105,24.9,1650,9,4,10,2,0,17481,7.2,981,1105,19.3,1748.1
1,2,5,2,0,0,15292,6.8,-1774,-2576,25.2,1529.2,5,2,4,1,0,17066,7.6,1774,2576,26.7,1706.6
1,11,4,10,0,0,19677,6.8,14,3949,21.7,1967.7,4,11,5,0,0,13096,7,-14,-3949,21.8,1309.6
0,5,10,4,0,0,15660,7,-2602,-550,20.1,1566,10,5,14,1,0,18262,7.2,2602,550,19.7,1826.2
1,4,12,3,0,0,15639,6.4,-2608,-1326,22.7,1563.9,12,4,13,0,0,18247,7,2608,1326,19.8,1824.7
1,5,5,6,2,0,16746,7.2,1066,-560,24.7,1674.6,5,5,4,0,0,15680,7.4,-1066,560,23.9,1568
1,5,10,1,0,0,15042,6.8,-3052,-775,18.9,1504.2,10,5,13,1,0,18094,7,3052,775,20.1,1809.4
0,1,3,2,0,0,13496,6.6,-2452,-2422,18.6,1349.6,3,1,3,1,0,15948,7.2,2452,2422,25.5,1594.8
0,8,9,9,2,0,17421,6.8,-1330,378,21.7,1742.1,9,8,10,0,0,18751,7,1330,-378,21.7,1875.1
0,5,11,6,0,0,15696,6.6,-2942,-1785,19.5,1569.6,11,5,14,0,0,18638,7,2942,1785,21.2,1863.8
0,3,5,1,1,0,15577,6.8,-546,-1470,22,1557.7,5,3,7,0,0,16123,7.2,546,1470,22.9,1612.3
1,8,9,10,1,0,17563,7,268,789,19,1756.3,9,8,13,0,0,17295,6.6,-268,-789,23.4,1729.5
0,5,4,4,0,0,15387,6.6,-501,-934,19.6,1538.7,4,5,3,0,0,15888,6.6,501,934,21,1588.8
0,2,7,2,0,0,14612,6.6,-2541,-3552,24.2,1461.2,7,2,8,1,0,17153,7.4,2541,3552,22,1715.3
0,8,7,8,2,0,17898,7.4,942,1300,23.2,1789.8,7,8,6,0,0,16956,7,-942,-1300,24.5,1695.6
1,9,9,11,1,0,18376,7.2,653,462,23.8,1837.6,9,9,6,0,0,17723,7,-653,-462,20.4,1772.3
0,8,4,6,0,0,17235,7,2203,2404,21.4,1723.5,4,8,5,1,0,15032,6.6,-2203,-2404,20.5,1503.2
0,2,6,1,0,0,13736,6.2,-3593,-2516,18.8,1373.6,6,2,7,2,0,17329,7,3593,2516,22.7,1732.9
0,10,7,10,0,0,16818,6.8,283,165,18.3,1681.8,7,10,9,1,0,16535,6.6,-283,-165,21.9,1653.5
1,14,8,15,0,0,19950,7,3657,3286,21.2,1995,8,14,12,1,0,16293,6.2,-3657,-3286,21.8,1629.3
0,8,4,5,0,0,16840,7,793,461,20.9,1684,4,8,5,1,0,16047,7,-793,-461,23.2,1604.7
0,3,12,6,0,0,13961,6.2,-4731,-2817,16.8,1396.1,12,3,6,0,0,18692,6.8,4731,2817,20.6,1869.2
0,4,8,6,2,0,15404,6.6,-1332,-1998,20.3,1540.4,8,4,4,0,0,16736,7.2,1332,1998,20.4,1673.6
1,5,4,4,1,0,15481,6.8,-253,111,19.1,1548.1,4,5,2,0,0,15734,6.6,253,-111,23.4,1573.4
1,6,2,9,1,0,16751,7,832,551,23.9,1675.1,2,6,2,0,0,15919,6.8,-832,-551,22.5,1591.9
1,9,6,10,1,0,18447,7.4,1745,1766,24.3,1844.7,6,9,7,0,0,16702,7.2,-1745,-1766,24,1670.2
1,7,7,8,0,0,16983,6.8,-355,-560,22.7,1698.3,7,7,10,1,0,17338,7,355,560,21.8,1733.8
0,2,6,2,1,0,14596,6.8,-1883,-1131,20.4,1459.6,6,2,2,0,0,16479,6.8,1883,1131,25.4,1647.9
1,5,2,6,0,0,16622,7.2,2061,1314,23.5,1662.2,2,5,0,0,0,14561,7,-2061,-1314,21.9,1456.1
1,6,8,7,0,0,16730,7,-828,-1255,20.8,1673,8,6,7,0,0,17558,7.2,828,1255,23.3,1755.8
0,8,4,9,0,0,18073,7.6,2364,2384,23.9,1807.3,4,8,2,0,0,15709,7,-2364,-2384,23.3,1570.9
1,9,4,9,1,0,18622,7,2962,1156,23,1862.2,4,9,6,1,0,15660,6.8,-2962,-1156,18.1,1566
0,9,4,2,2,0,16730,7,178,424,19.8,1673,4,9,3,0,0,16552,7.2,-178,-424,24.5,1655.2
1,7,10,8,0,0,15724,6.4,-3798,-2337,16.3,1572.4,10,7,10,1,0,19522,7,3798,2337,22.2,1952.2
0,5,10,7,0,0,16161,6.8,-3761,-2475,21.3,1616.1,10,5,13,2,0,19922,7.2,3761,2475,24.1,1992.2
0,4,4,3,0,0,16175,6.8,684,-474,25.3,1617.5,4,4,4,0,0,15491,7,-684,474,23.2,1549.1
0,3,7,3,0,0,15355,6.6,-2215,-2114,20.4,1535.5,7,3,8,2,0,17570,7.2,2215,2114,24,1757
1,10,4,13,0,0,18504,7,3446,1559,20.6,1850.4,4,10,2,1,0,15058,6.8,-3446,-1559,22.1,1505.8
0,8,9,11,1,0,17147,6.8,-1546,-1047,19.4,1714.7,9,8,12,1,0,18693,6.8,1546,1047,24.4,1869.3
1,1,2,1,2,0,16616,7,1384,201,25.3,1661.6,2,1,4,0,0,15232,7.2,-1384,-201,24.1,1523.2
1,7,2,6,1,0,15471,7.4,708,1840,20.6,1547.1,2,7,2,0,0,14763,7,-708,-1840,22.8,1476.3
0,7,9,6,0,0,17075,7.2,-1075,-1160,23,1707.5,9,7,10,1,0,18150,7.2,1075,1160,23.2,1815
0,2,10,2,1,0,14519,6.8,-3798,-2950,22.3,1451.9,10,2,13,1,0,18317,7.4,3798,2950,22.6,1831.7
1,8,4,14,1,0,18664,7.4,3326,3001,23.3,1866.4,4,8,2,0,0,15338,6.6,-3326,-3001,21.5,1533.8
0,5,6,4,0,0,14768,6.6,-2337,-1158,15.7,1476.8,6,5,6,1,0,17105,7.2,2337,1158,21.7,1710.5
1,4,7,3,1,0,15859,7,-898,-655,25,1585.9,7,4,9,0,0,16757,7,898,655,19.3,1675.7
0,12,8,10,0,0,19432,7.4,2939,1636,23.2,1943.2,8,12,8,0,0,16493,6.8,-2939,-1636,20.3,1649.3
1,3,7,2,0,0,15412,6.8,-3768,-2111,21.1,1541.2,7,3,9,2,0,19180,7.4,3768,2111,24.6,1918
0,4,6,3,0,0,15306,6.8,-1171,-11,22,1530.6,6,4,5,0,0,16477,6.8,1171,11,21.1,1647.7
0,5,10,4,0,0,16377,7,-2167,-1447,22.8,1637.7,10,5,12,1,0,18544,7.2,2167,1447,21.6,1854.4
1,8,6,8,1,0,16563,7.2,498,244,19.9,1656.3,6,8,2,0,0,16065,7,-498,-244,20.9,1606.5
1,10,4,11,1,0,18879,7.2,4513,3883,22.2,1887.9,4,10,3,0,0,14366,6.4,-4513,-3883,19.5,1436.6
0,5,12,6,0,0,14656,6.4,-4201,-4782,18.6,1465.6,12,5,11,1,0,18857,7.4,4201,4782,21.6,1885.7
0,1,8,1,0,0,13129,6.6,-4800,-1308,18.4,1312.9,8,1,10,0,0,17929,7,4800,1308,21.8,1792.9
1,5,2,10,2,0,16256,7,2050,1834,21.8,1625.6,2,5,3,0,0,14206,6.4,-2050,-1834,21.7,1420.6
0,3,4,4,0,0,15179,6.8,-657,-81,23.7,1517.9,4,3,4,2,0,15836,7,657,81,23.7,1583.6
1,6,3,5,0,0,17384,7,2245,304,24.1,1738.4,3,6,3,1,0,15139,6.8,-2245,-304,22.3,1513.9
1,12,3,16,1,0,18280,7.4,4254,3059,20.9,1828,3,12,4,0,0,14026,6.6,-4254,-3059,20.4,1402.6
0,9,7,8,1,0,18253,7.2,1156,1711,20.3,1825.3,7,9,7,0,0,17097,7,-1156,-1711,22.1,1709.7
0,1,2,1,1,0,14722,7.2,-455,-1,25.4,1472.2,2,1,0,1,0,15177,7.2,455,1,26.3,1517.7
1,8,7,9,0,0,18593,7.4,2277,1630,25.2,1859.3,7,8,9,1,0,16316,7.2,-2277,-1630,20.3,1631.6
1,8,7,9,1,0,17345,7,928,-128,23.6,1734.5,7,8,7,0,0,16417,7.2,-928,128,19.8,1641.7
0,9,2,11,1,0,18804,7.2,4607,2975,27.2,1880.4,2,9,2,0,0,14197,6.6,-4607,-2975,19.7,1419.7
1,3,5,5,1,0,15597,7.2,200,532,24.9,1559.7,5,3,2,0,0,15397,7,-200,-532,20.3,1539.7
1,7,5,10,1,0,16460,7,1068,-736,22,1646,5,7,5,0,0,15392,6.8,-1068,736,20.9,1539.2
0,3,1,4,1,0,16156,7,1639,1308,23.3,1615.6,1,3,3,1,0,14517,7,-1639,-1308,24.1,1451.7
1,7,3,8,1,0,16463,6.8,1305,1032,22.3,1646.3,3,7,3,0,0,15158,6.6,-1305,-1032,24.4,1515.8
1,7,5,5,1,0,17541,7.2,1764,2586,23.2,1754.1,5,7,7,0,0,15777,6.8,-1764,-2586,20.8,1577.7
0,5,10,6,1,0,15020,6.6,-2620,-1037,18.2,1502,10,5,11,1,0,17640,6.8,2620,1037,19.7,1764
1,4,6,2,0,0,14687,6.6,-2142,-1742,21.6,1468.7,6,4,5,1,0,16829,6.8,2142,1742,22.3,1682.9
0,4,6,6,0,0,15502,6.8,-938,-729,22.7,1550.2,6,4,5,1,0,16440,6.8,938,729,23.9,1644
1,6,2,1,0,0,17413,7.2,2646,2305,25.7,1741.3,2,6,2,1,0,14767,6.6,-2646,-2305,21,1476.7
0,3,4,5,1,0,16001,7.2,-54,616,26.5,1600.1,4,3,6,0,0,16055,6.6,54,-616,22.3,1605.5
0,4,7,2,1,0,17040,7.2,293,718,22.8,1704,7,4,7,1,0,16747,6.8,-293,-718,20.4,1674.7
0,4,7,5,1,0,15920,6.6,-1138,-1025,23.4,1592,7,4,8,0,0,17058,7,1138,1025,23.7,1705.8
1,9,8,11,2,0,17408,7,360,97,20.7,1740.8,8,9,12,0,0,17048,7,-360,-97,19.1,1704.8
0,5,7,5,0,0,16394,7,-127,515,25.1,1639.4,7,5,12,1,0,16521,7,127,-515,19.4,1652.1
0,2,5,0,0,0,13408,6.4,-3160,-3099,19.2,1340.8,5,2,6,1,0,16568,7.2,3160,3099,22.4,1656.8
1,8,9,7,0,0,17697,6.8,118,-2044,20.8,1769.7,9,8,5,1,0,17579,7.2,-118,2044,20,1757.9
1,5,12,4,1,0,15708,7,-3205,-2487,21.9,1570.8,12,5,8,1,0,18913,7.4,3205,2487,23.1,1891.3
1,11,11,12,0,0,18409,7,-206,290,21.9,1840.9,11,11,12,0,0,18615,7,206,-290,17.4,1861.5
0,1,13,1,0,0,12622,7,14,-28,18.5,1262.2,13,1,16,2,0,19576,7.4,-14,28,22.8,1957.6
1,9,3,9,0,0,17503,7.2,2471,827,20.4,1750.3,3,9,4,1,0,15032,6.8,-2471,-827,21.2,1503.2
1,7,8,7,1,0,16936,7,-96,827,23.6,1693.6,8,7,8,1,0,17032,6.8,96,-827,21.1,1703.2
0,3,5,3,0,0,14622,7.2,-1567,-713,20.6,1462.2,5,3,3,1,0,16189,7.2,1567,713,23.7,1618.9
1,6,6,3,0,0,16266,7,920,1098,21.3,1626.6,6,6,4,0,0,15346,6.6,-920,-1098,21,1534.6
0,3,4,9,1,0,15240,6.8,-1279,-1122,24.3,1524,4,3,6,0,0,16519,7.2,1279,1122,24.4,1651.9
1,5,7,3,1,0,16911,7.2,681,2047,24.7,1691.1,7,5,10,1,0,16230,6.8,-681,-2047,19.6,1623
0,1,9,1,1,0,14055,6.8,-3872,-3173,20.4,1405.5,9,1,9,0,0,17927,7.6,3872,3173,21.4,1792.7
1,7,5,5,2,0,17227,7.6,1329,1625,21.8,1722.7,5,7,3,0,0,15898,7,-1329,-1625,20.7,1589.8
0,4,8,3,0,0,15525,6.6,-1784,-2938,19.8,1552.5,8,4,7,0,0,17309,7,1784,2938,22.7,1730.9
0,2,12,4,0,0,14199,6.4,14,-3435,16.7,1419.9,12,2,6,1,0,16378,7.2,-14,3435,22.3,1637.8
1,5,4,6,1,0,16610,7,828,-804,26.3,1661,4,5,3,0,0,15782,7.2,-828,804,24.3,1578.2
0,1,6,2,0,0,14307,6.4,-3418,-3733,21.1,1430.7,6,1,5,2,0,17725,7.4,3418,3733,23.4,1772.5
1,9,3,7,0,0,16646,7,2522,2156,23.6,1664.6,3,9,3,1,0,14124,6.6,-2522,-2156,21,1412.4
0,4,10,8,1,0,15316,6.4,-2882,-1423,21.5,1531.6,10,4,14,1,0,18198,6.8,2882,1423,21.8,1819.8
1,4,8,5,0,0,14834,6.6,-2714,-427,19.1,1483.4,8,4,11,1,0,17548,6.8,2714,427,19.8,1754.8
1,6,4,2,1,0,16027,7,276,-106,23.1,1602.7,4,6,4,0,0,15751,7.2,-276,106,23.9,1575.1
0,3,5,2,0,0,15631,7.2,-704,-1028,25.2,1563.1,5,3,4,1,0,16335,7.4,704,1028,22.9,1633.5
0,4,9,4,1,0,15114,6.8,-1210,-2064,19.3,1511.4,9,4,4,0,0,16324,7.2,1210,2064,21.3,1632.4
1,6,3,5,2,0,16929,7.4,1101,1147,26.3,1692.9,3,6,3,0,0,15828,7.2,-1101,-1147,24.2,1582.8
1,10,9,12,1,0,17828,7,371,514,18.4,1782.8,9,10,9,1,0,17457,7,-371,-514,21.9,1745.7
0,2,6,1,0,0,14062,6.8,-2226,-2642,21.9,1406.2,6,2,2,2,0,16288,7.4,2226,2642,23.8,1628.8
1,5,5,4,1,0,15885,6.6,-508,-1263,21.3,1588.5,5,5,5,0,0,16393,7,508,1263,23.5,1639.3
0,1,7,2,0,0,13976,6.6,-2971,-1923,21.1,1397.6,7,1,7,1,0,16947,7.2,2971,1923,23.1,1694.7
1,8,6,14,0,0,16898,7.2,734,1966,21.3,1689.8,6,8,9,0,0,16164,6.4,-734,-1966,20.9,1616.4
1,5,7,3,1,0,16535,7.2,956,2176,20.6,1653.5,7,5,5,0,0,15579,6.6,-956,-2176,19.7,1557.9
0,7,3,9,0,0,16847,7,1840,-279,22.3,1684.7,3,7,1,1,0,15007,6.8,-1840,279,22.4,1500.7
0,4,8,4,0,0,15937,7.2,-2138,-990,21.9,1593.7,8,4,13,1,0,18075,7.2,2138,990,25.4,1807.5
0,1,12,1,0,0,13453,6.4,-5403,-4604,21.5,1345.3,12,1,6,1,0,18856,7.4,5403,4604,23.2,1885.6
0,4,9,8,0,0,17071,6.8,-1763,-2184,20.5,1707.1,9,4,10,1,0,18834,7.4,1763,2184,23.6,1883.4
0,4,7,2,0,0,16224,7,-294,321,21.2,1622.4,7,4,5,0,0,16518,7,294,-321,20.5,1651.8
1,6,7,6,1,0,19776,7,2806,-579,19.1,1977.6,7,6,11,0,0,16970,7.2,-2806,579,19.7,1697
1,9,1,13,1,0,17461,7.2,3119,896,23.5,1746.1,1,9,1,1,0,14342,7,-3119,-896,22.8,1434.2
0,8,7,9,0,0,16355,7,-495,934,19.3,1635.5,7,8,7,1,0,16850,6.6,495,-934,19.1,1685
1,7,2,7,2,0,17325,7.6,2905,2774,23.8,1732.5,2,7,3,0,0,14420,6.6,-2905,-2774,22.2,1442
1,5,8,9,0,0,16391,6.8,-842,-711,22.8,1639.1,8,5,9,1,0,17233,7,842,711,23.9,1723.3
1,4,4,5,1,0,16938,7,1881,635,21.3,1693.8,4,4,5,0,0,15057,6.8,-1881,-635,22.4,1505.7
0,4,6,5,0,0,15316,6.6,-2883,-3312,18.4,1531.6,6,4,15,1,0,18199,7.2,2883,3312,19.4,1819.9
0,1,7,0,0,0,16398,7,-5394,-5037,17.1,1639.8,7,1,8,2,0,17694,7.2,5394,5037,24.6,1769.4
0,4,11,5,1,0,15373,6.6,-4432,-3639,21.7,1537.3,11,4,16,1,0,19805,7.4,4432,3639,22.6,1980.5
0,1,3,2,0,0,15196,6.8,52,-934,26.2,1519.6,3,1,2,1,0,15144,7,-52,934,24.6,1514.4
1,7,6,7,1,0,17184,6.6,1835,393,20.6,1718.4,6,7,5,1,0,15349,6.6,-1835,-393,21.7,1534.9
1,4,6,8,0,0,16135,6.6,173,461,21.3,1613.5,6,4,11,1,0,15962,6.4,-173,-461,19.6,1596.2
0,2,5,1,0,0,14658,6.6,-1957,422,21,1465.8,5,2,7,1,0,16615,6.6,1957,-422,20.9,1661.5
1,4,6,5,0,0,15420,6.8,-1633,-2918,23.5,1542,6,4,5,1,0,17053,7.4,1633,2918,25.3,1705.3
1,9,6,8,0,0,18130,7.2,2635,2531,22,1813,6,9,4,0,0,15495,6.6,-2635,-2531,19.5,1549.5
1,1,3,1,1,0,15119,6.8,-326,-294,24.9,1511.9,3,1,3,1,0,15445,7.4,326,294,22.8,1544.5
1,9,1,10,1,0,17101,7,3157,1899,20.7,1710.1,1,9,0,0,0,13944,6.4,-3157,-1899,23.9,1394.4
1,5,4,4,0,0,15832,7,-386,-775,22.5,1583.2,4,5,4,0,0,16218,7,386,775,24.4,1621.8
1,3,7,4,1,0,15088,6.6,-1685,-2902,20.9,1508.8,7,3,6,0,0,16773,7.4,1685,2902,23.5,1677.3
1,3,3,3,0,0,16213,7.2,1962,730,24.7,1621.3,3,3,6,1,0,14251,6.8,-1962,-730,21.2,1425.1
1,8,2,10,1,0,17300,7,2298,1572,22.3,1730,2,8,0,1,0,15002,7,-2298,-1572,24.8,1500.2
1,8,6,4,0,0,16818,7,588,1104,21.3,1681.8,6,8,7,1,0,16230,7,-588,-1104,23.2,1623
0,9,13,13,0,0,17163,6.6,-2880,-2174,19,1716.3,13,9,11,0,0,20043,7,2880,2174,21.3,2004.3
1,4,5,4,1,0,15522,7,-1071,-120,21.4,1552.2,5,4,7,1,0,16593,7.2,1071,120,24.6,1659.3
0,8,10,10,1,0,16991,7,-1001,-825,20.5,1699.1,10,8,6,0,0,17992,7.2,1001,825,22.5,1799.2
1,9,7,10,0,0,17556,7,1253,-235,22,1755.6,7,9,4,0,0,16303,7,-1253,235,19.1,1630.3
1,9,6,12,0,0,17359,7.2,887,346,22.5,1735.9,6,9,2,0,0,16472,6.8,-887,-346,23.7,1647.2
0,12,11,10,0,0,18849,7.2,702,4,21.6,1884.9,11,12,12,1,0,18147,7,-702,-4,18.2,1814.7
1,4,6,6,0,0,15260,6.8,-1443,-1629,20.1,1526,6,4,9,1,0,16703,7.4,1443,1629,21.2,1670.3
1,9,4,10,0,0,18307,7.2,3113,2284,24.4,1830.7,4,9,3,1,0,15194,6.4,-3113,-2284,21.3,1519.4
0,7,11,9,1,0,15363,6.2,-2151,-852,17.1,1536.3,11,7,9,0,0,17514,6.4,2151,852,19.9,1751.4
0,7,9,8,0,0,17543,7.2,204,-344,23.6,1754.3,9,7,7,1,0,17339,7.2,-204,344,23.7,1733.9
1,10,9,14,1,0,18513,7,710,288,21.3,1851.3,9,10,13,0,0,17803,6.8,-710,-288,19.1,1780.3
1,6,8,5,0,0,15913,6.8,-483,320,19.7,1591.3,8,6,7,1,0,16396,6.6,483,-320,18.7,1639.6
1,7,5,4,1,0,16605,7,-643,508,19.9,1660.5,5,7,5,1,0,17248,6.8,643,-508,24.1,1724.8
0,9,9,13,1,0,17641,6.8,436,338,19.9,1764.1,9,9,11,0,0,17205,6.4,-436,-338,20.7,1720.5
1,9,5,8,0,0,18564,7.2,2005,2005,21.2,1856.4,5,9,7,0,0,16559,7.2,-2005,-2005,23.6,1655.9
1,4,4,3,0,0,15588,6.8,192,88,22.5,1558.8,4,4,7,2,0,15396,6.6,-192,-88,24.1,1539.6
1,4,5,3,1,0,14722,6.4,-675,-2016,18.7,1472.2,5,4,5,0,0,15397,7.2,675,2016,18.5,1539.7
0,7,7,10,0,0,16531,6.6,-869,327,20.2,1653.1,7,7,9,1,0,17400,6.6,869,-327,21.9,1740
0,3,3,3,1,0,15471,7,-390,-502,23.3,1547.1,3,3,5,1,0,15861,6.8,390,502,24,1586.1
1,7,5,7,1,0,17271,7,2369,2245,24.6,1727.1,5,7,4,1,0,14902,6.4,-2369,-2245,19,1490.2
1,8,2,8,1,0,17351,7.2,3251,2936,23.5,1735.1,2,8,1,1,0,14100,6.6,-3251,-2936,21.3,1410
0,2,6,2,1,0,14869,6.8,-1642,-703,23.8,1486.9,6,2,8,1,0,16511,7.2,1642,703,22.4,1651.1
0,6,9,5,0,0,16534,7,-1256,-844,23.1,1653.4,9,6,9,1,0,17790,7.2,1256,844,23.5,1779
1,6,10,4,1,0,16226,7.2,-1613,474,22.1,1622.6,10,6,11,1,0,17839,7,1613,-474,21.5,1783.9
1,6,3,6,1,0,16847,7.4,2341,2303,22,1684.7,3,6,3,0,0,14506,6.6,-2341,-2303,21.4,1450.6
1,8,11,9,0,0,16583,6.4,-1635,-2200,19.8,1658.3,11,8,7,1,0,18218,7.2,1635,2200,21.1,1821.8
0,1,3,1,0,0,15573,7,66,319,24.6,1557.3,3,1,6,2,0,15507,7,-66,-319,23.3,1550.7
1,10,9,6,0,0,17770,7.4,995,2657,23.9,1777,9,10,8,0,0,16775,6.6,-995,-2657,21.8,1677.5
0,4,3,4,0,0,15850,7.2,1207,1885,23.3,1585,3,4,4,1,0,14643,6.6,-1207,-1885,22.9,1464.3
1,1,4,1,0,0,13756,6.6,-3750,-3108,23.8,1375.6,4,1,3,2,0,17506,7.2,3750,3108,24.4,1750.6
0,5,9,5,0,0,15192,6.6,-3240,-2369,19.8,1519.2,9,5,6,0,0,18432,7.2,3240,2369,25.2,1843.2
1,9,4,11,1,0,17611,7.2,1706,1239,22.3,1761.1,4,9,6,1,0,15905,6.8,-1706,-1239,23.3,1590.5
1,4,6,3,0,0,14796,6.6,-2183,-1025,20.9,1479.6,6,4,5,1,0,16979,6.8,2183,1025,23.6,1697.9
1,8,0,8,2,0,18519,7.2,5222,3469,23.5,1851.9,0,8,0,0,0,13297,6.6,-5222,-3469,18.7,1329.7
1,4,2,3,0,0,15750,7,755,-289,23.3,1575,2,4,2,1,0,14995,7,-755,289,24.8,1499.5
0,7,11,4,0,0,15967,6.8,-2068,36,20.5,1596.7,11,7,12,0,0,18035,6.8,2068,-36,21,1803.5
0,6,7,6,0,0,16777,7,295,857,21.2,1677.7,7,6,7,1,0,16482,7,-295,-857,21.8,1648.2
1,8,5,11,0,0,17145,7,2563,1726,20.4,1714.5,5,8,5,1,0,14582,6.6,-2563,-1726,18.1,1458.2
1,7,7,4,0,0,17309,7.2,763,1025,25.3,1730.9,7,7,9,1,0,16546,7,-763,-1025,21.7,1654.6
1,10,9,9,1,0,19219,7,2346,1776,22.9,1921.9,9,10,10,0,0,16873,6.8,-2346,-1776,17.7,1687.3
1,6,5,3,0,0,16164,7,113,-518,22.6,1616.4,5,6,9,1,0,16051,7.4,-113,518,22.3,1605.1
0,7,7,9,1,0,17220,7.2,135,794,20.2,1722,7,7,6,0,0,17085,6.8,-135,-794,22.8,1708.5
1,5,5,4,2,0,14527,6.8,-1063,63,19.5,1452.7,5,5,4,0,0,15590,6.8,1063,-63,21.7,1559
0,2,3,2,1,0,14355,6.8,59,1149,21.7,1435.5,3,2,6,1,0,14296,6.6,-59,-1149,20.5,1429.6
1,10,3,11,1,0,18672,7.2,3579,2473,24.3,1867.2,3,10,2,1,0,15093,6.8,-3579,-2473,21.2,1509.3
1,5,6,4,0,0,16481,7.2,563,-1127,22.1,1648.1,6,5,4,1,0,15918,7.2,-563,1127,21.7,1591.8
0,7,6,10,0,0,18376,7,2595,776,22.5,1837.6,6,7,4,2,0,15781,6.6,-2595,-776,20.1,1578.1
0,2,12,3,0,0,13899,6.4,-6134,-28,19.5,1389.9,12,2,9,1,0,20033,7,6134,28,23.6,2003.3
1,5,5,7,1,0,16345,7,1284,-1614,23,1634.5,5,5,3,1,0,15061,7.2,-1284,1614,20,1506.1
1,7,5,14,1,0,17964,7.2,4042,-28,21.6,1796.4,5,7,4,0,0,13922,7,-4042,28,17.2,1392.2
0,1,1,0,0,0,14591,6.8,-817,-1289,23,1459.1,1,1,0,1,0,15408,7,817,1289,25.3,1540.8
1,4,4,5,2,0,16486,7.2,1118,871,25.6,1648.6,4,4,6,0,0,15368,6.8,-1118,-871,22.4,1536.8
1,6,2,4,0,0,16636,7.2,1833,899,22.5,1663.6,2,6,3,1,0,14803,6.8,-1833,-899,20.1,1480.3
1,4,3,4,0,0,17585,7.2,3052,3581,27,1758.5,3,4,8,0,0,14533,6.6,-3052,-3581,20,1453.3
0,3,9,5,1,0,16233,6.4,-3559,-3823,21.6,1623.3,9,3,6,1,0,19792,7.6,3559,3823,23.6,1979.2
0,8,12,9,0,0,16830,7,-1619,265,20.6,1683,12,8,6,1,0,18449,7,1619,-265,15.8,1844.9
1,9,6,8,1,0,19257,7,3766,3001,22.4,1925.7,6,9,9,0,0,15491,6.4,-3766,-3001,18.6,1549.1
1,5,2,5,0,0,16977,7,1807,1076,23.1,1697.7,2,5,1,1,0,15170,7,-1807,-1076,23.7,1517
1,4,3,2,2,0,15517,6.8,697,951,21.5,1551.7,3,4,3,0,0,14820,6.8,-697,-951,21.1,1482
0,12,7,13,2,0,17810,6.6,532,-883,21.8,1781,7,12,8,0,0,17278,6.8,-532,883,25.5,1727.8
0,5,5,9,0,0,15454,6.8,-824,-976,21,1545.4,5,5,8,0,0,16278,6.8,824,976,24,1627.8
1,12,1,10,1,0,18048,7,4294,2844,18.5,1804.8,1,12,0,0,0,13754,6.4,-4294,-2844,17.6,1375.4
0,7,6,7,1,0,16938,7.2,206,-453,22.3,1693.8,6,7,3,1,0,16732,7.4,-206,453,23.4,1673.2
1,9,4,14,0,0,18587,7.4,2851,1140,22.3,1858.7,4,9,3,1,0,15736,6.8,-2851,-1140,22.6,1573.6
1,2,10,1,0,0,13711,6.2,-4331,-3757,18,1371.1,10,2,12,2,0,18042,7.2,4331,3757,21.6,1804.2
1,6,1,9,0,0,17687,7,4039,1819,23.2,1768.7,1,6,1,0,0,13648,6.6,-4039,-1819,21.7,1364.8
0,6,3,6,1,0,17170,6.8,2241,639,23.8,1717,3,6,3,0,0,14929,6.6,-2241,-639,21.4,1492.9
0,7,6,7,0,0,17055,7.2,567,1254,23,1705.5,6,7,7,1,0,16488,7,-567,-1254,20.1,1648.8
0,9,6,10,0,0,16760,6.8,226,-957,19.3,1676,6,9,2,0,0,16534,6.8,-226,957,21.3,1653.4
0,5,13,4,1,0,15680,6.8,-3865,-1779,19.7,1568,13,5,15,0,0,19545,7.2,3865,1779,22.3,1954.5
0,4,9,3,0,0,13670,6.2,-6282,-4301,16.6,1367,9,4,8,1,0,19952,7.2,6282,4301,23.3,1995.2
1,14,8,6,1,0,20305,7.4,3072,3561,23.9,2030.5,8,14,9,0,0,17233,6.8,-3072,-3561,18.9,1723.3
1,5,6,7,1,0,16209,7,55,-1918,23.1,1620.9,6,5,3,0,0,16154,7.2,-55,1918,22.8,1615.4
1,13,8,6,2,0,16398,7.2,4299,3637,23.9,1639.8,8,13,10,0,0,16561,6.4,-4299,-3637,19.2,1656.1
0,4,4,6,1,0,16180,6.8,1338,1039,21.7,1618,4,4,3,0,0,14842,6.6,-1338,-1039,21.6,1484.2
1,8,3,8,0,0,17608,7.2,2185,955,21,1760.8,3,8,4,0,0,15423,6.8,-2185,-955,23.1,1542.3
0,9,11,8,1,0,17248,6.6,-109,158,18.5,1724.8,11,9,6,0,0,17357,6.4,109,-158,19.5,1735.7
1,6,4,6,0,0,17025,7,1196,-85,21.1,1702.5,4,6,2,1,0,15829,7,-1196,85,22.8,1582.9
0,3,8,8,0,0,14451,6.8,-3028,-3555,22.5,1445.1,8,3,8,1,0,17479,7.4,3028,3555,22.3,1747.9
0,8,7,9,0,0,17169,7,734,-965,21,1716.9,7,8,5,0,0,16435,7,-734,965,20.7,1643.5
0,6,6,7,2,0,15908,7.2,-1035,-442,20.8,1590.8,6,6,2,0,0,16943,7.2,1035,442,22.9,1694.3
1,2,8,3,0,0,14948,6.8,-3669,-2489,22.6,1494.8,8,2,14,1,0,18617,7.6,3669,2489,25.5,1861.7
0,8,12,14,0,0,16941,7,-1833,-393,20.3,1694.1,12,8,6,2,0,18774,7,1833,393,21,1877.4
1,9,10,7,1,0,18410,7.2,714,-176,25.3,1841,10,9,10,0,0,17696,7,-714,176,23.2,1769.6
0,5,6,3,1,0,15288,6.8,-1652,466,21.8,1528.8,6,5,9,0,0,16940,6.8,1652,-466,22.4,1694
0,1,6,0,0,0,13446,6.4,-4840,-4530,20.4,1344.6,6,1,6,2,0,18286,7.2,4840,4530,25.8,1828.6
1,8,5,11,1,0,18802,6.8,3247,576,23.6,1880.2,5,8,4,0,0,15555,6.8,-3247,-576,20.7,1555.5
1,5,2,6,0,0,16398,7,1343,519,23.4,1639.8,2,5,1,1,0,15055,6.8,-1343,-519,22.5,1505.5
0,4,4,4,0,0,15778,7.2,36,-325,21.9,1577.8,4,4,1,0,0,15742,7.2,-36,325,22,1574.2
0,3,3,1,0,0,14634,7,-879,254,21.3,1463.4,3,3,3,1,0,15513,7,879,-254,24.8,1551.3
1,2,9,3,0,0,14269,6.4,-3941,-3623,20.3,1426.9,9,2,9,1,0,18210,7.2,3941,3623,23.9,1821
0,6,8,11,1,0,16031,6.6,-987,-1705,21.5,1603.1,8,6,8,0,0,17018,6.8,987,1705,22.3,1701.8
0,3,8,3,0,0,13817,6.4,-3294,-2723,16.7,1381.7,8,3,5,1,0,17111,6.6,3294,2723,20.6,1711.1
0,5,11,5,1,0,16280,6.6,-2198,-1633,19.9,1628,11,5,15,0,0,18478,7.2,2198,1633,18.8,1847.8
1,3,8,5,0,0,14823,6.8,-3916,-1400,19.3,1482.3,8,3,7,2,0,18739,7,3916,1400,24.5,1873.9
1,9,9,7,0,0,17174,7,-1342,-1278,18.9,1717.4,9,9,10,1,0,18516,7.2,1342,1278,23.8,1851.6
1,8,4,8,1,0,17349,7.6,1942,1658,19.7,1734.9,4,8,2,1,0,15407,6.8,-1942,-1658,22.8,1540.7
0,1,5,2,1,0,13235,6.4,-2466,-1449,18.7,1323.5,5,1,6,1,0,15701,6.6,2466,1449,22.1,1570.1
0,6,10,8,0,0,16231,6.6,-1535,-838,17.9,1623.1,10,6,11,1,0,17766,6.8,1535,838,19.2,1776.6
1,4,5,3,2,0,15255,7.2,-965,658,22.8,1525.5,5,4,5,0,0,16220,7,965,-658,22.3,1622
1,2,5,1,0,0,15337,7.2,-1676,-532,23.5,1533.7,5,2,8,0,0,17013,7.4,1676,532,22.8,1701.3
1,9,6,9,0,0,18050,6.6,2847,1559,22,1805,6,9,6,1,0,15203,6.2,-2847,-1559,17.6,1520.3
1,4,2,4,1,0,15730,6.8,1383,660,24,1573,2,4,1,0,0,14347,6.6,-1383,-660,22.1,1434.7
0,2,3,3,0,0,14752,6.8,-439,-983,23,1475.2,3,2,3,2,0,15191,7.2,439,983,22.2,1519.1
1,9,5,10,0,0,17578,7.2,1989,2500,21.3,1757.8,5,9,5,1,0,15589,6.8,-1989,-2500,21.8,1558.9
1,5,6,3,1,0,15397,6.6,-775,-393,22.2,1539.7,6,5,5,0,0,16172,6.8,775,393,19.1,1617.2
0,8,6,10,1,0,17012,7,872,-215,22.5,1701.2,6,8,6,1,0,16140,6.8,-872,215,21.4,1614
1,2,2,1,1,0,14886,6.8,762,1570,23.4,1488.6,2,2,1,1,0,14124,6.8,-762,-1570,20.9,1412.4
1,12,7,14,2,0,19592,7.2,3214,2261,23.5,1959.2,7,12,5,0,0,16378,7,-3214,-2261,18.4,1637.8
0,7,9,6,0,0,17550,7.2,175,989,23.7,1755,9,7,9,1,0,17375,6.8,-175,-989,22.1,1737.5
1,7,6,6,0,0,17106,6.8,1138,558,22.6,1710.6,6,7,5,1,0,15968,6.8,-1138,-558,20.2,1596.8
0,8,7,9,1,0,17977,7.2,1062,445,25.5,1797.7,7,8,8,1,0,16915,7.2,-1062,-445,20.3,1691.5
1,6,2,5,1,0,16953,7.2,2348,2678,24.8,1695.3,2,6,3,0,0,14605,6.6,-2348,-2678,22.5,1460.5
0,2,10,2,0,0,13550,6.4,-4770,-3411,18.3,1355,10,2,7,1,0,18320,7.4,4770,3411,23.6,1832
0,4,11,7,0,0,15224,6.8,-3595,-1973,18.9,1522.4,11,4,11,1,0,18819,7,3595,1973,22.1,1881.9
1,9,3,9,1,0,18582,7.6,3881,3409,24.3,1858.2,3,9,4,0,0,14701,6.6,-3881,-3409,21.7,1470.1
1,6,3,12,1,0,16398,7.8,14,4426,23.8,1639.8,3,6,3,0,0,14625,7,-14,-4426,18.8,1462.5
0,7,5,3,2,0,16066,6.8,-1247,400,22.4,1606.6,5,7,3,0,0,17313,6.8,1247,-400,22.5,1731.3
1,9,6,11,1,0,18077,6.8,1669,113,23.5,1807.7,6,9,4,0,0,16408,7,-1669,-113,21.8,1640.8
0,3,3,6,1,0,16042,7.2,580,709,25.5,1604.2,3,3,2,1,0,15462,7,-580,-709,23.1,1546.2
1,4,4,7,0,0,14781,6.6,165,267,20.9,1478.1,4,4,8,1,0,14616,6.4,-165,-267,18.5,1461.6
0,7,11,4,1,0,15904,6.4,-1597,-1321,19.8,1590.4,11,7,15,1,0,17501,6.8,1597,1321,17,1750.1
1,4,5,5,0,0,15281,6.6,-736,-1526,21.1,1528.1,5,4,4,1,0,16017,7,736,1526,22.9,1601.7
0,4,8,7,0,0,14795,6.6,-3431,-1020,19,1479.5,8,4,11,1,0,18226,6.8,3431,1020,22.1,1822.6
1,3,7,3,0,0,15065,6.8,-2560,-2062,23.9,1506.5,7,3,6,2,0,17625,7.2,2560,2062,24.2,1762.5
1,9,5,6,2,0,19011,7,3451,202,20.1,1901.1,5,9,4,0,0,15560,7,-3451,-202,22.4,1556
0,6,4,3,0,0,16366,7,1980,1777,23.7,1636.6,4,6,4,1,0,14386,6.4,-1980,-1777,20.3,1438.6
1,7,9,5,0,0,16709,7.2,-629,180,22.7,1670.9,9,7,9,0,0,17338,7.2,629,-180,22.3,1733.8
1,5,4,2,1,0,15798,7,-361,671,23.1,1579.8,4,5,3,1,0,16159,7,361,-671,24.8,1615.9
1,5,3,5,1,0,15239,7.2,742,2904,21.8,1523.9,3,5,4,0,0,14497,6.6,-742,-2904,18.2,1449.7
1,8,6,11,1,0,17287,7,886,684,22.4,1728.7,6,8,8,0,0,16401,6.8,-886,-684,22.8,1640.1
1,3,5,5,0,0,14788,6.6,-166,-1446,22.3,1478.8,5,3,3,0,0,14954,7,166,1446,18.8,1495.4
1,7,5,7,1,0,16736,7,433,-323,21.7,1673.6,5,7,6,0,0,16303,7.2,-433,323,26.2,1630.3
0,7,9,8,1,0,16876,7,31,-472,22.3,1687.6,9,7,12,0,0,16845,7.2,-31,472,20.7,1684.5
0,4,8,6,1,0,14563,6.6,-3004,-3860,19.6,1456.3,8,4,10,0,0,17567,7.2,3004,3860,22.9,1756.7
0,3,5,5,0,0,15912,6.4,1034,-973,23.6,1591.2,5,3,2,1,0,14878,6.8,-1034,973,16.9,1487.8
0,5,5,9,1,0,16624,6.8,1060,2796,20.8,1662.4,5,5,7,1,0,15564,6.6,-1060,-2796,19,1556.4
1,10,7,9,1,0,19018,7.2,3126,3795,20.9,1901.8,7,10,11,0,0,15892,6.4,-3126,-3795,16.2,1589.2
1,6,7,6,0,0,16682,7.2,-257,1379,20.9,1668.2,7,6,8,1,0,16939,6.8,257,-1379,20.9,1693.9
0,6,4,8,2,0,17249,7,1095,768,23.9,1724.9,4,6,6,0,0,16154,7,-1095,-768,24.7,1615.4
1,4,6,3,0,0,15727,7.2,-84,221,24.7,1572.7,6,4,4,0,0,15811,7.2,84,-221,21.6,1581.1
0,4,6,3,0,0,14962,7,-1672,-2213,20.1,1496.2,6,4,3,0,0,16634,7.4,1672,2213,23.7,1663.4
0,6,2,7,1,0,17390,7.4,1644,987,23.9,1739,2,6,4,1,0,15746,7,-1644,-987,25,1574.6
1,7,10,8,1,0,16632,6.8,-1069,-587,19.1,1663.2,10,7,11,0,0,17701,6.8,1069,587,20.2,1770.1
1,5,3,5,1,0,16706,7,1352,-81,23.1,1670.6,3,5,2,0,0,15354,7,-1352,81,23,1535.4
0,2,1,3,0,0,14969,6.8,816,-457,24.6,1496.9,1,2,2,2,0,14153,6.8,-816,457,21.3,1415.3
1,4,5,5,2,0,16630,7.2,-159,-206,25.1,1663,5,4,6,0,0,16789,7.2,159,206,24.4,1678.9
0,7,11,11,0,0,17037,7,-1896,-1756,24.3,1703.7,11,7,13,1,0,18933,7.4,1896,1756,24.3,1893.3
0,7,2,3,0,0,16729,7.2,2248,3163,23.1,1672.9,2,7,1,0,0,14481,6.4,-2248,-3163,20.6,1448.1
1,5,5,6,0,0,16281,6.8,128,-368,23.3,1628.1,5,5,10,1,0,16153,7.2,-128,368,22.3,1615.3
1,6,4,11,0,0,16375,7.2,1389,1615,22.6,1637.5,4,6,3,2,0,14986,6.6,-1389,-1615,19.8,1498.6
1,7,4,4,1,0,16849,7.6,1116,2834,23.4,1684.9,4,7,6,0,0,15733,6.8,-1116,-2834,23.7,1573.3
1,10,2,16,1,0,18195,7.2,4358,4325,22,1819.5,2,10,3,0,0,13837,7,-4358,-4325,20.7,1383.7
1,4,7,2,0,0,15825,7,-306,-953,23.5,1582.5,7,4,7,1,0,16131,7.4,306,953,22.7,1613.1
1,11,7,8,0,0,18483,7.4,2915,2523,19.9,1848.3,7,11,6,0,0,15568,6.6,-2915,-2523,20.9,1556.8
0,10,6,14,0,0,18270,7,1927,495,23.4,1827,6,10,7,2,0,16343,7,-1927,-495,22.4,1634.3
0,9,6,11,0,0,17372,6.8,1491,1101,20.2,1737.2,6,9,6,2,0,15881,6.4,-1491,-1101,20.6,1588.1
1,11,4,13,0,0,19582,7.4,4267,2764,22.8,1958.2,4,11,2,0,0,15315,6.6,-4267,-2764,20,1531.5
1,5,4,3,0,0,16823,7.2,1409,2767,22.6,1682.3,4,5,7,0,0,15414,6.6,-1409,-2767,18.8,1541.4
1,9,4,9,2,0,18264,7.4,2188,2716,23.4,1826.4,4,9,5,0,0,16076,6.8,-2188,-2716,22.7,1607.6
0,3,10,2,0,0,15142,6.8,-3107,-1687,21.1,1514.2,10,3,6,1,0,18249,6.8,3107,1687,22.2,1824.9
0,5,8,4,1,0,16396,7.2,-1640,-907,21.1,1639.6,8,5,9,0,0,18036,7.2,1640,907,25,1803.6
1,4,7,3,0,0,15434,7,-1806,-226,23.5,1543.4,7,4,12,1,0,17240,7.2,1806,226,22.4,1724
1,6,3,7,1,0,18564,7,4518,1715,23.9,1856.4,3,6,2,0,0,14046,6.8,-4518,-1715,16.9,1404.6
0,8,6,9,0,0,17304,7.2,1127,1908,23.3,1730.4,6,8,5,1,0,16177,6.8,-1127,-1908,21.1,1617.7
0,8,5,5,0,0,17785,7.2,2597,2731,23.8,1778.5,5,8,4,1,0,15188,6.6,-2597,-2731,19.9,1518.8
1,8,4,11,0,0,17299,6.8,2406,1503,23.3,1729.9,4,8,2,0,0,14893,6.2,-2406,-1503,19.4,1489.3
0,7,11,4,0,0,15528,6.6,-3546,-1919,23.5,1552.8,11,7,12,0,0,19074,7.2,3546,1919,23.8,1907.4
0,6,5,10,0,0,16532,6.6,1920,1140,21.3,1653.2,5,6,9,1,0,14612,6.4,-1920,-1140,21.8,1461.2
0,6,4,7,1,0,16279,7,1079,784,22.7,1627.9,4,6,4,0,0,15200,6.6,-1079,-784,22.3,1520
1,11,5,10,1,0,19245,7.6,3108,2974,24.5,1924.5,5,11,6,0,0,16137,6.8,-3108,-2974,19.4,1613.7
1,1,5,1,0,0,14998,7,-1431,269,24.6,1499.8,5,1,8,0,0,16429,6.8,1431,-269,23,1642.9
1,6,7,5,1,0,15391,6.6,-1595,-907,18.2,1539.1,7,6,5,0,0,16986,6.8,1595,907,20.1,1698.6
0,11,8,10,0,0,18459,7,1536,624,22.4,1845.9,8,11,12,1,0,16923,6.6,-1536,-624,19.7,1692.3
0,4,7,5,0,0,15535,6.8,-1608,-572,21.4,1553.5,7,4,9,2,0,17143,7,1608,572,22,1714.3
1,6,1,9,0,0,17226,7.4,2955,2093,26.9,1722.6,1,6,1,1,0,14271,6.8,-2955,-2093,22.4,1427.1
1,5,6,6,1,0,15743,6.6,-720,-1533,21.2,1574.3,6,5,11,1,0,16463,7,720,1533,22.9,1646.3
0,2,5,0,0,0,14659,6.6,-492,89,23.3,1465.9,5,2,3,0,0,15151,6.8,492,-89,17.5,1515.1
0,7,10,14,1,0,15674,6.4,-3579,-3233,17.6,1567.4,10,7,6,1,0,19253,7.2,3579,3233,20.3,1925.3
1,13,1,14,0,0,16398,7.4,14,-28,24.9,1639.8,1,13,0,0,0,12978,7,-14,28,20,1297.8
0,10,3,9,1,0,17631,6.8,3436,1760,20.1,1763.1,3,10,1,1,0,14195,6.6,-3436,-1760,20.6,1419.5
1,5,5,3,1,0,16282,7.2,813,1913,22.5,1628.2,5,5,4,0,0,15469,7,-813,-1913,22.5,1546.9
0,3,7,3,2,0,14249,6.6,-3144,-3235,22,1424.9,7,3,4,0,0,17393,7.2,3144,3235,25.5,1739.3
0,12,11,10,1,0,18159,7,-48,482,20.7,1815.9,11,12,16,0,0,18207,7.2,48,-482,15.9,1820.7
0,6,8,9,1,0,15666,6.4,-2468,-2552,20.8,1566.6,8,6,6,1,0,18134,7.2,2468,2552,23.1,1813.4
0,1,8,1,0,0,13305,6.2,-4849,-4463,19.6,1330.5,8,1,9,2,0,18154,7.4,4849,4463,27.6,1815.4
1,6,3,5,1,0,16563,7,1786,-5,21.5,1656.3,3,6,2,0,0,14777,7,-1786,5,20.1,1477.7
1,11,4,4,1,0,18339,7.2,4128,2704,21.6,1833.9,4,11,4,0,0,14211,6.4,-4128,-2704,15.8,1421.1
1,11,8,11,0,0,17666,6.8,-184,-835,19.3,1766.6,8,11,12,0,0,17850,7,184,835,23.4,1785
0,4,9,7,1,0,15315,7,-2881,-981,18.8,1531.5,9,4,11,1,0,18196,7,2881,981,23,1819.6
1,12,5,13,0,0,18628,7,2863,2632,23.9,1862.8,5,12,7,0,0,15765,6.6,-2863,-2632,20.7,1576.5
1,7,3,7,1,0,17342,7.2,2783,1844,24.8,1734.2,3,7,3,0,0,14559,6.8,-2783,-1844,19.7,1455.9
0,7,8,7,0,0,18000,6.8,1157,-173,21,1800,8,7,10,0,0,16843,7,-1157,173,19,1684.3
1,3,4,2,1,0,15318,6.8,-942,120,23.5,1531.8,4,3,5,1,0,16260,6.8,942,-120,26.3,1626
1,9,5,9,1,0,17795,7.4,1367,1620,23.7,1779.5,5,9,4,1,0,16428,7,-1367,-1620,21.7,1642.8
0,6,8,5,0,0,16351,7,-2929,-154,23.4,1635.1,8,6,10,1,0,19280,7.2,2929,154,23.3,1928
0,4,5,2,1,0,14842,6.8,-1992,-1722,18.4,1484.2,5,4,5,1,0,16834,7.2,1992,1722,20.9,1683.4
1,2,3,6,0,0,15439,7,567,1168,25,1543.9,3,2,6,1,0,14872,6.6,-567,-1168,22.5,1487.2
1,9,6,5,1,0,16994,7.6,446,2153,22.5,1699.4,6,9,5,1,0,16548,6.8,-446,-2153,23.4,1654.8
0,7,7,15,0,0,16250,6.8,-1661,-1369,15.7,1625,7,7,9,0,0,17911,7.2,1661,1369,24.3,1791.1
0,2,12,2,0,0,14789,6.6,-5163,-3425,22.1,1478.9,12,2,13,1,0,19952,7.4,5163,3425,23.7,1995.2
1,3,4,2,0,0,14830,6.8,-572,-636,18.4,1483,4,3,3,1,0,15402,7,572,636,19.4,1540.2
0,1,7,1,0,0,14252,6.6,-4219,-3256,22.9,1425.2,7,1,9,2,0,18471,7.2,4219,3256,26.8,1847.1
0,6,13,5,1,0,17300,7.2,-2604,-2089,22.9,1730,13,6,12,0,0,19904,7.6,2604,2089,21.4,1990.4
0,10,12,6,1,0,17391,6.8,-3064,-537,20.2,1739.1,12,10,11,1,0,16378,7.2,3064,537,18,1637.8
0,5,10,5,0,0,15600,6.6,-2689,-1566,16.9,1560,10,5,12,1,0,18289,7,2689,1566,22.3,1828.9
1,8,4,7,1,0,16134,6.6,857,22,18.3,1613.4,4,8,1,0,0,15277,6.6,-857,-22,21,1527.7
1,11,4,11,0,0,18470,7.4,3418,3608,23.1,1847,4,11,3,0,0,15052,6.4,-3418,-3608,21.4,1505.2
0,3,6,1,1,0,15298,6.8,-1317,-872,23.3,1529.8,6,3,11,0,0,16615,7,1317,872,20.4,1661.5
1,5,3,7,1,0,15849,6.8,1236,478,22,1584.9,3,5,6,0,0,14613,6.6,-1236,-478,20.2,1461.3
1,5,7,10,1,0,15793,6.4,-1254,-293,21.5,1579.3,7,5,11,0,0,17047,6.8,1254,293,18.8,1704.7
1,1,2,1,1,0,14392,6.6,337,124,22.2,1439.2,2,1,2,0,0,14055,6.8,-337,-124,19.7,1405.5
0,6,4,6,0,0,15508,7,-745,156,19.3,1550.8,4,6,3,1,0,16253,6.6,745,-156,25,1625.3
1,2,8,2,1,0,15467,7,-2524,-376,22.8,1546.7,8,2,6,0,0,17991,7,2524,376,25.2,1799.1
1,14,9,16,1,0,19904,7,2685,1605,17.9,1990.4,9,14,7,0,0,17219,6.6,-2685,-1605,20.5,1721.9
1,9,10,7,0,0,17206,6.8,-621,-428,21.6,1720.6,10,9,10,0,0,17827,6.8,621,428,21.1,1782.7
0,7,7,11,0,0,16600,7,-335,262,19.5,1660,7,7,6,0,0,16935,7.2,335,-262,20.6,1693.5
1,5,6,5,1,0,16154,6.8,-773,609,23.5,1615.4,6,5,8,1,0,16927,6.8,773,-609,20.1,1692.7
0,5,7,12,1,0,15218,6.4,-2060,-2850,19.8,1521.8,7,5,6,0,0,17278,7.2,2060,2850,24,1727.8
1,5,7,5,1,0,15135,6.6,-2497,-1376,17.6,1513.5,7,5,9,1,0,17632,7.2,2497,1376,23.1,1763.2
0,3,6,1,0,0,14980,6.8,-2958,-1627,21,1498,6,3,4,1,0,17938,7.2,2958,1627,26.8,1793.8
1,7,4,5,1,0,16283,7.2,-30,1427,20.6,1628.3,4,7,5,0,0,16313,7,30,-1427,21.7,1631.3
1,3,2,3,0,0,14706,6.6,207,-1880,20.3,1470.6,2,3,1,0,0,14499,6.8,-207,1880,24.2,1449.9
0,12,5,14,1,0,18508,7.4,1442,322,20.5,1850.8,5,12,4,0,0,17066,7,-1442,-322,22.5,1706.6
0,5,6,7,1,0,18324,7.2,2215,2315,22.7,1832.4,6,5,13,0,0,16109,6.6,-2215,-2315,20.3,1610.9
0,4,13,2,0,0,14969,6.6,-4486,-28,20.8,1496.9,13,4,8,0,0,19455,7.6,4486,28,22.2,1945.5
1,4,3,1,1,0,15116,7,-434,673,22.8,1511.6,3,4,4,0,0,15550,7,434,-673,24.6,1555
0,5,5,2,0,0,15752,7,-717,8,21.7,1575.2,5,5,4,0,0,16469,7.2,717,-8,21.8,1646.9
0,10,3,14,1,0,19056,7.2,4312,1000,23.3,1905.6,3,10,1,1,0,14744,6.8,-4312,-1000,21.1,1474.4
0,5,4,7,1,0,16412,7.2,980,1536,22.3,1641.2,4,5,5,0,0,15432,6.8,-980,-1536,23.2,1543.2
1,8,4,9,1,0,17773,7,2898,1941,23.5,1777.3,4,8,4,0,0,14875,7,-2898,-1941,18.1,1487.5
0,3,5,4,0,0,14710,6.8,-1799,-1942,22.7,1471,5,3,8,1,0,16509,7,1799,1942,20.4,1650.9
0,8,9,9,0,0,17543,7,304,-302,19,1754.3,9,8,3,1,0,17239,7,-304,302,19.6,1723.9
1,6,4,3,1,0,15981,7,354,1465,21.9,1598.1,4,6,4,0,0,15627,6.6,-354,-1465,21.7,1562.7
0,8,8,3,1,0,17570,7.2,124,659,23,1757,8,8,10,1,0,17446,7,-124,-659,21.5,1744.6
0,3,7,2,1,0,14505,6.8,-4531,-2325,21.6,1450.5,7,3,8,1,0,19036,7.2,4531,2325,25.2,1903.6
0,5,7,5,1,0,17618,7.2,1000,346,22.5,1761.8,7,5,7,1,0,16618,7,-1000,-346,19.9,1661.8
1,11,10,6,1,0,18858,7.4,878,2182,21.4,1885.8,10,11,11,0,0,17980,6.8,-878,-2182,20.4,1798
0,4,9,8,0,0,15400,6.6,-2564,-1518,21.9,1540,9,4,10,0,0,17964,6.8,2564,1518,22.9,1796.4
1,8,5,13,1,0,17355,6.8,1890,1473,20.4,1735.5,5,8,5,0,0,15465,6.4,-1890,-1473,17.7,1546.5
0,5,3,5,0,0,15999,7,497,-743,21.1,1599.9,3,5,3,0,0,15502,7.2,-497,743,22.9,1550.2
1,8,6,9,0,0,18262,7.2,2537,2412,22.4,1826.2,6,8,6,1,0,15725,6.6,-2537,-2412,20.8,1572.5
0,6,7,4,1,0,15514,6.8,-1640,-1839,18.5,1551.4,7,6,8,1,0,17154,7.2,1640,1839,23.4,1715.4
1,9,3,11,0,0,16678,7,1351,433,20.1,1667.8,3,9,6,1,0,15327,6.8,-1351,-433,22.8,1532.7
0,6,5,8,1,0,16660,6.8,850,-98,24.1,1666,5,6,4,0,0,15810,7,-850,98,21.5,1581
1,8,2,15,1,0,17392,7,2865,2606,21.5,1739.2,2,8,3,0,0,14527,6.4,-2865,-2606,22.5,1452.7
1,7,3,7,1,0,16674,7.2,2176,1739,22.1,1667.4,3,7,3,0,0,14498,6.6,-2176,-1739,21.2,1449.8
0,5,9,4,1,0,15703,7,-1678,-2431,21,1570.3,9,5,5,0,0,17381,7.4,1678,2431,20.2,1738.1
1,5,0,4,1,0,16797,7.2,2234,1897,26.8,1679.7,0,5,0,0,0,14563,6.8,-2234,-1897,27.3,1456.3
1,7,8,8,2,0,17606,6.8,290,477,22.7,1760.6,8,7,13,0,0,17316,6.6,-290,-477,23.2,1731.6
1,6,9,7,0,0,15993,6.8,-1607,-215,22.6,1599.3,9,6,13,1,0,17600,7,1607,215,21.7,1760
1,7,5,7,0,0,16622,7.4,753,2050,20.6,1662.2,5,7,6,1,0,15869,6.6,-753,-2050,21.3,1586.9
0,6,4,6,0,0,15807,6.8,239,1281,22.1,1580.7,4,6,3,1,0,15568,6.6,-239,-1281,21.3,1556.8
1,9,6,12,1,0,18555,7.2,2976,1300,25,1855.5,6,9,6,0,0,15579,7,-2976,-1300,20.7,1557.9
1,10,2,8,2,0,18826,7.2,5616,3916,25.9,1882.6,2,10,2,0,0,13210,6.6,-5616,-3916,18.4,1321
0,4,8,3,0,0,14787,6.6,-2404,-2013,18.5,1478.7,8,4,8,0,0,17191,7,2404,2013,22.8,1719.1
1,8,6,12,0,0,18675,7.6,2125,2034,21.9,1867.5,6,8,5,1,0,16550,7,-2125,-2034,22.2,1655
1,7,5,7,1,0,17106,7.2,450,-219,23.1,1710.6,5,7,5,1,0,16656,7,-450,219,24.1,1665.6
1,6,7,4,0,0,16956,7.2,-172,594,24.2,1695.6,7,6,10,1,0,17128,7.2,172,-594,21.3,1712.8
0,2,9,1,0,0,13879,6.2,-4267,-3389,18.5,1387.9,9,2,5,2,0,18146,7,4267,3389,23.2,1814.6
1,4,3,6,1,0,15164,7,-185,-1101,21.6,1516.4,3,4,1,1,0,15349,7.2,185,1101,23.3,1534.9
1,6,2,4,0,0,16849,7.4,2094,2789,24.1,1684.9,2,6,3,0,0,14755,6.8,-2094,-2789,20.8,1475.5
1,6,8,6,1,0,16914,6.4,302,-1958,18.4,1691.4,8,6,6,1,0,16612,7.2,-302,1958,20.8,1661.2
0,7,7,10,1,0,16728,7,102,65,23.1,1672.8,7,7,8,0,0,16626,6.6,-102,-65,19.5,1662.6
1,8,6,9,0,0,16694,6.8,370,92,22.7,1669.4,6,8,6,1,0,16324,6.8,-370,-92,21.3,1632.4
0,5,6,6,1,0,15826,6.8,-1177,-1157,23.5,1582.6,6,5,4,0,0,17003,7.4,1177,1157,24.2,1700.3
0,5,13,6,1,0,15558,6.4,-3180,-3271,20.3,1555.8,13,5,14,0,0,18738,7.4,3180,3271,21.8,1873.8
0,4,6,4,0,0,14053,6.6,-3045,-810,16.9,1405.3,6,4,11,0,0,17098,6.8,3045,810,22.9,1709.8
0,14,11,14,0,0,16398,7,2049,699,21.5,1639.8,11,14,11,2,0,18838,6.8,-2049,-699,19.1,1883.8
1,4,6,3,1,0,15373,6.4,-1323,-1422,22.8,1537.3,6,4,5,0,0,16696,7,1323,1422,21.6,1669.6
1,8,4,6,1,0,17522,7.2,2392,511,25.7,1752.2,4,8,1,0,0,15130,7,-2392,-511,22.2,1513
1,9,7,15,1,0,17088,7,262,-229,17.9,1708.8,7,9,9,0,0,16826,7,-262,229,22.2,1682.6
0,6,6,4,0,0,16968,7.2,423,318,23.1,1696.8,6,6,8,2,0,16545,7,-423,-318,21.9,1654.5
1,10,5,10,0,0,17987,7.4,1810,2115,23.2,1798.7,5,10,4,1,0,16177,6.8,-1810,-2115,22.2,1617.7
1,6,7,8,1,0,16871,6.8,-89,-144,26.3,1687.1,7,6,13,0,0,16960,7.2,89,144,23.2,1696
1,11,4,13,1,0,19035,7.4,4481,3872,20.7,1903.5,4,11,4,0,0,14554,6.4,-4481,-3872,18.9,1455.4
0,2,9,1,0,0,13380,6.2,-4446,-3703,18.8,1338,9,2,10,1,0,17826,7.2,4446,3703,23.3,1782.6
1,3,3,4,0,0,15834,7,324,-574,24.8,1583.4,3,3,3,2,0,15510,7.2,-324,574,22,1551
0,5,7,3,0,0,15209,6.8,-1517,-1331,20.8,1520.9,7,5,8,0,0,16726,7,1517,1331,22.9,1672.6
1,3,2,6,1,0,16426,7,2063,708,23.6,1642.6,2,3,6,0,0,14363,6.6,-2063,-708,21,1436.3
0,4,11,4,0,0,15358,6.8,-3019,-848,21,1535.8,11,4,12,1,0,18377,7.2,3019,848,20.7,1837.7
0,6,7,2,0,0,15894,6.6,-399,-868,20.5,1589.4,7,6,4,1,0,16293,7,399,868,21.3,1629.3
1,2,2,1,1,0,14092,6.4,-1999,-2041,20.1,1409.2,2,2,3,0,0,16091,7,1999,2041,25.7,1609.1
1,10,2,6,1,0,17559,7,3158,1518,21.7,1755.9,2,10,3,0,0,14401,6.4,-3158,-1518,18.4,1440.1
0,2,4,3,0,0,15847,7,647,-710,24.1,1584.7,4,2,5,1,0,15200,7.2,-647,710,22.1,1520
0,3,9,4,1,0,15280,6.6,-2034,-1071,22,1528,9,3,6,0,0,17314,6.8,2034,1071,22,1731.4
0,6,9,6,0,0,18187,7,299,-1051,22.3,1818.7,9,6,7,1,0,17888,7.2,-299,1051,21.5,1788.8
0,5,5,4,1,0,15509,6.8,-1335,-1142,22,1550.9,5,5,10,1,0,16844,7,1335,1142,23,1684.4
1,6,3,7,1,0,16319,7.2,1589,1075,20.7,1631.9,3,6,2,0,0,14730,6.6,-1589,-1075,21.5,1473
0,4,9,4,1,0,14588,6.2,-2627,-4080,20.7,1458.8,9,4,4,1,0,17215,7.4,2627,4080,22.5,1721.5
1,8,10,8,0,0,16748,6.8,-1579,-1715,17.8,1674.8,10,8,8,1,0,18327,7.2,1579,1715,21.5,1832.7
1,6,6,8,2,0,16516,7,366,596,18.4,1651.6,6,6,7,0,0,16150,6.6,-366,-596,22.1,1615
0,7,4,10,2,0,17256,7,1177,226,22.8,1725.6,4,7,6,0,0,16079,6.8,-1177,-226,21.7,1607.9
0,7,7,6,1,0,16396,7,-2,866,20.4,1639.6,7,7,5,0,0,16398,6.8,2,-866,20.2,1639.8
0,4,13,3,0,0,14539,6.6,-6139,-4548,16.5,1453.9,13,4,12,0,0,16378,7.6,6139,4548,22.4,1637.8
1,3,4,4,1,0,14657,6.6,-987,-555,20.4,1465.7,4,3,4,0,0,15644,7,987,555,24.6,1564.4
0,10,13,5,1,0,18656,7.2,42,666,22.7,1865.6,13,10,14,0,0,18614,7,-42,-666,21.1,1861.4
0,5,7,6,1,0,16609,6.8,-265,-2101,21.6,1660.9,7,5,3,0,0,16874,7.2,265,2101,22.5,1687.4
0,4,8,7,1,0,15299,6.6,-2489,-2828,19.6,1529.9,8,4,8,0,0,17788,7.4,2489,2828,23.3,1778.8
1,6,3,5,1,0,16942,7,2032,2196,21.6,1694.2,3,6,3,0,0,14910,6.4,-2032,-2196,21,1491
0,6,3,3,0,0,15365,6.4,-136,-385,18.6,1536.5,3,6,3,0,0,15501,6.6,136,385,21.9,1550.1
0,8,10,11,0,0,16052,6.4,-1825,-1458,15.9,1605.2,10,8,14,1,0,17877,6.6,1825,1458,21.3,1787.7
1,7,7,4,0,0,16875,7.2,-191,533,21.4,1687.5,7,7,13,1,0,17066,7,191,-533,23,1706.6
1,6,2,10,1,0,16623,7.2,1792,-764,21.1,1662.3,2,6,2,1,0,14831,7,-1792,764,22.3,1483.1
1,8,6,11,2,0,16813,6.8,70,508,20,1681.3,6,8,9,0,0,16743,6.8,-70,-508,20.4,1674.3
0,7,12,8,1,0,16763,7,-1469,-2427,22.1,1676.3,12,7,10,0,0,18232,7.4,1469,2427,21.4,1823.2
0,5,6,2,0,0,14603,6.4,-6185,-2328,18.1,1460.3,6,5,6,1,0,16378,7,6185,2328,19.5,1637.8
1,10,4,11,1,0,18005,7,2962,3043,21,1800.5,4,10,1,0,0,15043,6.6,-2962,-3043,18.7,1504.3
1,5,9,4,0,0,15274,6.6,-2538,-1731,22.8,1527.4,9,5,8,1,0,17812,7.2,2538,1731,21.9,1781.2
0,1,2,1,1,0,15216,7.2,99,-174,25.1,1521.6,2,1,5,0,0,15117,7,-99,174,21.7,1511.7
1,8,3,10,1,0,17756,7.2,2510,758,23.1,1775.6,3,8,3,0,0,15246,6.8,-2510,-758,21.8,1524.6
1,6,6,6,1,0,17476,7,1408,957,21.9,1747.6,6,6,6,0,0,16068,6.8,-1408,-957,23.1,1606.8
0,9,3,14,0,0,18017,7,2917,930,20.8,1801.7,3,9,1,0,0,15100,6.8,-2917,-930,21,1510
0,6,5,2,1,0,15531,7,-537,176,19.2,1553.1,5,6,5,0,0,16068,6.8,537,-176,19.8,1606.8
0,4,8,5,0,0,14799,6.8,-3590,-3279,20.7,1479.9,8,4,9,1,0,18389,7.4,3590,3279,25.9,1838.9
1,10,4,9,1,0,18009,7.4,3026,1849,22.6,1800.9,4,10,1,0,0,14983,6.8,-3026,-1849,20.5,1498.3
0,5,8,7,0,0,16265,7,-1195,-1492,21.7,1626.5,8,5,6,1,0,17460,7.2,1195,1492,24.4,1746
0,4,4,2,0,0,15023,6.8,-814,-374,22.6,1502.3,4,4,4,1,0,15837,6.8,814,374,23.2,1583.7
0,9,8,12,0,0,17083,6.6,67,-820,18.3,1708.3,8,9,5,1,0,17016,7,-67,820,22.5,1701.6
0,5,10,5,0,0,15954,6.8,-2527,-2193,19.2,1595.4,10,5,8,1,0,18481,7.4,2527,2193,19.7,1848.1
0,6,8,5,0,0,16892,7,-44,277,22.6,1689.2,8,6,10,1,0,16936,7,44,-277,18.5,1693.6
1,1,2,1,1,0,14583,6.6,262,1643,24.4,1458.3,2,1,3,1,0,14321,6.4,-262,-1643,22.4,1432.1
0,6,7,10,0,0,16802,6.8,-1599,-1890,24.3,1680.2,7,6,12,0,0,18401,7.2,1599,1890,23.7,1840.1
0,8,9,8,0,0,16957,6.6,-206,-1872,22,1695.7,9,8,5,0,0,17163,7.2,206,1872,20.4,1716.3
0,5,6,5,2,0,15817,7,-27,-371,21.8,1581.7,6,5,7,0,0,15844,7.2,27,371,20.3,1584.4
0,5,11,5,0,0,17219,6.8,-1213,-769,24.1,1721.9,11,5,14,0,0,18432,7.2,1213,769,18.3,1843.2
0,4,7,5,1,0,15424,6.8,-1933,-2906,21.1,1542.4,7,4,3,0,0,17357,7.6,1933,2906,25.6,1735.7
1,8,8,9,1,0,16502,7,342,-444,19.8,1650.2,8,8,8,1,0,16160,7,-342,444,19.5,1616
0,5,10,5,0,0,16324,6.8,-943,-708,19.3,1632.4,10,5,13,1,0,17267,7,943,708,17.4,1726.7
0,2,4,0,0,0,14532,6.6,-1021,-1439,21.7,1453.2,4,2,2,0,0,15553,7.2,1021,1439,20.6,1555.3
0,4,5,2,1,0,14644,6.8,-1367,-412,22.2,1464.4,5,4,6,0,0,16011,7,1367,412,20.1,1601.1
0,5,7,3,1,0,16616,7,-47,318,21.1,1661.6,7,5,10,1,0,16663,7,47,-318,21.9,1666.3
0,1,4,1,0,0,14754,6.6,-1769,-845,23,1475.4,4,1,4,0,0,16523,7,1769,845,22.4,1652.3
0,2,7,2,0,0,14242,6.6,-2954,-1250,21.2,1424.2,7,2,3,1,0,17196,7,2954,1250,24.4,1719.6
1,8,2,15,0,0,17083,7,2877,1714,22.9,1708.3,2,8,1,1,0,14206,6.6,-2877,-1714,21.2,1420.6
1,10,3,13,1,0,19716,7.6,5656,3415,21.9,1971.6,3,10,1,0,0,14060,6.6,-5656,-3415,22.2,1406
1,10,4,13,1,0,18401,7.6,3668,4509,23.6,1840.1,4,10,3,1,0,14733,6.6,-3668,-4509,19.5,1473.3
0,7,9,6,2,0,17359,7.2,1,-116,22.1,1735.9,9,7,6,0,0,17358,7,-1,116,22.1,1735.8
1,7,6,4,1,0,17742,7,2294,2616,20.3,1774.2,6,7,6,0,0,15448,6.6,-2294,-2616,18.6,1544.8
1,2,4,1,1,0,14431,7,-940,-43,19.4,1443.1,4,2,3,0,0,15371,6.8,940,43,23.4,1537.1
1,9,3,9,0,0,18125,7.8,2828,2738,23.6,1812.5,3,9,2,1,0,15297,7.2,-2828,-2738,22.7,1529.7
1,6,8,6,0,0,17210,7,1091,605,22,1721,8,6,10,0,0,16119,7,-1091,-605,17.8,1611.9
0,6,8,8,0,0,15697,6.8,-1237,-285,19.6,1569.7,8,6,13,0,0,16934,6.4,1237,285,20.1,1693.4
1,3,8,5,2,0,14591,6.2,-2658,-3328,17.7,1459.1,8,3,9,0,0,17249,7,2658,3328,20.9,1724.9
0,4,7,5,0,0,14488,6.4,-3152,-2754,19.7,1448.8,7,4,7,1,0,17640,7.2,3152,2754,19.6,1764
1,9,6,12,0,0,18869,7,4242,2348,20.6,1886.9,6,9,6,0,0,14627,6.6,-4242,-2348,16.4,1462.7
0,6,5,4,0,0,16682,7,598,374,23.6,1668.2,5,6,5,1,0,16084,6.8,-598,-374,23.5,1608.4
0,7,13,6,0,0,15898,7,-2787,-4217,21.8,1589.8,13,7,10,2,0,18685,6.8,2787,4217,22.4,1868.5
0,6,10,2,0,0,15485,6.6,-2650,-388,19.1,1548.5,10,6,10,1,0,18135,6.8,2650,388,20.1,1813.5
0,7,8,4,0,0,16667,7.4,-692,-987,21.3,1666.7,8,7,6,1,0,17359,7.4,692,987,24.5,1735.9
0,5,6,6,0,0,16182,7,-667,-1046,24.5,1618.2,6,5,9,2,0,16849,7,667,1046,23.4,1684.9
0,5,5,5,1,0,16574,7.2,803,857,23.5,1657.4,5,5,6,1,0,15771,7.2,-803,-857,20.4,1577.1
0,3,11,3,0,0,14595,6.4,-3619,-4011,16.1,1459.5,11,3,9,1,0,18214,7.2,3619,4011,22.2,1821.4
0,9,4,13,0,0,18856,7.2,3002,2378,23.6,1885.6,4,9,6,2,0,15854,6.8,-3002,-2378,21.7,1585.4
0,3,10,5,0,0,14826,6.6,-3607,-2956,18.5,1482.6,10,3,12,1,0,18433,7.4,3607,2956,25.7,1843.3
0,6,6,6,0,0,16237,7,-958,-461,22.2,1623.7,6,6,6,2,0,17195,7.2,958,461,23.2,1719.5
1,8,5,6,2,0,18731,7,2892,1413,22.5,1873.1,5,8,5,0,0,15839,6.4,-2892,-1413,20.7,1583.9
1,5,5,2,2,0,15443,7,-997,-226,22,1544.3,5,5,7,0,0,16440,7,997,226,20.7,1644
1,6,6,8,1,0,16820,6.8,472,426,22.1,1682,6,6,7,0,0,16348,6.8,-472,-426,18.5,1634.8
0,1,3,1,1,0,14997,7.2,-465,-801,22.9,1499.7,3,1,3,0,0,15462,7,465,801,21.9,1546.2
1,7,8,3,1,0,16653,7,23,306,22.7,1665.3,8,7,8,0,0,16630,7,-23,-306,19.3,1663
0,9,2,9,1,0,17781,7.2,3422,2271,22.8,1778.1,2,9,3,1,0,14359,6.6,-3422,-2271,21.2,1435.9
1,9,2,6,1,0,17936,7,3350,1590,21.8,1793.6,2,9,2,0,0,14586,6.8,-3350,-1590,21.3,1458.6
1,3,3,3,1,0,16769,7.2,1316,1233,25.7,1676.9,3,3,4,0,0,15453,7.2,-1316,-1233,24.1,1545.3
0,7,6,6,0,0,16714,7.4,91,798,22.6,1671.4,6,7,5,0,0,16623,7.2,-91,-798,25.2,1662.3
0,1,12,1,0,0,13517,6.4,-5338,-28,18.7,1351.7,12,1,13,1,0,18855,7.6,5338,28,24.3,1885.5
1,5,5,1,0,0,15514,7,-343,481,21.7,1551.4,5,5,5,1,0,15857,6.8,343,-481,20.4,1585.7
0,5,5,5,1,0,16131,6.8,874,818,22.3,1613.1,5,5,5,0,0,15257,6.6,-874,-818,21.9,1525.7
0,3,4,4,1,0,15613,7,-468,-1321,21.4,1561.3,4,3,3,0,0,16081,7.2,468,1321,23,1608.1
1,6,5,7,1,0,16678,7.2,1401,1740,24.8,1667.8,5,6,6,1,0,15277,6.8,-1401,-1740,23.3,1527.7
1,6,2,7,0,0,17311,7,2781,1229,25.7,1731.1,2,6,2,0,0,14530,6.8,-2781,-1229,21.6,1453
1,5,3,6,2,0,16703,6.8,1051,612,20.1,1670.3,3,5,9,0,0,15652,6.8,-1051,-612,22.8,1565.2
0,2,6,0,0,0,12403,7,14,-28,21.8,1240.3,6,2,16,1,0,16378,7.6,-14,28,23.2,1637.8
1,5,9,5,1,0,15585,6.6,-2864,-3491,20,1558.5,9,5,8,0,0,18449,7.2,2864,3491,22.4,1844.9
1,8,4,6,1,0,16558,6.8,241,-363,23.8,1655.8,4,8,6,0,0,16317,7,-241,363,22.2,1631.7
0,8,6,7,1,0,18211,7.2,1479,-198,20.4,1821.1,6,8,6,1,0,16732,7.4,-1479,198,21.7,1673.2
0,7,7,6,1,0,15990,6.8,-1425,-1068,19,1599,7,7,6,0,0,17415,7.2,1425,1068,24.1,1741.5
1,4,12,8,0,0,15147,6.4,-4559,-1851,18.8,1514.7,12,4,6,1,0,19706,7.2,4559,1851,24.1,1970.6
0,8,5,12,2,0,17008,6.6,1280,370,20.3,1700.8,5,8,5,0,0,15728,6.4,-1280,-370,24.5,1572.8
0,5,7,4,0,0,15538,6.8,-707,-1088,20.7,1553.8,7,5,11,0,0,16245,6.8,707,1088,20.8,1624.5
1,7,6,10,1,0,17097,7.2,620,-328,22,1709.7,6,7,4,0,0,16477,7.2,-620,328,20.7,1647.7
1,6,7,7,0,0,17075,7,1224,625,23.4,1707.5,7,6,4,2,0,15851,6.8,-1224,-625,22.1,1585.1
0,7,9,6,0,0,16035,7,-2691,-2196,18,1603.5,9,7,9,1,0,18726,7.6,2691,2196,24.3,1872.6
1,8,3,10,1,0,17967,7,3039,712,24,1796.7,3,8,3,0,0,14928,6.8,-3039,-712,21.1,1492.8
1,8,9,9,0,0,17273,7,381,1571,20.8,1727.3,9,8,9,0,0,16892,6.8,-381,-1571,18.1,1689.2
1,1,1,2,2,0,14546,7,305,-443,23.2,1454.6,1,1,1,0,0,14241,7.2,-305,443,20.3,1424.1
1,2,2,4,1,0,14639,6.6,-1767,-2080,23.7,1463.9,2,2,3,0,0,16406,7,1767,2080,25.8,1640.6
0,9,8,3,0,0,16882,7.4,-1261,1286,19.1,1688.2,8,9,9,0,0,18143,6.8,1261,-1286,23.8,1814.3
1,9,4,11,0,0,20170,7.2,5619,3506,25.7,2017,4,9,5,1,0,14551,6.4,-5619,-3506,19.8,1455.1
1,13,4,16,1,0,20029,7.4,14,-28,21.3,2002.9,4,13,4,0,0,13584,7,-14,28,17.6,1358.4
1,9,4,8,0,0,17260,7,1463,1277,19.7,1726,4,9,4,0,0,15797,7,-1463,-1277,20.3,1579.7
1,11,3,4,0,0,18192,7.2,2639,1711,22.1,1819.2,3,11,2,0,0,15553,7,-2639,-1711,23,1555.3
1,8,3,13,0,0,17325,7,3454,2249,21.7,1732.5,3,8,3,1,0,13871,6.8,-3454,-2249,19.3,1387.1
0,5,9,3,0,0,16163,6.8,-1828,-1410,21.8,1616.3,9,5,6,1,0,17991,7.2,1828,1410,23.5,1799.1
0,7,13,6,0,0,16039,6.8,-2168,-2823,17.9,1603.9,13,7,9,1,0,18207,7.4,2168,2823,18.5,1820.7
1,6,7,3,1,0,15907,7.2,-112,727,20.6,1590.7,7,6,9,0,0,16019,6.8,112,-727,21.1,1601.9
0,7,2,10,1,0,17536,7.4,4003,3255,21.1,1753.6,2,7,1,0,0,13533,6.4,-4003,-3255,20.4,1353.3
0,11,11,16,0,0,18730,7,175,-532,20.8,1873,11,11,14,1,0,18555,7,-175,532,21.9,1855.5
1,6,2,5,1,0,16105,7.2,2275,1667,22.3,1610.5,2,6,2,0,0,13830,6.8,-2275,-1667,20.4,1383
1,4,3,1,1,0,15843,6.8,1301,1123,24.3,1584.3,3,4,6,0,0,14542,6.6,-1301,-1123,20.5,1454.2
1,10,0,14,1,0,20302,7,14,2363,21.2,2030.2,0,10,0,0,0,12725,6.6,-14,-2363,16.5,1272.5
1,10,4,9,1,0,20236,7,6161,-28,25.7,2023.6,4,10,6,1,0,14075,7,-6161,28,21.8,1407.5
1,10,9,12,2,0,17869,6.8,664,515,19.3,1786.9,9,10,9,0,0,17205,6.6,-664,-515,20.2,1720.5
0,3,6,1,1,0,14499,7,-3079,-1816,20.1,1449.9,6,3,4,1,0,17578,7.2,3079,1816,24.5,1757.8
0,3,9,3,0,0,13705,6.4,-4651,-3870,18.4,1370.5,9,3,8,1,0,18356,7.2,4651,3870,22.3,1835.6
0,2,7,1,0,0,13685,6.6,-4011,-2271,18.2,1368.5,7,2,6,2,0,17696,7.2,4011,2271,24.3,1769.6
1,5,10,6,0,0,15366,6.8,-2698,-2969,20,1536.6,10,5,8,2,0,18064,7.2,2698,2969,22.1,1806.4
0,0,4,0,1,0,14175,6.6,-1769,-2076,23.4,1417.5,4,0,6,1,0,15944,7.4,1769,2076,24.9,1594.4
0,6,5,11,1,0,15975,6.6,-166,-337,19.7,1597.5,5,6,4,0,0,16141,6.8,166,337,23.1,1614.1
0,1,7,2,0,0,13099,7,-3521,-4416,19.1,1309.9,7,1,8,1,0,16620,7.2,3521,4416,24.7,1662
1,3,0,0,1,0,15578,7.4,611,1554,24.9,1557.8,0,3,0,0,0,14967,6.8,-611,-1554,24.5,1496.7
0,2,13,1,0,0,14218,6.2,-4511,-4211,20,1421.8,13,2,6,1,0,18729,7.4,4511,4211,21.3,1872.9
1,2,7,2,0,0,15198,7,-1157,-84,23.1,1519.8,7,2,9,1,0,16355,7.4,1157,84,21.1,1635.5
1,7,2,8,0,0,17474,7.4,3295,2840,23.8,1747.4,2,7,3,0,0,14179,6.6,-3295,-2840,22.9,1417.9
1,9,3,13,1,0,17786,7.4,3090,1008,23.5,1778.6,3,9,2,1,0,14696,7.2,-3090,-1008,21.5,1469.6
1,7,3,6,0,0,17082,7.2,2388,1600,22.4,1708.2,3,7,2,1,0,14694,7,-2388,-1600,22.4,1469.4
0,4,4,6,0,0,15711,7.4,-204,1135,21,1571.1,4,4,4,1,0,15915,7,204,-1135,22.9,1591.5
1,4,4,6,1,0,16112,7.2,451,1068,24,1611.2,4,4,2,0,0,15661,7,-451,-1068,23.6,1566.1
0,4,8,4,0,0,15700,7.2,-2943,-1203,19,1570,8,4,6,2,0,18643,7.2,2943,1203,22.5,1864.3
1,8,8,9,0,0,17885,7,1419,557,20.9,1788.5,8,8,7,1,0,16466,7,-1419,-557,18.7,1646.6
1,2,3,2,0,0,15705,6.6,856,-268,23,1570.5,3,2,6,1,0,14849,7,-856,268,21.9,1484.9
0,0,8,0,0,0,13364,6.6,-5088,-3911,20.3,1336.4,8,0,8,2,0,18452,7.6,5088,3911,25.9,1845.2
0,8,11,9,1,0,17080,7.2,-2247,-1938,19.6,1708,11,8,6,0,0,19327,7.4,2247,1938,22.7,1932.7
1,11,2,15,0,0,17395,6.8,3298,1038,17,1739.5,2,11,1,0,0,14097,6.6,-3298,-1038,21,1409.7
1,8,7,6,1,0,17498,7.2,744,927,24,1749.8,7,8,7,0,0,16754,7.2,-744,-927,19.9,1675.4
1,6,4,4,0,0,17649,7.4,2194,2684,27.6,1764.9,4,6,3,1,0,15455,6.8,-2194,-2684,22.1,1545.5
1,10,2,5,1,0,18717,7.4,4865,4641,24.7,1871.7,2,10,4,0,0,13852,6.6,-4865,-4641,19.1,1385.2
1,4,4,5,1,0,15736,7.2,131,1381,23.1,1573.6,4,4,4,0,0,15605,7,-131,-1381,24.6,1560.5
0,3,12,1,0,0,13800,6.4,-4921,-2826,16.5,1380,12,3,16,1,0,18721,7,4921,2826,20.8,1872.1
0,7,8,6,0,0,15772,6.8,-1502,-429,20.4,1577.2,8,7,11,2,0,17274,6.8,1502,429,22.5,1727.4
1,7,7,5,1,0,16825,7.4,389,1652,22.9,1682.5,7,7,8,1,0,16436,7,-389,-1652,19.4,1643.6
0,7,5,8,1,0,17315,6.8,1792,217,22.9,1731.5,5,7,8,1,0,15523,6.8,-1792,-217,22.6,1552.3
0,2,4,1,0,0,14144,6.8,-1122,-643,20.8,1414.4,4,2,1,1,0,15266,6.8,1122,643,23,1526.6
1,5,4,4,1,0,16328,6.8,1192,836,22.3,1632.8,4,5,4,0,0,15136,6.4,-1192,-836,21.9,1513.6
1,3,5,3,0,0,15135,7,-1161,-1685,21.3,1513.5,5,3,8,0,0,16296,7.4,1161,1685,25.1,1629.6
0,9,6,10,0,0,17719,7,618,-308,21.5,1771.9,6,9,7,1,0,17101,7.2,-618,308,21.3,1710.1
0,8,8,12,0,0,16291,6.4,-870,-1348,18,1629.1,8,8,11,1,0,17161,7,870,1348,20.7,1716.1
0,5,6,3,1,0,15048,6.6,-2099,-2717,20.9,1504.8,6,5,6,1,0,17147,7.4,2099,2717,23.9,1714.7
0,2,4,1,0,0,14155,6.6,-1735,-1786,22.6,1415.5,4,2,3,1,0,15890,7,1735,1786,25.8,1589
0,5,9,4,0,0,15102,6.8,-5691,-2006,17.4,1510.2,9,5,8,2,0,16378,7.4,5691,2006,22.6,1637.8
0,6,13,7,0,0,15522,6.8,-3819,-2264,18.2,1552.2,13,6,16,1,0,19341,7.2,3819,2264,22,1934.1
1,11,6,12,1,0,17850,7.4,1926,3729,20.4,1785,6,11,8,1,0,15924,6.4,-1926,-3729,16.7,1592.4
0,8,8,8,1,0,16720,6.8,-1884,-2885,18.1,1672,8,8,4,0,0,18604,7.4,1884,2885,24.8,1860.4
1,8,7,5,0,0,17321,7.6,703,477,23.8,1732.1,7,8,6,1,0,16618,7.2,-703,-477,21.2,1661.8
1,7,6,7,0,0,16672,7,-521,860,21,1667.2,6,7,11,1,0,17193,7,521,-860,25,1719.3
1,2,1,3,1,0,15426,7.4,711,1245,23,1542.6,1,2,1,0,0,14715,6.8,-711,-1245,25.5,1471.5
1,6,3,4,1,0,16404,7,736,1019,24.6,1640.4,3,6,4,0,0,15668,6.8,-736,-1019,20.3,1566.8
1,11,3,14,1,0,18293,7.2,2685,1151,21.8,1829.3,3,11,4,0,0,15608,7,-2685,-1151,22.8,1560.8
0,5,7,4,1,0,16605,7,31,-189,20.7,1660.5,7,5,7,0,0,16574,7,-31,189,20.7,1657.4
0,10,10,8,0,0,18544,6.4,1060,7,18.2,1854.4,10,10,11,1,0,17484,6.8,-1060,-7,17.4,1748.4
1,12,5,14,1,0,18499,7,3473,2812,21,1849.9,5,12,6,0,0,15026,6.2,-3473,-2812,20.4,1502.6
1,6,3,10,0,0,16911,6.8,1913,842,22.4,1691.1,3,6,3,1,0,14998,6.8,-1913,-842,22.2,1499.8
1,7,6,12,0,0,16963,7,707,730,21.2,1696.3,6,7,7,0,0,16256,6.6,-707,-730,20,1625.6
1,9,5,3,2,0,17669,7.4,2227,2792,21.8,1766.9,5,9,4,0,0,15442,6.8,-2227,-2792,20.3,1544.2
0,6,10,8,1,0,15875,7,-2901,-1904,19.1,1587.5,10,6,8,0,0,18776,7.2,2901,1904,23,1877.6
0,5,4,4,0,0,16273,7.2,1161,2387,24.1,1627.3,4,5,3,1,0,15112,6.6,-1161,-2387,22.4,1511.2
0,4,8,7,1,0,15848,6.6,-1845,-606,23.8,1584.8,8,4,14,1,0,17693,6.8,1845,606,22.4,1769.3
0,4,5,4,1,0,15297,6.6,-502,-413,20.1,1529.7,5,4,7,0,0,15799,7,502,413,20.9,1579.9
0,6,10,5,1,0,16406,7,-1530,-988,20.8,1640.6,10,6,10,1,0,17936,7,1530,988,22.4,1793.6
0,8,11,7,0,0,17509,7.2,-2118,-2158,23.4,1750.9,11,8,9,1,0,19627,7.4,2118,2158,20.9,1962.7
1,4,4,5,1,0,15398,6.8,-893,771,20,1539.8,4,4,4,0,0,16291,6.8,893,-771,21.2,1629.1
0,9,8,10,2,0,17431,6.8,253,-121,17.8,1743.1,8,9,6,0,0,17178,7,-253,121,22.4,1717.8
1,9,0,7,1,0,18968,7.6,5344,3793,23.9,1896.8,0,9,0,0,0,13624,6.4,-5344,-3793,22.5,1362.4
0,4,5,5,1,0,16318,6.6,-326,315,21.8,1631.8,5,4,9,1,0,16644,6.8,326,-315,20.9,1664.4
1,13,6,11,0,0,18896,7.4,2663,1537,19.8,1889.6,6,13,5,1,0,16233,6.8,-2663,-1537,20.1,1623.3
1,5,8,4,1,0,15964,6.8,-1399,-1727,20.4,1596.4,8,5,7,0,0,17363,7.2,1399,1727,21.7,1736.3
0,6,7,7,2,0,15924,6.8,-903,-729,18.4,1592.4,7,6,8,0,0,16827,7,903,729,21.5,1682.7
0,4,7,2,1,0,15190,7,-2134,-339,21.5,1519,7,4,8,1,0,17324,7,2134,339,22.7,1732.4
1,6,0,8,1,0,17482,7.2,3781,3184,21.6,1748.2,0,6,0,0,0,13701,6.4,-3781,-3184,22.3,1370.1
1,2,4,1,1,0,14492,7,-611,-1958,21.1,1449.2,4,2,3,0,0,15103,7.2,611,1958,23,1510.3
1,8,2,8,0,0,17055,7,2603,1105,22.5,1705.5,2,8,0,1,0,14452,6.8,-2603,-1105,23.8,1445.2
1,4,4,3,0,0,14559,6.8,-1348,-10,19.1,1455.9,4,4,6,1,0,15907,6.6,1348,10,20.2,1590.7
0,6,11,4,0,0,15838,7,-2468,-1853,20.4,1583.8,11,6,9,1,0,18306,7.4,2468,1853,21.9,1830.6
1,6,8,6,0,0,16047,6.8,-518,-268,25,1604.7,8,6,3,2,0,16565,7.2,518,268,21.1,1656.5
0,6,4,6,0,0,16513,7.2,752,1146,24.1,1651.3,4,6,6,1,0,15761,7,-752,-1146,21.6,1576.1
0,4,9,2,0,0,15445,6.6,-1775,-2698,22.2,1544.5,9,4,6,1,0,17220,7.4,1775,2698,22.8,1722
1,9,2,11,0,0,18124,7.4,4232,3448,21.3,1812.4,2,9,0,0,0,13892,6.6,-4232,-3448,20.5,1389.2
0,3,11,4,0,0,14268,6.4,-4962,-2384,21.3,1426.8,11,3,14,0,0,19230,7,4962,2384,21.6,1923
1,6,5,5,1,0,16000,6.8,379,406,20.6,1600,5,6,5,1,0,15621,6.8,-379,-406,21.4,1562.1
0,6,6,3,0,0,15040,6.8,-2006,-101,18.4,1504,6,6,5,0,0,17046,6.8,2006,101,23.6,1704.6
1,6,5,8,1,0,15416,6.8,-1342,-713,19.9,1541.6,5,6,7,0,0,16758,6.8,1342,713,24.8,1675.8
0,7,6,9,1,0,17844,7.2,1037,111,23.2,1784.4,6,7,5,0,0,16807,7.2,-1037,-111,24.3,1680.7
0,5,4,9,2,0,16455,7.2,1844,1397,22.9,1645.5,4,5,6,0,0,14611,6.6,-1844,-1397,21.3,1461.1
1,6,2,8,1,0,17368,7.2,3524,2086,25.2,1736.8,2,6,2,0,0,13844,6.4,-3524,-2086,19.5,1384.4
0,7,2,5,0,0,16503,7,2169,2322,21.8,1650.3,2,7,4,1,0,14334,6.6,-2169,-2322,22,1433.4
1,5,6,4,1,0,15063,6.6,-1547,-1049,19.8,1506.3,6,5,3,0,0,16610,6.8,1547,1049,22.9,1661
1,6,4,12,1,0,17733,7.2,1995,2344,22.1,1773.3,4,6,6,0,0,15738,6.8,-1995,-2344,22.5,1573.8
1,4,3,5,0,0,15720,7,1146,1440,22.4,1572,3,4,3,1,0,14574,6.8,-1146,-1440,21.1,1457.4
1,5,3,9,2,0,16457,7,1418,716,22.8,1645.7,3,5,2,0,0,15039,6.4,-1418,-716,23.8,1503.9
1,8,7,8,1,0,17526,7.2,307,-269,22,1752.6,7,8,7,0,0,17219,7.2,-307,269,22.5,1721.9
1,8,5,8,1,0,17204,7.2,803,2597,21.5,1720.4,5,8,7,0,0,16401,6.8,-803,-2597,21.6,1640.1
1,4,1,5,2,0,16973,7.2,2420,2428,27.1,1697.3,1,4,2,0,0,14553,6.6,-2420,-2428,24.7,1455.3
0,1,5,1,0,0,12713,7,-2976,-2255,19.2,1271.3,5,1,8,2,0,15689,6.6,2976,2255,23.7,1568.9
0,8,8,8,0,0,16488,6.8,-451,-1201,21.7,1648.8,8,8,4,0,0,16939,7,451,1201,19.6,1693.9
0,6,5,6,0,0,15801,7,161,1546,20.8,1580.1,5,6,3,0,0,15640,6.6,-161,-1546,19.7,1564
0,5,10,4,0,0,14750,6.6,-3688,-4038,18.5,1475,10,5,12,2,0,18438,7.2,3688,4038,18.9,1843.8
1,9,12,7,0,0,17709,6.6,-653,-1717,21.3,1770.9,12,9,15,0,0,18362,7,653,1717,19.3,1836.2
0,6,9,7,0,0,15827,6.8,-2327,-2250,18.1,1582.7,9,6,5,2,0,18154,7.4,2327,2250,25.1,1815.4
0,10,6,6,0,0,17482,6.8,1875,-622,20.6,1748.2,6,10,6,1,0,15607,6.8,-1875,622,17.9,1560.7
0,4,3,5,0,0,15450,7,312,33,20.2,1545,3,4,8,2,0,15138,7.2,-312,-33,24.3,1513.8
0,7,3,5,1,0,15728,6.8,989,-477,20.8,1572.8,3,7,2,0,0,14739,6.6,-989,477,20.8,1473.9
1,5,3,7,1,0,15588,6.6,414,-1224,20.2,1558.8,3,5,2,1,0,15174,7,-414,1224,20.7,1517.4
1,10,12,16,1,0,18676,7,416,1133,21.7,1867.6,12,10,14,0,0,18260,6.6,-416,-1133,21.1,1826
0,4,6,6,0,0,15829,6.8,-869,-814,18.5,1582.9,6,4,2,1,0,16698,6.8,869,814,23.1,1669.8
1,4,6,2,1,0,15340,7.2,-1031,122,22.8,1534,6,4,7,0,0,16371,7,1031,-122,22.8,1637.1
0,7,8,7,1,0,17140,7.2,-389,226,20.7,1714,8,7,9,1,0,17529,7,389,-226,20.8,1752.9
0,2,9,2,0,0,14606,6.8,-3513,-1630,20,1460.6,9,2,6,1,0,18119,7.4,3513,1630,22.1,1811.9
1,6,2,4,1,0,17528,7.2,2605,2260,25.7,1752.8,2,6,3,1,0,14923,6.8,-2605,-2260,25.4,1492.3
0,5,4,7,0,0,16035,6.6,408,165,19.3,1603.5,4,5,6,1,0,15627,6.8,-408,-165,22.4,1562.7
0,3,9,5,1,0,14559,6.8,-4140,-2177,19.3,1455.9,9,3,8,0,0,18699,7.4,4140,2177,23.6,1869.9
1,12,4,16,1,0,19726,7.4,5020,3785,24.6,1972.6,4,12,6,0,0,14706,6.4,-5020,-3785,19.2,1470.6
1,5,4,5,0,0,16508,7.2,616,1673,23,1650.8,4,5,6,0,0,15892,6.8,-616,-1673,23.8,1589.2
0,1,5,1,0,0,14001,6.4,-2744,-1330,22.1,1400.1,5,1,11,1,0,16745,7,2744,1330,24.4,1674.5
1,4,3,8,1,0,15650,7,-249,-1163,22.4,1565,3,4,3,1,0,15899,7.2,249,1163,25.4,1589.9
0,6,5,4,0,0,16663,7,-29,-997,22.7,1666.3,5,6,4,1,0,16692,7.4,29,997,22.5,1669.2
1,7,4,5,0,0,17052,6.8,1475,-95,24.1,1705.2,4,7,5,1,0,15577,6.6,-1475,95,20.6,1557.7
0,7,9,12,0,0,16242,6.4,-2055,-2649,20.9,1624.2,9,7,12,0,0,18297,7.2,2055,2649,20.2,1829.7
0,4,6,2,0,0,15009,6.4,-1806,-1419,21.1,1500.9,6,4,7,2,0,16815,7,1806,1419,22,1681.5
0,4,7,8,0,0,15462,6.6,-2237,-885,20.9,1546.2,7,4,12,1,0,17699,6.8,2237,885,25.6,1769.9
1,7,4,6,0,0,16972,7.2,1992,3174,22.2,1697.2,4,7,6,1,0,14980,6.4,-1992,-3174,22.1,1498
1,4,2,2,0,0,17005,7.2,1973,1236,26.8,1700.5,2,4,0,1,0,15032,6.8,-1973,-1236,24.1,1503.2
1,4,5,4,0,0,15845,6.8,463,-8,22.5,1584.5,5,4,5,0,0,15382,7,-463,8,21.4,1538.2
0,2,9,1,0,0,14048,6.4,-4004,-3300,20.9,1404.8,9,2,9,2,0,18052,7.2,4004,3300,23.7,1805.2
1,6,8,10,1,0,15388,6.4,-3077,-3160,21.8,1538.8,8,6,5,1,0,18465,7,3077,3160,21.4,1846.5
0,4,7,3,1,0,14622,6.6,-2542,-388,17.6,1462.2,7,4,10,0,0,17164,7,2542,388,23.8,1716.4
1,4,5,4,1,0,15184,6.8,-700,906,19.9,1518.4,5,4,5,1,0,15884,6.6,700,-906,21.5,1588.4
0,10,12,8,0,0,17607,7,-740,396,19.5,1760.7,12,10,11,1,0,18347,7,740,-396,21.4,1834.7
0,6,10,7,0,0,15258,6.8,-3222,-1976,17.9,1525.8,10,6,11,1,0,18480,7.2,3222,1976,24,1848
1,13,4,6,1,0,19669,7,14,-28,20.7,1966.9,4,13,8,0,0,12793,7,-14,28,21.8,1279.3
1,7,4,8,2,0,17865,7.4,2871,1581,25.1,1786.5,4,7,4,0,0,14994,7.2,-2871,-1581,21.5,1499.4
0,9,9,8,1,0,19206,7,2422,1048,21.9,1920.6,9,9,15,1,0,16784,6.6,-2422,-1048,18.1,1678.4
1,7,3,8,1,0,18068,7.2,3299,1803,25.2,1806.8,3,7,3,1,0,14769,6.8,-3299,-1803,20.1,1476.9
1,6,7,12,1,0,17397,7,751,615,23.5,1739.7,7,6,11,0,0,16646,6.8,-751,-615,21,1664.6
0,6,6,3,0,0,15933,7.2,-866,259,22.1,1593.3,6,6,3,1,0,16799,7.2,866,-259,24.9,1679.9
0,5,5,4,1,0,15552,6.8,-164,94,23.9,1555.2,5,5,6,1,0,15716,7,164,-94,20.3,1571.6
0,4,5,3,1,0,16675,7.2,93,1943,24,1667.5,5,4,7,0,0,16582,6.6,-93,-1943,20.9,1658.2
0,6,9,6,0,0,16585,7,-991,-844,23.1,1658.5,9,6,7,0,0,17576,7.4,991,844,22.3,1757.6
1,12,6,15,1,0,18665,7,2524,1040,21.3,1866.5,6,12,7,1,0,16141,6.6,-2524,-1040,20.2,1614.1
1,9,4,10,1,0,17555,6.8,2875,1386,22.3,1755.5,4,9,4,0,0,14680,6.4,-2875,-1386,19.6,1468
0,5,9,5,0,0,15942,6.8,-1590,-1375,21.5,1594.2,9,5,13,1,0,17532,7,1590,1375,22.1,1753.2
0,6,8,9,0,0,16185,6.8,-2100,-925,20.4,1618.5,8,6,12,2,0,18285,7,2100,925,19.9,1828.5
0,7,11,11,0,0,17444,6.4,-1642,-4442,21.3,1744.4,11,7,16,1,0,19086,7.6,1642,4442,22.3,1908.6
0,4,4,7,1,0,15471,6.8,-499,260,22,1547.1,4,4,4,0,0,15970,7,499,-260,25.2,1597
0,3,5,3,1,0,15043,6.8,-1591,-1829,22.5,1504.3,5,3,4,1,0,16634,7.4,1591,1829,23.6,1663.4
1,7,5,5,1,0,16424,7.2,-158,-688,21.7,1642.4,5,7,2,0,0,16582,7.2,158,688,24.3,1658.2
1,6,3,6,0,0,16061,6.8,1195,538,15.8,1606.1,3,6,1,1,0,14866,6.6,-1195,-538,21,1486.6
0,5,13,3,0,0,14910,6.4,-4644,-3580,19.8,1491,13,5,13,0,0,19554,7.4,4644,3580,24.7,1955.4
0,5,11,8,0,0,15127,6.4,-4099,-4129,19.3,1512.7,11,5,11,0,0,19226,7.4,4099,4129,22.5,1922.6
0,0,8,0,0,0,12682,6.6,-4944,-3928,17.3,1268.2,8,0,4,1,0,17626,7.4,4944,3928,23.3,1762.6
1,5,6,3,1,0,16298,7.4,96,2988,23.1,1629.8,6,5,8,0,0,16202,6.6,-96,-2988,20.1,1620.2
1,10,4,10,2,0,18818,7.4,4107,1820,21.5,1881.8,4,10,2,0,0,14711,6.8,-4107,-1820,20.9,1471.1
1,7,4,7,1,0,17221,7.4,1823,1574,19.9,1722.1,4,7,3,0,0,15398,6.6,-1823,-1574,20.8,1539.8
1,7,4,9,2,0,17897,7,2332,637,23.7,1789.7,4,7,4,0,0,15565,7,-2332,-637,19,1556.5
1,4,7,11,0,0,14657,6.2,-2710,-2319,19.4,1465.7,7,4,9,1,0,17367,7,2710,2319,22.7,1736.7
0,8,8,5,0,0,17232,6.8,260,-108,23.1,1723.2,8,8,7,0,0,16972,7,-260,108,20.5,1697.2
1,2,2,3,0,0,15830,7.2,909,2001,25.5,1583,2,2,3,0,0,14921,7,-909,-2001,21.9,1492.1
0,3,5,2,0,0,14992,6.4,-1984,-2084,21.4,1499.2,5,3,8,1,0,16976,6.8,1984,2084,24.6,1697.6
1,10,6,11,0,0,19000,7.2,1259,-60,23.3,1900,6,10,7,0,0,17741,7,-1259,60,26.4,1774.1
0,5,7,5,0,0,15723,6.8,-1522,-1611,20.3,1572.3,7,5,4,1,0,17245,7,1522,1611,24.1,1724.5
0,4,8,6,0,0,15428,6.8,-2190,-3375,21.3,1542.8,8,4,7,2,0,17618,7.6,2190,3375,21.8,1761.8
0,4,4,5,1,0,14592,6.6,-1208,-1061,20.4,1459.2,4,4,3,0,0,15800,6.8,1208,1061,20.5,1580
0,4,11,5,0,0,15613,6.8,-2952,-2963,20.2,1561.3,11,4,8,1,0,18565,7.4,2952,2963,22.1,1856.5
0,7,5,11,1,0,16844,6.8,749,570,21.7,1684.4,5,7,8,0,0,16095,7,-749,-570,23.3,1609.5
1,7,1,11,1,0,17709,7.2,3324,1398,24.2,1770.9,1,7,0,1,0,14385,6.6,-3324,-1398,22.7,1438.5
0,3,2,3,1,0,15028,6.8,147,1258,21.2,1502.8,2,3,5,1,0,14881,6.8,-147,-1258,23.1,1488.1
1,6,7,5,0,0,16399,6.8,580,-54,21.9,1639.9,7,6,7,0,0,15819,6.6,-580,54,18.9,1581.9
0,12,8,10,1,0,19079,7,1330,854,20.6,1907.9,8,12,7,0,0,17749,7,-1330,-854,21.2,1774.9
1,6,9,7,0,0,15809,7,-2167,-1158,20.2,1580.9,9,6,6,0,0,17976,7.2,2167,1158,24.3,1797.6
0,5,5,4,1,0,16755,7.2,1470,498,26.1,1675.5,5,5,3,0,0,15285,7,-1470,-498,21.7,1528.5
0,3,4,3,0,0,15043,6.8,-635,202,20.3,1504.3,4,3,3,1,0,15678,6.8,635,-202,24.2,1567.8
1,6,10,7,1,0,16832,6.8,-1467,-1504,22.2,1683.2,10,6,12,0,0,18299,7.4,1467,1504,21,1829.9
1,9,2,8,1,0,17580,7.2,3391,2897,21,1758,2,9,1,0,0,14189,6.6,-3391,-2897,19.5,1418.9
1,5,11,5,0,0,15453,6.6,-2980,-2882,19.3,1545.3,11,5,15,0,0,18433,7.2,2980,2882,23.3,1843.3
0,3,5,3,0,0,15869,7,-397,-163,26.1,1586.9,5,3,5,1,0,16266,7,397,163,22.7,1626.6
1,5,2,9,0,0,15917,7.2,1528,1785,22,1591.7,2,5,4,1,0,14389,6.8,-1528,-1785,19.9,1438.9
1,11,4,9,1,0,19612,7.6,4871,2019,25.9,1961.2,4,11,1,0,0,14741,7,-4871,-2019,21,1474.1
0,1,14,0,0,0,12519,7,14,-4309,21.8,1251.9,14,1,14,0,0,20046,7.2,-14,4309,22,2004.6
0,5,6,7,1,0,16227,7.2,131,735,22.1,1622.7,6,5,8,0,0,16096,7,-131,-735,20.6,1609.6
0,6,9,7,0,0,15291,6.2,-2889,-3905,19,1529.1,9,6,10,1,0,18180,7.2,2889,3905,22.8,1818
0,3,5,2,0,0,14442,6.8,-2402,-1269,20.9,1444.2,5,3,7,2,0,16844,7,2402,1269,24,1684.4
1,12,8,12,0,0,18968,7,1686,886,20.1,1896.8,8,12,8,0,0,17282,7,-1686,-886,18.6,1728.2
1,5,3,4,2,0,16187,6.8,1408,1663,23.9,1618.7,3,5,3,0,0,14779,6.6,-1408,-1663,20.4,1477.9
1,10,10,10,1,0,18062,7,-1293,-713,19,1806.2,10,10,10,0,0,19355,7.2,1293,713,24.7,1935.5
0,1,5,0,0,0,14824,7.2,-1424,-2416,23,1482.4,5,1,3,1,0,16248,7.6,1424,2416,22.8,1624.8
0,3,7,2,0,0,15195,7,-2336,-1282,21.7,1519.5,7,3,8,1,0,17531,7.4,2336,1282,24.7,1753.1
0,7,6,6,0,0,16457,7,265,-267,20.2,1645.7,6,7,4,1,0,16192,7,-265,267,23.4,1619.2
1,5,5,6,1,0,18317,7,3006,1814,23.8,1831.7,5,5,5,1,0,15311,6.8,-3006,-1814,20.8,1531.1
1,7,5,6,1,0,16319,7.4,1110,1898,21.8,1631.9,5,7,4,0,0,15209,6.8,-1110,-1898,19.8,1520.9
1,11,8,6,0,0,19275,7.2,2711,1931,23.3,1927.5,8,11,15,1,0,16564,6.8,-2711,-1931,18.3,1656.4
1,6,2,6,1,0,16605,6.8,2086,360,21.9,1660.5,2,6,1,1,0,14519,6.6,-2086,-360,21,1451.9
1,6,3,5,2,0,17898,7,3477,3386,23.8,1789.8,3,6,3,0,0,14421,6.6,-3477,-3386,22.4,1442.1
0,3,5,2,0,0,14745,6.8,-1815,-671,21.3,1474.5,5,3,5,1,0,16560,7,1815,671,21.1,1656
1,2,4,2,1,0,16417,6.8,1086,1804,24.9,1641.7,4,2,8,1,0,15331,6.6,-1086,-1804,21.9,1533.1
1,4,7,2,0,0,15169,7,-145,120,21.7,1516.9,7,4,3,0,0,15314,6.8,145,-120,20.5,1531.4
0,2,4,2,2,0,15197,7,-1519,-1363,23.3,1519.7,4,2,4,0,0,16716,7.2,1519,1363,24.5,1671.6
1,8,4,8,1,0,18208,7.2,4538,3618,24.8,1820.8,4,8,1,0,0,13670,6.4,-4538,-3618,17.6,1367
1,7,3,4,1,0,17879,7.4,4864,-28,24.1,1787.9,3,7,1,0,0,13015,7,-4864,28,18.5,1301.5
1,9,2,6,0,0,17947,7.2,4121,3050,23.9,1794.7,2,9,1,0,0,13826,6.8,-4121,-3050,17.7,1382.6
1,3,5,3,1,0,15393,7,-1101,-306,24.3,1539.3,5,3,7,0,0,16494,7,1101,306,26.7,1649.4
1,4,6,2,0,0,15729,7,-448,-163,20.5,1572.9,6,4,6,1,0,16177,7,448,163,23.2,1617.7
1,10,5,13,1,0,18560,7.2,3373,2383,24.4,1856,5,10,3,0,0,15187,6.8,-3373,-2383,21,1518.7
1,3,4,3,1,0,15718,6.8,86,-315,25.6,1571.8,4,3,6,0,0,15632,6.8,-86,315,22,1563.2
0,2,8,0,0,0,14021,6.2,-3792,-3472,20,1402.1,8,2,8,1,0,17813,7.2,3792,3472,23.6,1781.3
1,13,5,10,0,0,19485,7.4,3823,2563,19.6,1948.5,5,13,5,0,0,15662,6.6,-3823,-2563,20.1,1566.2
0,6,8,6,1,0,16029,6.8,-1350,-1765,19.8,1602.9,8,6,6,0,0,17379,7.2,1350,1765,20.6,1737.9
0,4,6,2,1,0,14372,6.8,-1864,-2124,20.5,1437.2,6,4,3,0,0,16236,7.2,1864,2124,21.6,1623.6
1,10,6,13,0,0,18348,6.6,1864,-797,19.5,1834.8,6,10,7,1,0,16484,7,-1864,797,21.1,1648.4
0,7,4,11,1,0,16464,6.8,441,130,20.6,1646.4,4,7,5,0,0,16023,6.8,-441,-130,22.9,1602.3
0,4,9,5,0,0,16377,6.8,-2218,-1083,21.3,1637.7,9,4,7,2,0,18595,7.2,2218,1083,22.2,1859.5
1,9,10,9,1,0,17421,6.6,-120,-394,20.3,1742.1,10,9,11,0,0,17541,6.8,120,394,22.5,1754.1
1,4,5,4,0,0,15284,6.8,-188,899,22.1,1528.4,5,4,6,0,0,15472,6.8,188,-899,22.6,1547.2
0,3,7,3,1,0,14900,7,-1966,263,21.4,1490,7,3,7,0,0,16866,7.2,1966,-263,21.4,1686.6
1,7,6,5,0,0,16345,6.6,-323,-992,20.4,1634.5,6,7,8,1,0,16668,7,323,992,19,1666.8
0,6,11,6,0,0,17982,7,-708,387,24.4,1798.2,11,6,9,1,0,18690,7.2,708,-387,20.3,1869
0,6,6,5,0,0,16259,7.2,-147,184,23.2,1625.9,6,6,6,1,0,16406,7,147,-184,23.7,1640.6
1,10,11,8,0,0,18472,7.2,1041,1187,22.8,1847.2,11,10,8,1,0,17431,6.8,-1041,-1187,17.5,1743.1
1,7,5,6,1,0,16099,7,873,678,20.3,1609.9,5,7,2,0,0,15226,6.8,-873,-678,20.8,1522.6
1,4,4,8,0,0,15947,6.8,247,-1191,23.1,1594.7,4,4,5,1,0,15700,6.8,-247,1191,21.9,1570
1,6,5,3,0,0,16590,7,1209,1099,22.8,1659,5,6,10,1,0,15381,7,-1209,-1099,20.2,1538.1
0,3,4,3,1,0,14986,6.4,-495,-724,22.9,1498.6,4,3,4,1,0,15481,7,495,724,24.6,1548.1
0,6,5,6,1,0,19234,7,2899,1508,19.3,1923.4,5,6,7,0,0,16335,6.8,-2899,-1508,21.1,1633.5
1,3,4,4,2,0,16657,7.2,1129,218,22.8,1665.7,4,3,4,0,0,15528,7.2,-1129,-218,23.8,1552.8
1,6,7,6,2,0,16398,7.2,5514,3051,21.8,1639.8,7,6,9,0,0,15998,6.4,-5514,-3051,19.6,1599.8
0,6,7,5,1,0,15905,7,-1317,-1427,20,1590.5,7,6,10,1,0,17222,7.2,1317,1427,20.3,1722.2
0,7,7,4,0,0,15793,6.8,-571,-932,19.1,1579.3,7,7,3,1,0,16364,7.2,571,932,22.7,1636.4
0,10,8,12,0,0,17883,6.8,1485,-264,19.8,1788.3,8,10,10,1,0,16398,6.8,-1485,264,19.4,1639.8
0,4,2,6,0,0,15744,7,1185,1042,21.9,1574.4,2,4,3,0,0,14559,6.8,-1185,-1042,23.1,1455.9
0,5,7,3,1,0,14765,6.8,-2108,-1510,18.9,1476.5,7,5,8,0,0,16873,7.4,2108,1510,21.2,1687.3
1,5,2,5,2,0,17446,7.4,3229,3548,25.5,1744.6,2,5,2,0,0,14217,6.6,-3229,-3548,22.1,1421.7
1,6,4,10,1,0,16190,7,1267,920,23.3,1619,4,6,4,0,0,14923,6.4,-1267,-920,19,1492.3
1,2,6,2,1,0,14967,6.8,-1513,-2959,22.1,1496.7,6,2,7,0,0,16480,7.2,1513,2959,22.4,1648
1,9,3,12,2,0,18108,7,2967,947,21.8,1810.8,3,9,1,0,0,15141,6.8,-2967,-947,22.8,1514.1
0,7,7,10,1,0,16397,6.6,-1023,-2028,22.2,1639.7,7,7,6,0,0,17420,7.2,1023,2028,24.3,1742
1,6,4,8,1,0,16606,7,1385,969,23.7,1660.6,4,6,2,0,0,15221,7,-1385,-969,21.7,1522.1
1,3,9,5,0,0,14351,6.8,-3540,-3645,17.2,1435.1,9,3,4,2,0,17891,7.6,3540,3645,22.4,1789.1
0,2,7,2,1,0,14864,6.6,-2219,-1498,24.9,1486.4,7,2,15,1,0,17083,7,2219,1498,22.9,1708.3
1,10,8,8,1,0,18214,7.2,1295,1330,22.7,1821.4,8,10,9,0,0,16919,7,-1295,-1330,20.5,1691.9
0,8,3,12,0,0,17059,7.2,1601,1229,20,1705.9,3,8,3,2,0,15458,6.8,-1601,-1229,20.6,1545.8
0,2,4,2,1,0,14353,6.4,-874,-1635,21.5,1435.3,4,2,5,0,0,15227,7,874,1635,21.6,1522.7
0,4,6,6,1,0,16580,7,-551,-551,20.5,1658,6,4,10,1,0,17131,6.8,551,551,21.8,1713.1
1,9,8,11,0,0,17426,7,395,-504,23.4,1742.6,8,9,9,0,0,17031,6.8,-395,504,18.8,1703.1
0,6,7,3,2,0,16308,7,-52,430,22.7,1630.8,7,6,5,0,0,16360,7.2,52,-430,20.8,1636
1,9,3,11,1,0,19723,7.2,4609,1189,24.9,1972.3,3,9,2,1,0,15114,7.2,-4609,-1189,22.6,1511.4
0,6,9,6,0,0,15946,7,-1565,-467,22.2,1594.6,9,6,15,0,0,17511,6.8,1565,467,18.7,1751.1
1,11,7,9,0,0,19425,7.4,3143,2852,21.8,1942.5,7,11,5,1,0,16282,7,-3143,-2852,21.6,1628.2
1,14,7,5,2,0,18135,7,1490,1854,19.8,1813.5,7,14,7,0,0,16645,7,-1490,-1854,18,1664.5
0,9,10,6,0,0,16774,7,-1130,275,17.6,1677.4,10,9,12,0,0,17904,6.8,1130,-275,20.6,1790.4
1,6,5,5,1,0,16637,7.2,370,212,21.5,1663.7,5,6,5,0,0,16267,7,-370,-212,20.7,1626.7
0,7,7,14,0,0,16750,6.6,-2128,-1873,21.4,1675,7,7,3,2,0,18878,7.2,2128,1873,23.6,1887.8
1,1,8,0,1,0,13493,6.6,-3700,-2221,21.8,1349.3,8,1,8,0,0,17193,7,3700,2221,22.9,1719.3
0,6,12,5,0,0,15794,6.8,-4649,-1914,19.2,1579.4,12,6,11,1,0,16378,7.4,4649,1914,21.3,1637.8
1,9,6,12,1,0,16574,6.6,144,-227,20.3,1657.4,6,9,4,0,0,16430,6.8,-144,227,22.9,1643
1,6,7,6,1,0,20182,7.6,3404,2667,19.9,2018.2,7,6,5,1,0,16778,7,-3404,-2667,20.6,1677.8
0,4,11,6,0,0,15402,6.2,-2180,-3706,20.5,1540.2,11,4,12,0,0,17582,7.2,2180,3706,20.4,1758.2
0,6,6,5,1,0,15414,6.4,-2545,-761,18.8,1541.4,6,6,5,1,0,17959,6.8,2545,761,22.5,1795.9
0,5,4,6,2,0,16982,6.8,1935,162,22.5,1698.2,4,5,6,0,0,15047,6.8,-1935,-162,20.8,1504.7
1,5,5,3,2,0,15193,6.8,-404,-419,20.8,1519.3,5,5,11,0,0,15597,6.8,404,419,21.6,1559.7
0,5,9,4,0,0,15968,6.8,-1624,-1067,22.6,1596.8,9,5,13,1,0,17592,7.2,1624,1067,19.8,1759.2
1,2,2,2,1,0,15260,7,-505,-602,22,1526,2,2,1,1,0,15765,7.2,505,602,24.9,1576.5
1,7,9,8,0,0,17115,6.8,47,-856,20.3,1711.5,9,7,6,0,0,17068,7,-47,856,21.9,1706.8
0,5,8,7,0,0,16365,6.8,-1754,-149,22.5,1636.5,8,5,13,1,0,18119,7,1754,149,24.3,1811.9
1,7,7,9,0,0,16712,7,-424,308,19,1671.2,7,7,7,0,0,17136,7.2,424,-308,20.3,1713.6
1,13,7,15,1,0,18236,6.8,2369,1517,20.2,1823.6,7,13,6,0,0,15867,6.8,-2369,-1517,19.1,1586.7
1,13,10,15,0,0,20067,7,2778,-247,20.6,2006.7,10,13,4,1,0,17289,7,-2778,247,18.4,1728.9
0,3,6,4,1,0,14792,6.6,-1183,-1235,20.5,1479.2,6,3,5,0,0,15975,6.8,1183,1235,21.1,1597.5
0,1,6,0,0,0,14748,6.8,-2619,-1215,21.2,1474.8,6,1,8,1,0,17367,7.2,2619,1215,23.7,1736.7
1,10,5,6,2,0,18682,7.4,2733,2062,20.7,1868.2,5,10,6,0,0,15949,6.8,-2733,-2062,21.6,1594.9
1,3,4,2,0,0,15883,6.8,-277,-123,22.9,1588.3,4,3,5,0,0,16160,7,277,123,24.2,1616
1,5,4,5,0,0,15938,6.8,673,-64,20,1593.8,4,5,3,1,0,15265,6.6,-673,64,21,1526.5
1,11,2,16,0,0,18405,7,4817,4522,22.8,1840.5,2,11,2,0,0,13588,6.2,-4817,-4522,19.3,1358.8
1,4,2,5,0,0,16164,7.2,956,-27,24.6,1616.4,2,4,3,1,0,15208,7.2,-956,27,24.2,1520.8
0,3,7,2,1,0,15000,6.8,-3290,-1243,21.2,1500,7,3,7,1,0,18290,7.2,3290,1243,25.2,1829
0,3,7,3,0,0,14454,6.6,-3003,-2118,19.1,1445.4,7,3,5,1,0,17457,7.4,3003,2118,23.9,1745.7
1,7,8,7,1,0,17459,6.8,-1,-459,20.9,1745.9,8,7,6,0,0,17460,6.8,1,459,23.1,1746
1,10,4,9,1,0,17933,7.2,2690,2444,21.7,1793.3,4,10,6,1,0,15243,6.8,-2690,-2444,21.3,1524.3
1,2,1,1,1,0,14780,7,3568,2926,18.8,1478,1,2,0,0,0,16378,7,-3568,-2926,21.8,1637.8
0,4,1,5,1,0,15056,7,777,742,22.6,1505.6,1,4,0,1,0,14279,7,-777,-742,23.4,1427.9
0,2,8,3,0,0,13337,7,-5735,-28,15.8,1333.7,8,2,6,2,0,19072,7.6,5735,28,23.2,1907.2
1,13,6,6,1,0,20169,7,4453,337,20.5,2016.9,6,13,9,0,0,15716,6.6,-4453,-337,16.2,1571.6
1,5,4,5,1,0,15549,6.8,-193,-607,22.2,1554.9,4,5,2,1,0,15742,6.8,193,607,24.8,1574.2
1,10,5,14,1,0,18392,7.2,2119,209,22.1,1839.2,5,10,6,0,0,16273,7,-2119,-209,20.6,1627.3
1,5,4,6,0,0,15865,6.8,-480,-1045,20.8,1586.5,4,5,3,1,0,16345,6.6,480,1045,22.6,1634.5
1,9,5,11,2,0,17498,7,1885,1636,20.9,1749.8,5,9,3,0,0,15613,6.6,-1885,-1636,20,1561.3
0,2,5,3,1,0,14606,7,-1605,237,22.1,1460.6,5,2,7,0,0,16211,7,1605,-237,23.5,1621.1
0,0,11,0,0,0,13590,6.6,-5691,-3094,20,1359,11,0,11,1,0,19281,7.4,5691,3094,22,1928.1
0,5,5,3,1,0,16259,7.2,-995,181,24.2,1625.9,5,5,5,0,0,17254,7.2,995,-181,25.6,1725.4
0,9,11,7,0,0,17137,7,-1730,24,18.8,1713.7,11,9,11,2,0,18867,7,1730,-24,21.1,1886.7
0,2,4,4,0,0,14775,6.8,-1285,-1925,20.6,1477.5,4,2,7,1,0,16060,7.2,1285,1925,22.7,1606
1,11,11,6,0,0,17571,6.8,-3024,-2806,17.4,1757.1,11,11,9,1,0,16378,7.2,3024,2806,24.3,1637.8
0,5,7,3,0,0,16946,7.2,368,-774,23,1694.6,7,5,6,2,0,16578,7.2,-368,774,22,1657.8
0,2,1,4,1,0,16437,6.8,969,-409,24.4,1643.7,1,2,3,1,0,15468,7,-969,409,23.6,1546.8
0,6,8,5,0,0,16881,7.2,-259,1059,24.1,1688.1,8,6,9,0,0,17140,7,259,-1059,18.8,1714
1,2,3,3,1,0,15938,7.2,443,1911,24.2,1593.8,3,2,1,0,0,15495,7,-443,-1911,24.4,1549.5
0,4,4,4,1,0,15639,7,-1233,270,23,1563.9,4,4,5,0,0,16872,7.2,1233,-270,24.3,1687.2
0,4,7,6,1,0,14582,6.4,-2298,-2281,21.4,1458.2,7,4,7,0,0,16880,7,2298,2281,21.3,1688
1,13,6,8,0,0,19537,7.4,3608,2893,24.2,1953.7,6,13,10,1,0,15929,6.6,-3608,-2893,18.8,1592.9
0,1,5,2,0,0,14031,6.6,-1762,-1592,22.3,1403.1,5,1,5,2,0,15793,7,1762,1592,21.6,1579.3
0,7,11,6,0,0,16749,7,-2233,-1112,19.2,1674.9,11,7,10,1,0,18982,7.2,2233,1112,21.5,1898.2
1,6,3,5,0,0,16542,7,1428,1200,21.4,1654.2,3,6,4,1,0,15114,7,-1428,-1200,23.8,1511.4
1,7,7,4,0,0,18053,7.4,891,1526,23,1805.3,7,7,11,1,0,17162,7,-891,-1526,20.2,1716.2
0,11,3,13,1,0,18102,7,1712,1178,21.6,1810.2,3,11,1,1,0,16390,6.8,-1712,-1178,22.6,1639
1,9,12,11,0,0,17332,6.8,-874,-1370,17,1733.2,12,9,11,0,0,18206,7.2,874,1370,21.8,1820.6
1,10,7,11,2,0,17748,7,1212,2099,20.6,1774.8,7,10,10,0,0,16536,7,-1212,-2099,19.1,1653.6
0,6,10,4,0,0,17034,7.2,-370,555,21,1703.4,10,6,11,1,0,17404,6.8,370,-555,20.1,1740.4
0,6,5,4,1,0,16000,7.2,230,1894,18.1,1600,5,6,4,0,0,15770,6.8,-230,-1894,23.6,1577
1,6,4,7,0,0,16655,7,474,-102,21.7,1665.5,4,6,11,1,0,16181,7.2,-474,102,23.4,1618.1
0,1,9,3,0,0,13719,6.4,-4492,-4085,20.2,1371.9,9,1,8,0,0,18211,7.6,4492,4085,21.9,1821.1
1,5,3,7,0,0,17264,7,3037,2561,24.8,1726.4,3,5,2,0,0,14227,6.4,-3037,-2561,17.4,1422.7
0,3,7,2,0,0,14725,6.6,-2686,-1780,21,1472.5,7,3,11,0,0,17411,7.2,2686,1780,24.2,1741.1
0,4,6,2,0,0,14360,6.6,-3424,-1550,17.5,1436,6,4,4,1,0,17784,7.2,3424,1550,20.7,1778.4
1,6,6,6,0,0,16223,6.8,135,-338,23.3,1622.3,6,6,9,1,0,16088,6.8,-135,338,20.2,1608.8
1,6,2,7,0,0,16695,6.8,1755,717,23.6,1669.5,2,6,1,1,0,14940,6.8,-1755,-717,23.4,1494
1,5,10,5,0,0,16297,7.2,-2523,-1057,21.2,1629.7,10,5,10,0,0,18820,7.4,2523,1057,23.6,1882
1,2,6,2,2,0,15386,7.2,-1402,-1003,24.6,1538.6,6,2,4,0,0,16788,7.6,1402,1003,26.4,1678.8
1,6,1,9,2,0,18435,7.2,4751,641,25.4,1843.5,1,6,0,0,0,13684,6.8,-4751,-641,20.3,1368.4
1,7,4,8,0,0,17008,7.2,1238,1037,21.6,1700.8,4,7,5,1,0,15770,6.8,-1238,-1037,23.1,1577
1,5,2,8,0,0,16684,7.4,2672,1784,24,1668.4,2,5,2,0,0,14012,7,-2672,-1784,22,1401.2
1,9,4,5,1,0,17965,7.4,2954,4490,22.9,1796.5,4,9,8,0,0,15011,6.4,-2954,-4490,20.8,1501.1
1,5,5,10,1,0,16737,6.8,272,-467,23.1,1673.7,5,5,8,0,0,16465,7,-272,467,21.8,1646.5
0,1,3,1,0,0,13638,6.8,-2033,-1612,19,1363.8,3,1,3,0,0,15671,7.2,2033,1612,23.8,1567.1
0,4,3,4,0,0,15838,6.8,-348,-901,22.1,1583.8,3,4,4,1,0,16186,7.2,348,901,26.1,1618.6
0,3,2,3,0,0,15734,7,465,-911,23.6,1573.4,2,3,1,1,0,15269,7.2,-465,911,22.6,1526.9
0,8,9,8,0,0,17802,7.2,-201,-14,22.6,1780.2,9,8,11,1,0,18003,6.8,201,14,20.3,1800.3
1,7,9,7,0,0,16149,6.4,-393,-478,18.6,1614.9,9,7,7,0,0,16542,6.4,393,478,17.3,1654.2
0,3,9,3,0,0,14719,6.6,-3485,-2423,19.5,1471.9,9,3,12,1,0,18204,7.2,3485,2423,23.7,1820.4
0,6,8,6,0,0,15883,6.8,-791,-2157,22.8,1588.3,8,6,7,0,0,16674,6.8,791,2157,21.3,1667.4
1,6,8,6,0,0,19917,7,3759,1339,20.9,1991.7,8,6,8,1,0,16158,6.8,-3759,-1339,17.2,1615.8
0,7,8,10,0,0,16137,6.4,-1563,-1007,20.3,1613.7,8,7,8,1,0,17700,7,1563,1007,21.9,1770
0,7,4,4,1,0,17994,7.2,3033,3187,26.9,1799.4,4,7,4,1,0,14961,6.6,-3033,-3187,20.6,1496.1
1,9,5,4,1,0,17693,7.2,2120,2142,22.6,1769.3,5,9,6,0,0,15573,6.8,-2120,-2142,17.8,1557.3
1,6,4,6,0,0,16184,6.8,-382,-247,22.4,1618.4,4,6,6,0,0,16566,7.2,382,247,24.2,1656.6
0,4,5,3,1,0,15791,7,-478,346,22,1579.1,5,4,4,0,0,16269,7,478,-346,24.7,1626.9
0,3,2,2,0,0,15426,7,566,-248,20.2,1542.6,2,3,0,0,0,14860,6.8,-566,248,24.9,1486
0,5,3,7,1,0,16885,7.2,2657,2468,22.9,1688.5,3,5,4,0,0,14228,6.4,-2657,-2468,20,1422.8
0,5,6,7,1,0,15880,7.2,-1891,263,21.9,1588,6,5,4,0,0,17771,7,1891,-263,23.6,1777.1
1,6,6,10,1,0,16701,7,-16,-467,19.6,1670.1,6,6,3,0,0,16717,7.2,16,467,23.2,1671.7
0,8,6,6,0,0,17040,7.2,1740,929,23,1704,6,8,5,1,0,15300,6.8,-1740,-929,19.8,1530
1,2,3,2,1,0,13703,6.8,-1912,-957,18.7,1370.3,3,2,0,0,0,15615,7,1912,957,24.1,1561.5
0,8,9,1,1,0,16953,7,-515,649,23.8,1695.3,9,8,11,0,0,17468,7.2,515,-649,21.1,1746.8
1,6,4,1,0,0,16327,7,1570,1320,19,1632.7,4,6,1,1,0,14757,6.8,-1570,-1320,21.4,1475.7
1,6,3,6,0,0,17854,7.6,3215,3092,26,1785.4,3,6,3,0,0,14639,6.6,-3215,-3092,19.4,1463.9
1,12,7,14,0,0,19970,7.2,3605,3504,22.1,1997,7,12,8,0,0,16365,6.4,-3605,-3504,18.6,1636.5
0,6,6,5,1,0,16010,7,-210,-589,23.1,1601,6,6,7,0,0,16220,7,210,589,21.8,1622
1,9,11,12,0,0,16899,6.8,-1507,-1389,18,1689.9,11,9,14,2,0,18406,7,1507,1389,21.7,1840.6
0,9,11,10,0,0,16256,6.6,-1114,-1440,21.8,1625.6,11,9,15,1,0,17370,7,1114,1440,19.1,1737
0,6,5,6,0,0,16676,7,333,926,23.8,1667.6,5,6,9,0,0,16343,6.8,-333,-926,24.1,1634.3
1,11,7,13,1,0,18877,7.2,1711,1767,20.9,1887.7,7,11,7,0,0,17166,7,-1711,-1767,21.5,1716.6
0,4,6,6,0,0,14827,6.6,-2322,-1522,18.7,1482.7,6,4,5,1,0,17149,7,2322,1522,22.2,1714.9
0,5,5,3,0,0,16098,7,65,351,24.4,1609.8,5,5,9,0,0,16033,6.6,-65,-351,20.8,1603.3
0,4,4,3,1,0,15237,6.8,-305,242,22.4,1523.7,4,4,5,0,0,15542,6.4,305,-242,20.1,1554.2
0,6,4,3,0,0,16796,7.4,311,707,25.6,1679.6,4,6,4,1,0,16485,7.2,-311,-707,24.1,1648.5
1,10,5,11,1,0,19323,7.4,2728,1681,22,1932.3,5,10,7,0,0,16595,7,-2728,-1681,24.1,1659.5
1,6,2,4,1,0,16127,6.8,2329,1331,23.7,1612.7,2,6,4,1,0,13798,6.2,-2329,-1331,18.6,1379.8
1,9,6,12,0,0,17027,6.8,573,48,17.5,1702.7,6,9,11,0,0,16454,7,-573,-48,19.1,1645.4
0,6,6,5,1,0,15965,6.8,-865,-20,21.3,1596.5,6,6,7,1,0,16830,7,865,20,20.4,1683
0,6,11,5,0,0,16167,7,-2055,-214,20.2,1616.7,11,6,11,2,0,18222,7.2,2055,214,20.4,1822.2
1,10,3,9,1,0,18334,7,3485,2447,22.5,1833.4,3,10,3,0,0,14849,6.4,-3485,-2447,18.8,1484.9
0,3,7,4,0,0,15191,6.6,-1848,-1472,21.4,1519.1,7,3,9,2,0,17039,7,1848,1472,21.9,1703.9
0,6,7,3,1,0,16132,7,-1989,-735,22.2,1613.2,7,6,6,1,0,18121,7.4,1989,735,21.8,1812.1
1,3,6,2,0,0,15098,6.6,-100,-305,23.2,1509.8,6,3,4,1,0,15198,6.8,100,305,17.8,1519.8
1,5,4,3,1,0,16261,7.2,1320,839,22.1,1626.1,4,5,6,0,0,14941,7,-1320,-839,20.4,1494.1
1,5,7,9,0,0,16427,7.2,-311,-544,24.8,1642.7,7,5,10,0,0,16738,7.2,311,544,22.7,1673.8
0,6,10,10,0,0,14901,6.2,-2834,-3402,17,1490.1,10,6,9,1,0,17735,7,2834,3402,21.6,1773.5
1,7,6,10,1,0,17070,6.8,365,356,23.2,1707,6,7,10,0,0,16705,7,-365,-356,20.1,1670.5
1,6,7,5,0,0,16217,6.8,112,79,21.7,1621.7,7,6,8,2,0,16105,6.8,-112,-79,22.5,1610.5
1,10,2,10,1,0,18822,7.2,4577,3717,25.3,1882.2,2,10,2,1,0,14245,6.6,-4577,-3717,19.2,1424.5
1,14,2,14,1,0,19185,7,5794,3899,19.6,1918.5,2,14,1,0,0,13391,7,-5794,-3899,16.6,1339.1
0,3,9,3,0,0,14220,6.4,-3673,-2973,20.3,1422,9,3,9,1,0,17893,7.4,3673,2973,23.4,1789.3
1,8,2,8,1,0,18477,7.2,3593,1136,24.8,1847.7,2,8,0,0,0,14884,7,-3593,-1136,23.6,1488.4
1,5,7,4,0,0,16324,7,-330,55,23.1,1632.4,7,5,7,1,0,16654,7,330,-55,21.3,1665.4
0,4,8,4,1,0,15247,6.6,-2720,-2473,20.9,1524.7,8,4,9,0,0,17967,7.2,2720,2473,20.7,1796.7
1,6,4,4,1,0,17361,7.2,1670,1765,20.8,1736.1,4,6,6,0,0,15691,6.8,-1670,-1765,21.7,1569.1
1,10,3,11,1,0,17793,7.6,1988,1552,20.8,1779.3,3,10,2,0,0,15805,7,-1988,-1552,21.7,1580.5
1,2,2,3,0,0,14619,6.6,622,-1048,24.4,1461.9,2,2,1,1,0,13997,6.8,-622,1048,19.8,1399.7
1,5,5,5,0,0,15552,7,726,-512,21.1,1555.2,5,5,3,1,0,14826,6.8,-726,512,19.2,1482.6
1,5,1,5,1,0,17170,7.2,2695,1696,25.8,1717,1,5,2,1,0,14475,6.8,-2695,-1696,23.3,1447.5
0,11,5,12,1,0,18658,7,1603,1389,20.3,1865.8,5,11,6,0,0,17055,6.8,-1603,-1389,22.9,1705.5
1,10,5,14,1,0,17857,6.8,1879,-344,21.1,1785.7,5,10,5,0,0,15978,6.8,-1879,344,22.7,1597.8
0,2,7,3,0,0,14613,6.6,-3238,-4114,21.9,1461.3,7,2,8,1,0,17851,7.6,3238,4114,25.5,1785.1
1,5,8,5,1,0,15359,6.8,-2039,-484,19.7,1535.9,8,5,11,0,0,17398,7.2,2039,484,23,1739.8
0,7,6,2,1,0,16756,7,773,1285,23.9,1675.6,6,7,6,1,0,15983,6.8,-773,-1285,19,1598.3
1,14,7,14,2,0,19984,7,3140,3525,20.7,1998.4,7,14,9,0,0,16844,6.4,-3140,-3525,20.1,1684.4
0,5,6,2,0,0,15470,6.8,-522,-577,21.1,1547,6,5,4,1,0,15992,7,522,577,20.9,1599.2
0,9,12,15,0,0,16494,6.2,-1484,-1528,21.8,1649.4,12,9,14,1,0,17978,6.6,1484,1528,19.6,1797.8
0,6,5,6,0,0,15904,6.8,-73,217,20.1,1590.4,5,6,6,2,0,15977,6.6,73,-217,22.8,1597.7
0,3,11,4,1,0,14423,6.8,-4452,-3726,19,1442.3,11,3,8,1,0,18875,7.4,4452,3726,23.8,1887.5
0,3,5,3,0,0,15136,6.8,-401,-995,21.6,1513.6,5,3,2,0,0,15537,7,401,995,24,1553.7
0,8,3,9,0,0,16681,7.2,1650,1230,21.6,1668.1,3,8,1,2,0,15031,7,-1650,-1230,22.4,1503.1
0,2,6,2,0,0,14868,6.8,-2681,-1941,23,1486.8,6,2,6,1,0,17549,7.2,2681,1941,26.9,1754.9
1,5,7,3,1,0,16103,6.8,-511,303,21.6,1610.3,7,5,9,0,0,16614,7,511,-303,23.7,1661.4
0,7,12,5,0,0,15674,6.4,-3878,-3868,20.6,1567.4,12,7,15,1,0,19552,7.2,3878,3868,20.7,1955.2
0,3,9,1,0,0,14100,6.4,-4603,-3046,18.9,1410,9,3,8,2,0,18703,7.2,4603,3046,24.1,1870.3
1,14,6,6,1,0,20177,7.8,3696,3558,23.6,2017.7,6,14,5,0,0,16481,7,-3696,-3558,20.7,1648.1
1,4,4,7,1,0,15222,6.6,7,-685,20.7,1522.2,4,4,4,0,0,15215,6.8,-7,685,21.2,1521.5
0,4,9,3,0,0,14731,6.4,-3354,-2698,18.8,1473.1,9,4,10,1,0,18085,7.2,3354,2698,24.1,1808.5
0,3,8,2,0,0,14566,7,-2414,-959,19,1456.6,8,3,12,0,0,16980,6.8,2414,959,21.8,1698
0,10,7,13,1,0,17545,6.8,-280,-752,17.9,1754.5,7,10,9,0,0,17825,6.8,280,752,21.7,1782.5
1,3,8,6,1,0,15159,6.6,-2341,-2034,22.1,1515.9,8,3,12,0,0,17500,7.2,2341,2034,21.4,1750
0,4,6,3,0,0,15855,7,-891,-768,21.2,1585.5,6,4,1,1,0,16746,7,891,768,26.4,1674.6
0,6,9,6,1,0,17023,7,-355,-126,22.4,1702.3,9,6,11,0,0,17378,6.8,355,126,20.9,1737.8
0,8,7,9,1,0,17163,7.2,515,1691,22.1,1716.3,7,8,14,0,0,16648,6.6,-515,-1691,21.1,1664.8
0,5,9,3,1,0,15875,7,-1663,164,22.4,1587.5,9,5,14,0,0,17538,7,1663,-164,17.3,1753.8
1,6,3,6,1,0,14887,6.4,-498,-2244,15.9,1488.7,3,6,1,1,0,15385,6.6,498,2244,22.7,1538.5
1,4,8,3,1,0,15330,6.6,-2366,-3382,20.3,1533,8,4,12,0,0,17696,7.2,2366,3382,22.9,1769.6
0,2,6,2,0,0,14295,6.4,-2514,-2762,21.1,1429.5,6,2,6,1,0,16809,7.2,2514,2762,21.9,1680.9
1,6,5,6,1,0,16454,6.8,-247,-20,20.9,1645.4,5,6,6,0,0,16701,7,247,20,22.7,1670.1
0,1,5,2,0,0,13951,7,-2847,-318,21.1,1395.1,5,1,7,1,0,16798,7.2,2847,318,23.9,1679.8
0,3,2,4,0,0,16307,7.2,1180,1124,25.5,1630.7,2,3,2,1,0,15127,7.2,-1180,-1124,24,1512.7
0,8,14,12,2,0,16072,6.2,-5540,-28,17,1607.2,14,8,12,0,0,16378,7.6,5540,28,25.7,1637.8
0,4,11,2,0,0,15515,6.8,-2272,-2400,23.1,1551.5,11,4,7,1,0,17787,7.6,2272,2400,22.5,1778.7
1,3,5,5,2,0,15188,6.8,-888,-975,22.1,1518.8,5,3,5,0,0,16076,7,888,975,19.2,1607.6
0,9,5,11,2,0,17791,7.2,1090,342,19.8,1779.1,5,9,6,0,0,16701,6.8,-1090,-342,26.5,1670.1
0,4,4,7,0,0,15813,7.2,-80,470,24.8,1581.3,4,4,2,1,0,15893,7.2,80,-470,21.9,1589.3
0,3,2,3,1,0,14424,6.6,-541,-66,20.1,1442.4,2,3,2,0,0,14965,6.8,541,66,23.4,1496.5
0,12,8,13,0,0,19306,7.4,1087,340,21.8,1930.6,8,12,8,2,0,18219,7.4,-1087,-340,22.2,1821.9
0,2,8,3,0,0,14348,7,-3489,-2633,19.6,1434.8,8,2,12,1,0,17837,7.4,3489,2633,23.9,1783.7
0,2,6,1,0,0,14990,6.8,-1510,-1756,22.1,1499,6,2,9,1,0,16500,7.4,1510,1756,22.8,1650
0,5,4,7,0,0,16129,7,627,174,22.2,1612.9,4,5,5,1,0,15502,7.2,-627,-174,21.9,1550.2
1,9,4,5,1,0,18135,7.2,2649,1251,23.3,1813.5,4,9,3,0,0,15486,6.8,-2649,-1251,21.9,1548.6
0,6,5,3,1,0,17039,7.2,1008,372,22.8,1703.9,5,6,3,0,0,16031,6.8,-1008,-372,21.8,1603.1
0,3,7,2,1,0,14761,6.4,-2553,-2532,19.4,1476.1,7,3,8,1,0,17314,7,2553,2532,22.4,1731.4
0,0,6,0,0,0,12971,6.4,14,-28,18.1,1297.1,6,0,16,1,0,19821,7.6,-14,28,23.6,1982.1
1,4,3,3,0,0,15220,6.8,-1297,-129,23.4,1522,3,4,4,0,0,16517,7,1297,129,24.1,1651.7
1,12,6,14,1,0,18228,7.2,2894,2297,19.6,1822.8,6,12,5,0,0,15334,6.6,-2894,-2297,19.2,1533.4
1,6,7,12,0,0,17490,6.8,480,-685,22.6,1749,7,6,12,0,0,17010,7,-480,685,22,1701
1,4,6,4,0,0,15338,7,-849,-1172,21.7,1533.8,6,4,5,0,0,16187,7,849,1172,23.4,1618.7
1,11,9,15,1,0,19421,7.4,2548,1873,21.5,1942.1,9,11,5,0,0,16873,7,-2548,-1873,16.5,1687.3
1,7,4,11,0,0,17321,7.2,2091,2518,23.3,1732.1,4,7,6,1,0,15230,6.6,-2091,-2518,20.4,1523
0,6,5,5,1,0,17170,7,2453,1802,24.7,1717,5,6,4,0,0,14717,6.6,-2453,-1802,17.8,1471.7
1,7,7,11,1,0,17162,7.2,-810,123,21.6,1716.2,7,7,10,0,0,17972,7.2,810,-123,27.2,1797.2
1,7,4,5,1,0,17382,7.4,2164,3151,21.8,1738.2,4,7,7,0,0,15218,6.6,-2164,-3151,20.5,1521.8
0,7,7,6,0,0,16313,6.8,-1249,-3078,20.1,1631.3,7,7,5,0,0,17562,7.4,1249,3078,22.8,1756.2
1,2,4,2,0,0,15264,7,-286,606,21.7,1526.4,4,2,6,2,0,15550,6.8,286,-606,23.5,1555
0,3,12,2,0,0,15001,6.8,-4625,-1892,22.8,1500.1,12,3,16,1,0,19626,7.2,4625,1892,24.7,1962.6
0,4,7,4,1,0,16938,7.2,-377,414,24.8,1693.8,7,4,11,1,0,17315,7.2,377,-414,22.4,1731.5
1,10,5,4,1,0,19634,7.2,3966,2905,24.2,1963.4,5,10,8,1,0,15668,6.6,-3966,-2905,20.3,1566.8
0,7,4,11,1,0,16782,7.2,299,874,21.3,1678.2,4,7,3,0,0,16483,7,-299,-874,23,1648.3
0,11,8,13,0,0,18723,6.8,1844,-34,18.8,1872.3,8,11,6,1,0,16879,6.6,-1844,34,21,1687.9
0,5,6,3,1,0,14644,6.8,-2896,-2725,20.1,1464.4,6,5,5,1,0,17540,7.2,2896,2725,24.2,1754
1,14,12,11,0,0,19118,7.2,646,1756,21.8,1911.8,12,14,13,1,0,18472,6.8,-646,-1756,21.1,1847.2
0,0,4,0,0,0,13546,6.6,-2831,-1725,19.8,1354.6,4,0,5,0,0,16377,7,2831,1725,21.9,1637.7
0,5,14,2,2,0,16431,6.6,-3488,-2682,21.9,1643.1,14,5,6,0,0,19919,7.4,3488,2682,24,1991.9
1,6,1,7,0,0,16561,7.4,1852,2435,22.6,1656.1,1,6,2,1,0,14709,7,-1852,-2435,23.8,1470.9
0,3,7,3,0,0,14866,6.6,-2140,-1892,20.8,1486.6,7,3,9,2,0,17006,6.8,2140,1892,22.4,1700.6
1,11,7,11,0,0,18625,7.2,1059,683,23.4,1862.5,7,11,4,0,0,17566,6.8,-1059,-683,19.1,1756.6
1,9,2,8,1,0,17194,7.4,2410,1034,22.1,1719.4,2,9,0,0,0,14784,6.8,-2410,-1034,23.5,1478.4
1,5,4,4,1,0,15873,7.2,-14,-19,23.6,1587.3,4,5,4,0,0,15887,7.2,14,19,23.2,1588.7
1,6,7,6,1,0,16398,7.2,-940,-1019,21.7,1639.8,7,6,9,0,0,17338,7,940,1019,22,1733.8
0,8,5,4,1,0,17951,7.2,2114,1904,24.4,1795.1,5,8,4,1,0,15837,6.4,-2114,-1904,22,1583.7
0,3,2,4,1,0,15240,6.6,323,392,23.4,1524,2,3,3,0,0,14917,6.6,-323,-392,23.1,1491.7
0,10,6,8,1,0,17561,6.8,287,568,20.3,1756.1,6,10,4,0,0,17274,6.6,-287,-568,22.8,1727.4
0,2,8,2,0,0,14200,6.6,-3805,-2093,19.1,1420,8,2,9,1,0,18005,7,3805,2093,23,1800.5
1,5,9,2,0,0,16055,6.8,6,1624,22.6,1605.5,9,5,15,1,0,16049,6.6,-6,-1624,16,1604.9
1,7,2,6,0,0,19456,7.8,4525,4052,23,1945.6,2,7,2,0,0,14931,6.6,-4525,-4052,24.7,1493.1
0,5,6,5,0,0,15923,7,-228,-387,21.2,1592.3,6,5,5,1,0,16151,7,228,387,23,1615.1
1,2,3,2,1,0,13879,6.6,-1499,-1628,19.4,1387.9,3,2,1,0,0,15378,7,1499,1628,22.6,1537.8
1,9,4,9,0,0,17356,7.2,2356,1297,19.5,1735.6,4,9,3,0,0,15000,7,-2356,-1297,19.3,1500
1,5,7,7,0,0,15861,6.8,-1340,-228,18.2,1586.1,7,5,7,2,0,17201,6.8,1340,228,20.4,1720.1
1,8,2,9,1,0,17511,7.6,2745,1800,22,1751.1,2,8,0,0,0,14766,6.8,-2745,-1800,23.5,1476.6
0,4,6,4,0,0,15528,6.8,-2446,-1508,23,1552.8,6,4,4,1,0,17974,7,2446,1508,24.8,1797.4
0,8,2,15,0,0,16393,7.2,1131,1370,19.6,1639.3,2,8,3,1,0,15262,6.8,-1131,-1370,25.3,1526.2
1,9,5,16,0,0,17433,6.8,1668,-774,19.8,1743.3,5,9,4,2,0,15765,7,-1668,774,21,1576.5
1,13,12,13,0,0,19714,7.2,1460,2108,18.6,1971.4,12,13,13,0,0,18254,6.6,-1460,-2108,20,1825.4
0,6,10,9,0,0,15569,6.8,-4346,-2178,16.7,1556.9,10,6,11,1,0,19915,7.4,4346,2178,23.9,1991.5
1,8,7,14,1,0,17031,6.6,-36,-641,18.1,1703.1,7,8,8,1,0,17067,6.8,36,641,22.4,1706.7
1,9,8,12,1,0,18254,7.2,844,1636,21.8,1825.4,8,9,15,1,0,17410,6.8,-844,-1636,18.3,1741
0,6,8,4,0,0,16126,7,-842,749,20.1,1612.6,8,6,6,1,0,16968,6.6,842,-749,23,1696.8
0,5,5,8,0,0,15937,7,-1321,-1186,21.2,1593.7,5,5,5,1,0,17258,7.2,1321,1186,24.1,1725.8
0,5,9,6,0,0,15595,6.6,-1780,-2942,20.8,1559.5,9,5,5,1,0,17375,7,1780,2942,23.1,1737.5
1,5,6,2,2,0,16874,6.8,1319,556,22.6,1687.4,6,5,4,0,0,15555,6.8,-1319,-556,21.2,1555.5
1,5,2,2,1,0,16344,7.4,2032,2833,23.4,1634.4,2,5,2,0,0,14312,6.8,-2032,-2833,21.2,1431.2
0,5,3,4,0,0,15882,7.2,-27,114,21.4,1588.2,3,5,3,1,0,15909,7.2,27,-114,25.4,1590.9
0,6,9,2,0,0,15498,6.6,-1384,-853,20.1,1549.8,9,6,9,1,0,16882,6.6,1384,853,19,1688.2
1,10,1,5,0,0,19699,7.4,5935,2933,25.1,1969.9,1,10,1,1,0,13764,7,-5935,-2933,18.4,1376.4
1,9,6,12,2,0,17320,6.8,689,-913,21.5,1732,6,9,6,0,0,16631,7.2,-689,913,22.6,1663.1
1,2,6,2,0,0,14720,7.2,-2381,-1122,24.6,1472,6,2,3,1,0,17101,7,2381,1122,23.7,1710.1
0,6,5,6,0,0,16518,7.2,51,140,22.3,1651.8,5,6,6,1,0,16467,7.2,-51,-140,24.5,1646.7
0,8,6,9,0,0,17926,7.2,2664,2155,24.5,1792.6,6,8,9,1,0,15262,6.8,-2664,-2155,15.8,1526.2
1,5,6,6,0,0,16632,6.8,999,482,21.5,1663.2,6,5,10,1,0,15633,7,-999,-482,19.8,1563.3
0,8,4,15,1,0,18357,7.2,2757,970,22.8,1835.7,4,8,3,1,0,15600,6.8,-2757,-970,20.9,1560
1,9,0,10,1,0,18258,7.4,4535,3490,23.7,1825.8,0,9,0,0,0,13723,6.6,-4535,-3490,23.7,1372.3
0,8,6,6,1,0,16706,6.8,31,-741,21.6,1670.6,6,8,7,1,0,16675,7,-31,741,23.1,1667.5
1,7,2,10,1,0,18234,7.4,4651,4293,24.3,1823.4,2,7,2,0,0,13583,6.2,-4651,-4293,21.8,1358.3
0,3,12,3,0,0,14202,6.4,-4552,-2289,20,1420.2,12,3,16,1,0,18754,7.2,4552,2289,22.3,1875.4
1,7,3,4,1,0,17911,7.2,3969,1119,24.8,1791.1,3,7,2,0,0,13942,6.8,-3969,-1119,16.4,1394.2
0,0,5,0,0,0,13094,6.4,-3915,-4094,20.5,1309.4,5,0,2,1,0,17009,7.4,3915,4094,25.9,1700.9
0,8,4,11,0,0,17476,7.2,1716,1970,24.5,1747.6,4,8,8,0,0,15760,6.6,-1716,-1970,20.9,1576
0,5,8,6,0,0,16979,7.2,-988,-797,24.7,1697.9,8,5,6,1,0,17967,7.4,988,797,21.9,1796.7
0,2,9,2,0,0,13977,6.2,-4221,-3570,19.7,1397.7,9,2,14,1,0,18198,7,4221,3570,23.3,1819.8
0,4,6,8,1,0,14345,6.4,-2053,-2608,17.2,1434.5,6,4,10,0,0,16398,6.8,2053,2608,20.8,1639.8
0,4,4,3,0,0,15601,6.8,415,14,23.2,1560.1,4,4,5,1,0,15186,6.8,-415,-14,20.2,1518.6
0,5,5,8,0,0,14966,6.4,-1470,-1837,17.7,1496.6,5,5,10,1,0,16436,7,1470,1837,22,1643.6
1,4,2,2,0,0,16127,7.2,1439,755,22.5,1612.7,2,4,1,1,0,14688,6.8,-1439,-755,21,1468.8
0,8,11,5,0,0,17156,6.8,-1534,-1425,19.5,1715.6,11,8,16,1,0,18690,7.2,1534,1425,20.4,1869
0,5,5,2,0,0,15790,6.6,-175,-624,22.1,1579,5,5,5,2,0,15965,7,175,624,20.5,1596.5
0,6,9,5,0,0,16462,7.2,-1785,-940,21.2,1646.2,9,6,8,1,0,18247,7.2,1785,940,23.2,1824.7
0,4,7,3,1,0,15798,6.8,-2289,-2259,22.5,1579.8,7,4,10,1,0,18087,7.4,2289,2259,23.9,1808.7
1,6,1,7,0,0,17666,7.2,3749,3555,26.4,1766.6,1,6,1,0,0,13917,6.4,-3749,-3555,21.4,1391.7
1,9,1,8,0,0,18018,7.4,4287,3536,23.4,1801.8,1,9,0,1,0,13731,6.6,-4287,-3536,20.9,1373.1
1,6,7,10,1,0,16027,6.6,-177,-113,21.2,1602.7,7,6,8,1,0,16204,6.4,177,113,18.3,1620.4
1,9,1,12,0,0,18681,7.4,5492,4505,24.9,1868.1,1,9,1,1,0,13189,6.4,-5492,-4505,18.1,1318.9
1,10,5,7,1,0,17671,7,1726,1158,23.1,1767.1,5,10,3,0,0,15945,6.6,-1726,-1158,19.9,1594.5
0,4,7,2,1,0,15974,6.8,-836,-839,22.7,1597.4,7,4,10,0,0,16810,6.8,836,839,21.7,1681
1,6,1,4,0,0,16656,7.4,2082,1304,23,1665.6,1,6,3,1,0,14574,6.8,-2082,-1304,21.3,1457.4
0,1,4,1,0,0,14224,6.8,-1325,-1348,22.9,1422.4,4,1,4,1,0,15549,7,1325,1348,22.3,1554.9
1,4,7,4,1,0,16526,7,-36,-752,23.7,1652.6,7,4,8,0,0,16562,7.2,36,752,22.5,1656.2
1,7,8,9,1,0,16890,6.8,-1647,-1443,22.1,1689,8,7,9,1,0,18537,7.2,1647,1443,22.3,1853.7
1,7,3,11,0,0,16879,7.4,2336,2323,23.7,1687.9,3,7,3,0,0,14543,6.8,-2336,-2323,19.4,1454.3
1,12,10,13,1,0,19622,7,1997,-800,21.6,1962.2,10,12,8,0,0,17625,7,-1997,800,21.1,1762.5
1,7,2,7,0,0,16867,7.2,2333,1998,22.6,1686.7,2,7,3,1,0,14534,6.6,-2333,-1998,22.4,1453.4
0,4,7,3,1,0,15874,7,-1024,940,22.3,1587.4,7,4,10,1,0,16898,6.8,1024,-940,21.7,1689.8
0,8,9,9,1,0,16789,6.8,-898,-1077,20.5,1678.9,9,8,13,0,0,17687,7.2,898,1077,19.9,1768.7
1,8,4,9,2,0,17315,7,1327,566,23.1,1731.5,4,8,5,0,0,15988,6.8,-1327,-566,23.2,1598.8
1,5,10,1,0,0,15605,7,-2048,-29,21.6,1560.5,10,5,13,1,0,17653,7.4,2048,29,22.1,1765.3
0,3,11,2,0,0,15059,6.8,-3606,-1971,20,1505.9,11,3,6,1,0,18665,7.2,3606,1971,20.8,1866.5
1,10,2,9,2,0,18137,7,3807,1830,23.1,1813.7,2,10,3,0,0,14330,6.6,-3807,-1830,20.4,1433
1,4,6,2,0,0,14698,6.6,-1341,-339,19.2,1469.8,6,4,9,2,0,16039,7,1341,339,19.7,1603.9
0,5,4,5,0,0,15788,6.8,647,481,20,1578.8,4,5,2,2,0,15141,7,-647,-481,22.8,1514.1
1,2,3,1,0,0,15464,6.8,209,250,23.7,1546.4,3,2,1,0,0,15255,6.8,-209,-250,24.2,1525.5
0,7,5,6,1,0,17042,7.4,934,776,20.7,1704.2,5,7,4,0,0,16108,7.4,-934,-776,24.8,1610.8
0,5,8,6,0,0,15242,6.4,-1707,-1600,20.4,1524.2,8,5,10,1,0,16949,6.8,1707,1600,23.1,1694.9
1,3,4,4,0,0,16125,7.2,-624,1141,24.6,1612.5,4,3,6,1,0,16749,7,624,-1141,27.1,1674.9
1,10,2,7,1,0,17955,7.4,3912,-28,24.1,1795.5,2,10,3,0,0,14043,6.2,-3912,28,18.2,1404.3
1,5,4,3,1,0,15277,6.6,-387,795,20.7,1527.7,4,5,5,0,0,15664,6.4,387,-795,21.7,1566.4
1,5,6,7,1,0,15087,6.4,-764,-120,21.3,1508.7,6,5,12,0,0,15851,6.6,764,120,21.1,1585.1
1,8,6,9,0,0,16880,7.2,1313,1407,21.7,1688,6,8,6,0,0,15567,6.4,-1313,-1407,18.1,1556.7
1,8,2,10,2,0,17878,6.8,4347,2472,21.6,1787.8,2,8,2,0,0,13531,6.2,-4347,-2472,17.9,1353.1
1,12,5,10,0,0,19270,7.6,3855,1646,22.9,1927,5,12,1,2,0,15415,7,-3855,-1646,21.3,1541.5
1,6,0,6,1,0,15318,7,1125,299,19.1,1531.8,0,6,0,0,0,14193,7,-1125,-299,25.1,1419.3
1,8,5,16,1,0,16291,6.8,478,1166,17.9,1629.1,5,8,8,0,0,15813,6.4,-478,-1166,20.5,1581.3
1,8,7,9,1,0,17738,7.2,1868,1432,20.9,1773.8,7,8,3,0,0,15870,7,-1868,-1432,20.7,1587
1,6,4,6,0,0,16765,7,1711,1464,20.1,1676.5,4,6,2,1,0,15054,6.6,-1711,-1464,24,1505.4
1,8,4,10,1,0,16912,7,1416,-211,22.2,1691.2,4,8,3,0,0,15496,6.8,-1416,211,19.6,1549.6
1,2,5,1,1,0,14534,7,-2269,-1616,22.4,1453.4,5,2,7,1,0,16803,7,2269,1616,25,1680.3
1,8,7,10,1,0,17289,6.8,69,-119,20.1,1728.9,7,8,5,1,0,17220,7,-69,119,23.7,1722
1,6,5,3,2,0,17948,7,2435,894,24.7,1794.8,5,6,7,0,0,15513,6.8,-2435,-894,21.9,1551.3
1,7,8,3,0,0,16058,7,-535,1397,20,1605.8,8,7,5,1,0,16593,6.6,535,-1397,19.8,1659.3
0,7,8,8,1,0,17112,7,-975,-678,21.5,1711.2,8,7,10,1,0,18087,7,975,678,22.5,1808.7
0,5,6,3,2,0,16089,7,-704,-1227,22.7,1608.9,6,5,4,0,0,16793,7.2,704,1227,23.7,1679.3
0,6,7,7,0,0,17132,7.2,789,1620,23.7,1713.2,7,6,6,0,0,16343,7,-789,-1620,20.9,1634.3
1,8,6,9,0,0,17777,7.4,1317,1480,23.2,1777.7,6,8,8,1,0,16460,6.8,-1317,-1480,20.2,1646
1,9,8,13,0,0,18808,7.2,948,292,24.4,1880.8,8,9,10,1,0,17860,7,-948,-292,23.4,1786
0,2,4,2,0,0,14842,7,270,679,23.1,1484.2,4,2,3,1,0,14572,6.8,-270,-679,19.3,1457.2
1,5,0,4,1,0,16475,7.2,2741,868,23.1,1647.5,0,5,0,1,0,13734,7,-2741,-868,23.3,1373.4
1,8,2,10,0,0,17917,7,3201,276,23.9,1791.7,2,8,3,1,0,14716,6.8,-3201,-276,19.7,1471.6
0,6,4,11,0,0,16324,6.8,541,875,19.7,1632.4,4,6,3,0,0,15783,6.8,-541,-875,24,1578.3
1,5,6,5,1,0,16308,7.2,-1055,-207,24.5,1630.8,6,5,5,1,0,17363,7.2,1055,207,25.9,1736.3
0,4,8,3,0,0,14756,6.8,-4105,-2279,18.4,1475.6,8,4,8,1,0,18861,7.4,4105,2279,22.9,1886.1
1,4,9,4,0,0,14820,6.6,-4156,-2933,18.4,1482,9,4,15,1,0,18976,7,4156,2933,24,1897.6
1,3,1,2,0,0,15624,6.8,1579,893,23.3,1562.4,1,3,1,2,0,14045,6.6,-1579,-893,22.2,1404.5
0,4,11,3,0,0,15098,6.8,-3779,-1537,22.5,1509.8,11,4,10,2,0,18877,7.4,3779,1537,22.7,1887.7
1,8,2,6,1,0,17315,7.2,4064,3736,23.2,1731.5,2,8,1,0,0,13251,6.2,-4064,-3736,18.1,1325.1
0,1,6,2,0,0,13981,6.6,-2494,-996,22,1398.1,6,1,3,0,0,16475,6.8,2494,996,25,1647.5
0,6,6,9,1,0,15602,6.6,-1081,-2155,19.5,1560.2,6,6,4,0,0,16683,7,1081,2155,21.4,1668.3
1,9,3,9,0,0,17569,6.8,2975,994,19.1,1756.9,3,9,4,0,0,14594,6.8,-2975,-994,18,1459.4
0,7,8,15,1,0,15381,6.2,-1611,-1901,16.7,1538.1,8,7,8,0,0,16992,6.6,1611,1901,20.1,1699.2
0,3,6,3,1,0,14840,6.8,-2579,-626,22.6,1484,6,3,9,0,0,17419,7,2579,626,24.5,1741.9
0,5,11,2,0,0,15346,6.4,-2764,-2934,18.7,1534.6,11,5,13,1,0,18110,7.2,2764,2934,20.2,1811
1,4,4,8,0,0,16530,7,837,1199,24.3,1653,4,4,3,1,0,15693,6.6,-837,-1199,23.3,1569.3
0,2,12,3,0,0,14379,6.6,14,-3924,20.3,1437.9,12,2,14,1,0,16378,7.2,-14,3924,22.3,1637.8
0,7,11,11,0,0,16792,6.4,-2787,-2662,19.8,1679.2,11,7,11,2,0,19579,7.2,2787,2662,21.6,1957.9
0,5,8,4,0,0,15243,6.4,-2449,-3095,19.3,1524.3,8,5,8,1,0,17692,7.2,2449,3095,25.7,1769.2
1,10,6,6,0,0,17332,7.2,1372,1668,23.5,1733.2,6,10,6,0,0,15960,7,-1372,-1668,20.7,1596
1,3,5,6,1,0,16120,7,-576,-1269,24.6,1612,5,3,6,1,0,16696,7.2,576,1269,22.8,1669.6
1,7,6,10,0,0,17013,7.4,447,1096,23,1701.3,6,7,5,1,0,16566,7,-447,-1096,22.8,1656.6
1,5,8,6,0,0,15754,6.8,-1157,-573,19.6,1575.4,8,5,12,1,0,16911,6.6,1157,573,22.8,1691.1
0,11,7,15,1,0,20007,7,3774,4377,24.1,2000.7,7,11,9,0,0,16233,7,-3774,-4377,18.4,1623.3
1,14,7,14,1,0,20063,7.4,3702,3355,24.4,2006.3,7,14,8,1,0,16361,6.8,-3702,-3355,17.5,1636.1
1,8,2,8,0,0,17263,7,2622,1080,22.2,1726.3,2,8,0,1,0,14641,6.8,-2622,-1080,21.2,1464.1
0,7,5,9,0,0,16793,6.8,620,-226,24.2,1679.3,5,7,7,1,0,16173,7,-620,226,23.7,1617.3
1,5,10,5,1,0,14982,6.6,-2690,-743,17.1,1498.2,10,5,14,0,0,17672,6.6,2690,743,18.7,1767.2
0,6,8,4,2,0,16385,6.6,-219,-589,21.5,1638.5,8,6,15,0,0,16604,6.8,219,589,19.9,1660.4
1,7,6,6,0,0,17135,7,754,159,22.7,1713.5,6,7,9,0,0,16381,6.8,-754,-159,19.5,1638.1
1,8,4,15,0,0,16894,7.2,1077,1096,21.9,1689.4,4,8,4,0,0,15817,6.8,-1077,-1096,20.8,1581.7
1,6,4,8,1,0,16869,7.2,840,2240,23.2,1686.9,4,6,5,1,0,16029,6.8,-840,-2240,21,1602.9
1,7,8,10,1,0,17201,7,317,944,22.1,1720.1,8,7,9,0,0,16884,6.8,-317,-944,17.4,1688.4
1,7,5,8,1,0,16864,7,1040,1194,22.4,1686.4,5,7,3,0,0,15824,6.6,-1040,-1194,19.8,1582.4
1,12,6,8,1,0,18432,7.2,2495,3183,22.4,1843.2,6,12,8,0,0,15937,6.8,-2495,-3183,19.3,1593.7
1,7,6,6,0,0,17232,7.2,672,411,23.8,1723.2,6,7,13,1,0,16560,7,-672,-411,21,1656
1,12,6,13,1,0,18704,7.4,2765,2798,22.3,1870.4,6,12,5,0,0,15939,6.8,-2765,-2798,23.3,1593.9
1,6,2,8,0,0,16818,6.8,1448,-664,20.4,1681.8,2,6,2,1,0,15370,7,-1448,664,25,1537
0,7,9,8,0,0,16595,7.2,-997,-330,23.1,1659.5,9,7,11,0,0,17592,7.2,997,330,22.5,1759.2
1,6,1,6,0,0,17592,7.6,3031,1196,25.9,1759.2,1,6,1,0,0,14561,7.2,-3031,-1196,22.4,1456.1
1,8,3,10,1,0,17775,7.2,2009,2090,25.6,1777.5,3,8,2,0,0,15766,6.6,-2009,-2090,24.8,1576.6
0,5,8,3,0,0,15817,7.2,-2378,-478,21.2,1581.7,8,5,10,1,0,18195,7.2,2378,478,22.6,1819.5
0,7,12,10,1,0,16222,6.6,-3561,-1911,18.4,1622.2,12,7,6,1,0,19783,6.8,3561,1911,23.7,1978.3
0,3,8,2,1,0,16451,6.8,-700,-1628,23.4,1645.1,8,3,12,0,0,17151,7.2,700,1628,22.2,1715.1
1,10,3,3,2,0,19904,7.6,5305,4619,27.2,1990.4,3,10,3,0,0,14599,6.6,-5305,-4619,21,1459.9
1,8,8,14,0,0,16907,6.8,-47,487,18.5,1690.7,8,8,8,0,0,16954,6.6,47,-487,21.9,1695.4
0,0,8,0,0,0,13728,6.6,-5040,-1496,21.1,1372.8,8,0,8,0,0,18768,6.6,5040,1496,23.9,1876.8
0,3,8,4,0,0,14324,6.4,-2808,-1555,21.7,1432.4,8,3,12,0,0,17132,7,2808,1555,23.1,1713.2
0,2,6,4,1,0,15175,6.8,-1409,-16,21.4,1517.5,6,2,5,0,0,16584,6.8,1409,16,23.4,1658.4
0,3,8,4,0,0,14108,6.4,-4316,-2717,18.8,1410.8,8,3,7,2,0,18424,7.4,4316,2717,26.2,1842.4
0,9,8,8,1,0,18239,7.2,640,411,22.8,1823.9,8,9,8,0,0,17599,7.2,-640,-411,24,1759.9
1,8,1,11,1,0,18178,7,5174,3105,23.3,1817.8,1,8,0,0,0,13004,6.2,-5174,-3105,18.2,1300.4
1,6,5,3,2,0,15711,6.8,458,2243,19.6,1571.1,5,6,4,0,0,15253,6.6,-458,-2243,21.9,1525.3
1,13,6,6,1,0,16398,7.2,5525,3383,22,1639.8,6,13,7,0,0,15141,6.6,-5525,-3383,18.5,1514.1
1,6,2,6,1,0,15721,6.8,1900,1732,20.3,1572.1,2,6,0,0,0,13821,6.4,-1900,-1732,18.7,1382.1
1,7,5,9,1,0,16100,6.6,-488,-1312,18.9,1610,5,7,7,0,0,16588,7,488,1312,24,1658.8
0,4,11,3,0,0,15017,6.6,-2936,-2856,20.3,1501.7,11,4,12,1,0,17953,7.2,2936,2856,23.2,1795.3
1,3,9,4,0,0,13771,6.8,-4907,-2874,17.4,1377.1,9,3,12,1,0,18678,7.2,4907,2874,24.1,1867.8
0,9,8,7,0,0,17061,7,744,461,19.7,1706.1,8,9,14,0,0,16317,7,-744,-461,17.8,1631.7
1,6,4,10,1,0,16993,7.2,422,-758,26.2,1699.3,4,6,6,0,0,16571,7.4,-422,758,25.4,1657.1
1,3,3,6,0,0,14127,6.6,-1171,-1157,18.6,1412.7,3,3,4,1,0,15298,6.6,1171,1157,23.3,1529.8
1,6,10,7,1,0,16100,7,-2907,-1376,19.2,1610,10,6,9,1,0,19007,7.2,2907,1376,26,1900.7
1,6,4,5,1,0,16229,7.2,164,486,20,1622.9,4,6,4,0,0,16065,7.2,-164,-486,23,1606.5
1,6,4,5,0,0,15724,6.8,81,1865,21.7,1572.4,4,6,7,1,0,15643,6.4,-81,-1865,21.9,1564.3
1,7,8,4,1,0,17222,7.2,485,219,21.6,1722.2,8,7,7,0,0,16737,7,-485,-219,20.2,1673.7
0,10,11,14,1,0,19020,6.8,609,-19,21.6,1902,11,10,14,1,0,18411,6.8,-609,19,22.1,1841.1
1,10,1,10,2,0,19847,7.2,14,-28,25,1984.7,1,10,2,0,0,13189,6.2,-14,28,16.6,1318.9
0,3,5,4,1,0,14814,6.8,-3082,-1694,21.6,1481.4,5,3,4,1,0,17896,6.8,3082,1694,24.2,1789.6
0,7,9,4,0,0,15002,6.4,-3255,-1798,17,1500.2,9,7,10,1,0,18257,7,3255,1798,24,1825.7
1,8,3,8,0,0,17605,7.2,2897,3195,24.7,1760.5,3,8,2,0,0,14708,6.6,-2897,-3195,22.3,1470.8
0,3,9,0,0,0,14502,6.8,-3041,-1317,21.3,1450.2,9,3,7,2,0,17543,7,3041,1317,22.3,1754.3
0,2,9,4,0,0,14599,6.8,-4196,-1649,22,1459.9,9,2,7,1,0,18795,7,4196,1649,24.4,1879.5
0,1,5,3,0,0,13686,6.8,-2755,-2255,21.3,1368.6,5,1,4,2,0,16441,7.2,2755,2255,23,1644.1
0,5,6,5,0,0,16449,6.8,973,825,20.7,1644.9,6,5,8,0,0,15476,6.8,-973,-825,19.2,1547.6
1,13,7,12,1,0,16398,7.6,5638,3250,24.4,1639.8,7,13,7,0,0,16145,6.8,-5638,-3250,16.7,1614.5
0,6,6,7,0,0,15867,7,-430,159,21,1586.7,6,6,5,1,0,16297,6.8,430,-159,20.3,1629.7
0,8,9,5,2,0,15889,6.8,-2212,-1682,17.7,1588.9,9,8,8,0,0,18101,7.2,2212,1682,21.2,1810.1
1,7,4,6,1,0,16988,7.2,1575,-516,19.6,1698.8,4,7,1,0,0,15413,7.2,-1575,516,22.4,1541.3
1,5,3,5,0,0,16076,7.2,1067,1824,24.5,1607.6,3,5,2,0,0,15009,6.8,-1067,-1824,23.5,1500.9
1,13,6,13,2,0,16398,7.8,14,-28,24.9,1639.8,6,13,7,0,0,15584,6.2,-14,28,21.8,1558.4
1,3,4,4,1,0,15178,7,-767,-606,20.9,1517.8,4,3,4,1,0,15945,7,767,606,22.9,1594.5
0,6,9,6,0,0,15196,6.6,-2560,-826,18.8,1519.6,9,6,6,1,0,17756,7,2560,826,21.1,1775.6
1,4,5,3,0,0,15600,6.8,-226,-157,22.9,1560,5,4,6,0,0,15826,6.6,226,157,19.1,1582.6
1,7,3,5,2,0,16742,7.4,1468,932,21.5,1674.2,3,7,2,0,0,15274,7.2,-1468,-932,24.7,1527.4
0,5,6,3,0,0,15580,6.6,-502,-1113,19.7,1558,6,5,4,1,0,16082,7.2,502,1113,19.7,1608.2
1,5,7,7,1,0,16111,6.8,-1090,555,21.1,1611.1,7,5,16,1,0,17201,7,1090,-555,19.6,1720.1
0,3,5,3,0,0,15404,7,-1793,-1226,24.4,1540.4,5,3,7,1,0,17197,7,1793,1226,25.4,1719.7
0,5,6,6,0,0,15147,6.4,-4470,-3848,20.1,1514.7,6,5,6,1,0,19617,7.4,4470,3848,19.3,1961.7
1,11,5,11,2,0,17058,7.2,2107,2032,17.8,1705.8,5,11,1,0,0,14951,6.6,-2107,-2032,21.1,1495.1
0,4,13,3,0,0,14129,6.6,-5489,-3743,17.4,1412.9,13,4,6,1,0,19618,7.4,5489,3743,18.5,1961.8
1,5,5,4,0,0,16368,7,1079,1363,25,1636.8,5,5,7,1,0,15289,7,-1079,-1363,20.6,1528.9
0,4,8,5,1,0,15577,6.6,-2268,-1851,23.5,1557.7,8,4,7,1,0,17845,7,2268,1851,23.9,1784.5
0,9,7,10,1,0,17102,7.2,339,261,20.7,1710.2,7,9,10,1,0,16763,6.8,-339,-261,25.2,1676.3
0,3,9,3,0,0,14323,6.4,-3016,-3479,20.6,1432.3,9,3,4,1,0,17339,7,3016,3479,23.5,1733.9
1,5,4,5,1,0,15807,7,70,409,21.9,1580.7,4,5,8,0,0,15737,7,-70,-409,22.1,1573.7
0,5,13,4,0,0,14988,6.2,-3562,-3319,18.6,1498.8,13,5,6,0,0,18550,7.2,3562,3319,20.8,1855
0,2,7,1,1,0,15051,6.8,-2815,-1204,22,1505.1,7,2,8,0,0,17866,7.2,2815,1204,23.6,1786.6
1,3,7,4,1,0,15641,7,-371,-444,26.1,1564.1,7,3,7,0,0,16012,7,371,444,20.9,1601.2
1,9,4,4,0,0,16715,7,911,713,22.7,1671.5,4,9,5,1,0,15804,6.8,-911,-713,19.1,1580.4
1,10,7,11,0,0,18423,7.2,2514,1424,21.2,1842.3,7,10,6,1,0,15909,6.8,-2514,-1424,20,1590.9
1,4,6,4,1,0,15289,6.4,-282,-740,19.3,1528.9,6,4,6,0,0,15571,6.8,282,740,19.7,1557.1
0,3,7,0,0,0,14467,7,-2287,-735,22,1446.7,7,3,6,1,0,16754,7,2287,735,21.8,1675.4
0,3,1,5,1,0,15544,7,-590,558,23.6,1554.4,1,3,1,1,0,16134,6.8,590,-558,22.8,1613.4
0,2,5,4,0,0,14743,6.8,-1625,-2061,22.8,1474.3,5,2,8,2,0,16368,7.4,1625,2061,23.9,1636.8
1,3,8,3,1,0,14591,6.8,-3236,-2874,22.4,1459.1,8,3,8,1,0,17827,7.4,3236,2874,25.2,1782.7
1,10,6,10,0,0,18787,7.2,2048,1050,21.2,1878.7,6,10,7,0,0,16739,7,-2048,-1050,22.8,1673.9
0,8,10,11,0,0,16671,7,-1141,-630,18.1,1667.1,10,8,5,1,0,17812,6.8,1141,630,21.6,1781.2
0,8,4,12,1,0,17134,6.8,1167,-814,22.2,1713.4,4,8,6,0,0,15967,6.8,-1167,814,22.1,1596.7
0,3,7,5,0,0,14996,6.4,-1502,-959,22.1,1499.6,7,3,13,0,0,16498,6.8,1502,959,22.9,1649.8
1,7,4,14,1,0,17610,6.8,3259,2282,23.6,1761,4,7,6,1,0,14351,6.4,-3259,-2282,19.9,1435.1
1,9,10,5,1,0,17302,6.8,-1085,-1716,19.7,1730.2,10,9,9,0,0,18387,7.2,1085,1716,20.8,1838.7
0,6,8,6,1,0,16877,7,-147,273,20.3,1687.7,8,6,7,0,0,17024,6.8,147,-273,21.4,1702.4
0,9,12,9,1,0,16218,7,-3070,-3027,21.8,1621.8,12,9,12,1,0,19288,7,3070,3027,19.4,1928.8
0,5,7,8,1,0,15680,6.8,-638,1771,20.1,1568,7,5,12,0,0,16318,6.6,638,-1771,21.9,1631.8
1,6,7,6,0,0,16070,6.6,-1245,-971,19.4,1607,7,6,10,1,0,17315,7,1245,971,23.7,1731.5
0,4,7,5,0,0,15267,6.8,-1002,-2319,21.2,1526.7,7,4,9,1,0,16269,7,1002,2319,20.9,1626.9
1,1,4,0,1,0,14894,6.6,-2094,-2508,24.4,1489.4,4,1,7,0,0,16988,7,2094,2508,23,1698.8
0,2,7,2,0,0,13598,6.2,-3892,-2725,18.9,1359.8,7,2,7,1,0,17490,7,3892,2725,22.3,1749
0,3,6,3,0,0,15373,7.2,-991,-136,22.5,1537.3,6,3,8,1,0,16364,7.2,991,136,22,1636.4
1,6,12,6,0,0,16260,6.8,-1791,-1671,21.1,1626,12,6,13,0,0,18051,7,1791,1671,19.2,1805.1
1,8,6,7,0,0,16894,7,1797,1094,20.5,1689.4,6,8,5,1,0,15097,6.6,-1797,-1094,19,1509.7
0,8,8,9,0,0,17951,6.8,680,-704,21.9,1795.1,8,8,9,1,0,17271,7.2,-680,704,21.6,1727.1
0,4,9,5,0,0,15054,6.8,-2327,-2471,20.4,1505.4,9,4,8,0,0,17381,7.2,2327,2471,20.9,1738.1
0,2,9,2,0,0,13791,6.6,-4379,-3811,19.9,1379.1,9,2,6,0,0,18170,7.4,4379,3811,25,1817
1,9,6,16,0,0,17348,6.6,1528,-104,19.1,1734.8,6,9,7,1,0,15820,6.6,-1528,104,19.1,1582
1,8,7,7,1,0,16573,6.8,-438,-634,21.9,1657.3,7,8,7,0,0,17011,7.2,438,634,24.5,1701.1
0,7,5,8,0,0,17149,7,1547,611,24.7,1714.9,5,7,8,0,0,15602,6.8,-1547,-611,21,1560.2
0,5,6,3,1,0,16024,7,-566,-1162,22.8,1602.4,6,5,8,0,0,16590,7.2,566,1162,22.9,1659
1,6,4,6,0,0,16368,7.2,1418,1328,20.4,1636.8,4,6,4,1,0,14950,6.8,-1418,-1328,19.4,1495
1,9,7,7,0,0,18351,7,2556,3518,22.2,1835.1,7,9,11,1,0,15795,6.6,-2556,-3518,17,1579.5
0,1,8,1,1,0,14044,6.8,-4107,-3090,23.1,1404.4,8,1,12,1,0,18151,7.4,4107,3090,23.4,1815.1
1,6,11,8,1,0,15855,6.8,-2536,-2343,20.4,1585.5,11,6,11,0,0,18391,7,2536,2343,21.8,1839.1
1,10,7,8,1,0,19301,7.2,3471,2708,21.2,1930.1,7,10,5,0,0,15830,6.6,-3471,-2708,19.7,1583
1,3,5,2,1,0,15530,6.8,196,-183,22.1,1553,5,3,4,1,0,15334,7,-196,183,20.2,1533.4
0,3,8,1,0,0,14637,6.8,-2433,-1687,19.3,1463.7,8,3,3,0,0,17070,7.2,2433,1687,22.3,1707
0,7,8,6,0,0,15312,6.4,-1352,-1180,16.7,1531.2,8,7,7,1,0,16664,6.4,1352,1180,22,1666.4
1,8,5,7,1,0,17677,7.2,1715,1973,23.3,1767.7,5,8,8,0,0,15962,7.2,-1715,-1973,19.8,1596.2
1,9,4,10,0,0,18689,7.2,3634,2422,23.5,1868.9,4,9,1,0,0,15055,6.6,-3634,-2422,22.3,1505.5
0,8,6,6,0,0,17008,6.8,801,-1533,20.6,1700.8,6,8,6,0,0,16207,7,-801,1533,22.3,1620.7
0,5,5,7,0,0,15658,7,-1047,-1618,22.4,1565.8,5,5,5,0,0,16705,7.2,1047,1618,25.1,1670.5
0,5,7,2,0,0,14318,6.6,-1575,-1224,18,1431.8,7,5,5,1,0,15893,7,1575,1224,19.3,1589.3
0,8,9,10,1,0,16262,6.8,-867,62,18.6,1626.2,9,8,11,0,0,17129,7,867,-62,21.2,1712.9
0,6,6,8,0,0,15653,6.4,-6105,-4065,15.8,1565.3,6,6,13,0,0,16378,7.8,6105,4065,22.3,1637.8
0,5,9,3,1,0,15908,6.8,-2080,-1117,21.1,1590.8,9,5,10,0,0,17988,7,2080,1117,24.7,1798.8
1,5,3,3,2,0,15884,7.2,322,1377,24.1,1588.4,3,5,3,0,0,15562,7.2,-322,-1377,23.6,1556.2
1,7,4,3,0,0,17399,7.4,2105,2310,24.5,1739.9,4,7,5,0,0,15294,7,-2105,-2310,20.5,1529.4
0,9,3,12,0,0,17892,7.2,1873,883,21.5,1789.2,3,9,2,1,0,16019,7,-1873,-883,24.9,1601.9
1,11,3,6,1,0,18348,7.2,3294,1808,22.6,1834.8,3,11,3,0,0,15054,6.8,-3294,-1808,21.8,1505.4
0,2,6,3,0,0,14287,6.6,-3045,-1380,22.5,1428.7,6,2,7,2,0,17332,7.2,3045,1380,26.1,1733.2
0,6,10,7,1,0,16024,6.4,-1307,-814,20.2,1602.4,10,6,6,0,0,17331,6.6,1307,814,20.1,1733.1
0,5,4,4,0,0,17039,7.4,1116,1123,26.1,1703.9,4,5,3,1,0,15923,7,-1116,-1123,22.1,1592.3
1,9,10,10,0,0,17827,7.2,24,983,21.6,1782.7,10,9,11,1,0,17803,6.8,-24,-983,20.4,1780.3
1,7,4,5,1,0,16819,7.2,707,1960,23.9,1681.9,4,7,3,0,0,16112,6.8,-707,-1960,19.8,1611.2
0,2,9,1,0,0,13709,6.4,-4681,-2497,19.9,1370.9,9,2,6,1,0,18390,7,4681,2497,23,1839
0,4,8,2,0,0,15442,6.8,-3924,-3699,20.4,1544.2,8,4,6,2,0,19366,7.6,3924,3699,25.4,1936.6
0,1,4,2,0,0,14996,6.8,-844,-1002,23.2,1499.6,4,1,5,1,0,15840,7.2,844,1002,23,1584
0,2,9,3,1,0,15325,6.8,-2368,-250,23.8,1532.5,9,2,14,1,0,17693,7,2368,250,20.1,1769.3
0,1,8,2,0,0,13967,6.6,-3789,-4083,19.6,1396.7,8,1,13,0,0,17756,7.4,3789,4083,22.3,1775.6
0,3,8,4,0,0,15032,6.8,-2798,-2403,22.1,1503.2,8,3,5,2,0,17830,7,2798,2403,21.5,1783
1,11,6,9,1,0,19045,7.4,3387,2782,22.7,1904.5,6,11,8,0,0,15658,6.8,-3387,-2782,18.7,1565.8
0,4,5,7,0,0,15820,7,-758,-392,24.2,1582,5,4,4,2,0,16578,7.2,758,392,22.9,1657.8
0,3,10,3,0,0,14536,6.6,-3203,-2199,20.1,1453.6,10,3,8,0,0,17739,7.2,3203,2199,21.2,1773.9
1,5,1,5,2,0,16833,7,3246,1680,24.4,1683.3,1,5,0,0,0,13587,6.6,-3246,-1680,21.9,1358.7
1,8,11,8,0,0,16483,6.8,-1412,-405,18.6,1648.3,11,8,6,1,0,17895,6.8,1412,405,20.8,1789.5
1,9,1,8,0,0,17483,7.8,3502,3747,23.9,1748.3,1,9,2,0,0,13981,6.6,-3502,-3747,21.4,1398.1
0,1,7,1,0,0,14400,6.4,-2884,-3321,21.5,1440,7,1,5,1,0,17284,7.2,2884,3321,23.9,1728.4
1,12,6,12,2,0,18661,6.8,2479,1210,19.7,1866.1,6,12,6,0,0,16182,6.6,-2479,-1210,20.3,1618.2
1,8,5,8,0,0,17603,7,1835,1172,22.4,1760.3,5,8,7,2,0,15768,6.8,-1835,-1172,18.6,1576.8
0,1,11,0,0,0,13643,6.6,-5479,-3332,19.9,1364.3,11,1,12,0,0,19122,7.2,5479,3332,22.6,1912.2
0,5,11,5,0,0,16228,6.6,-1957,-963,23.2,1622.8,11,5,14,2,0,18185,7,1957,963,18.8,1818.5
0,9,6,9,2,0,18050,7.4,1949,214,23.9,1805,6,9,2,0,0,16101,7,-1949,-214,21.4,1610.1
0,5,8,6,0,0,16007,6.8,-1729,-2105,20.6,1600.7,8,5,8,2,0,17736,7.4,1729,2105,20.9,1773.6
1,10,5,8,1,0,17979,7,3112,535,19.4,1797.9,5,10,2,0,0,14867,6.4,-3112,-535,18.9,1486.7
0,3,6,3,1,0,15552,7,-1462,-607,24,1555.2,6,3,7,1,0,17014,7,1462,607,24.5,1701.4
1,12,6,16,0,0,18850,6.8,3293,987,21.6,1885,6,12,7,0,0,15557,6.8,-3293,-987,21,1555.7
0,3,7,3,0,0,14698,6.6,-1723,-2525,22.4,1469.8,7,3,4,1,0,16421,7,1723,2525,21.6,1642.1
0,2,10,1,0,0,13456,6.6,-5199,-3608,16.4,1345.6,10,2,8,1,0,18655,7.4,5199,3608,24.5,1865.5
0,4,4,4,1,0,16777,6.8,441,-233,24.3,1677.7,4,4,5,1,0,16336,7.2,-441,233,25.1,1633.6
1,12,7,13,0,0,19146,7.4,2994,2952,21.4,1914.6,7,12,7,1,0,16152,6.6,-2994,-2952,17.5,1615.2
0,10,11,7,0,0,18027,6.8,850,2442,21.2,1802.7,11,10,16,1,0,17177,6.4,-850,-2442,17.4,1717.7
1,11,6,9,1,0,17612,6.8,1227,1050,21.2,1761.2,6,11,5,0,0,16385,6.8,-1227,-1050,16.9,1638.5
0,0,4,0,0,0,14102,6.6,-1936,-2432,22.5,1410.2,4,0,4,1,0,16038,7.2,1936,2432,23.6,1603.8
1,13,3,11,1,0,18000,7,3330,3501,21.4,1800,3,13,3,0,0,14670,6.2,-3330,-3501,20.9,1467
1,8,8,7,1,0,16613,6.8,-271,99,22.9,1661.3,8,8,4,0,0,16884,6.8,271,-99,23.2,1688.4
1,8,2,11,2,0,17903,7.4,3249,1410,21.6,1790.3,2,8,1,0,0,14654,7,-3249,-1410,23.1,1465.4
1,10,5,8,0,0,17907,7.4,1227,2404,20.3,1790.7,5,10,11,0,0,16680,6.6,-1227,-2404,21.8,1668
0,8,8,6,1,0,16002,6.8,-1260,-1183,17.7,1600.2,8,8,13,0,0,17262,7,1260,1183,20.9,1726.2
0,4,6,4,1,0,14816,6.8,-1631,-1140,20.4,1481.6,6,4,9,0,0,16447,6.8,1631,1140,23.9,1644.7
1,5,3,4,1,0,16093,7.2,517,222,24.5,1609.3,3,5,1,0,0,15576,7,-517,-222,21.3,1557.6
1,8,6,8,2,0,18239,7,2258,-819,19.9,1823.9,6,8,5,0,0,15981,7,-2258,819,21.1,1598.1
0,9,7,8,0,0,16969,7,416,936,18.1,1696.9,7,9,4,1,0,16553,6.8,-416,-936,23.1,1655.3
1,6,3,5,2,0,18596,7,4633,3451,25.4,1859.6,3,6,3,0,0,13963,6.6,-4633,-3451,19.2,1396.3
0,4,6,7,1,0,15702,7,-816,-1189,23,1570.2,6,4,7,0,0,16518,7.2,816,1189,22.4,1651.8
0,3,4,3,0,0,15885,7.2,-390,-52,25.2,1588.5,4,3,4,1,0,16275,7.2,390,52,25.8,1627.5
1,6,10,4,1,0,15292,6.8,-2888,-1772,19,1529.2,10,6,11,1,0,18180,7.2,2888,1772,23.1,1818
1,4,2,4,0,0,15843,7.2,1284,395,23.6,1584.3,2,4,1,1,0,14559,7,-1284,-395,20.4,1455.9
0,5,7,5,1,0,16028,7,-1437,-770,21.6,1602.8,7,5,9,0,0,17465,7,1437,770,25.9,1746.5
0,7,8,9,1,0,15718,6.6,-1012,-316,15.9,1571.8,8,7,13,0,0,16730,6.6,1012,316,19.2,1673
0,11,9,13,1,0,17378,6.8,202,1030,16.7,1737.8,9,11,9,1,0,17176,7,-202,-1030,20.3,1717.6
1,6,2,6,1,0,17354,7.4,2944,3092,26.3,1735.4,2,6,2,0,0,14410,6.4,-2944,-3092,23.2,1441
1,13,7,13,1,0,19718,7.6,3614,3374,21.5,1971.8,7,13,3,1,0,16104,6.6,-3614,-3374,19.2,1610.4
1,11,5,9,1,0,20245,7.2,4733,1669,24.5,2024.5,5,11,8,0,0,15512,6.8,-4733,-1669,18.2,1551.2
0,7,12,2,0,0,15869,6.8,-4369,-3324,16.2,1586.9,12,7,6,1,0,20238,7.6,4369,3324,24.2,2023.8
0,4,13,3,0,0,15321,6.2,-4562,-2816,19.8,1532.1,13,4,12,1,0,19883,7.2,4562,2816,22.2,1988.3
0,8,6,5,0,0,16293,7.2,-176,351,21.8,1629.3,6,8,5,0,0,16469,7,176,-351,20.3,1646.9
1,10,6,12,2,0,19669,7.4,4456,2338,22,1966.9,6,10,3,0,0,15213,6.6,-4456,-2338,19.6,1521.3
0,7,10,2,1,0,17093,7,-492,175,21.7,1709.3,10,7,10,0,0,17585,7,492,-175,21.4,1758.5
1,5,0,4,1,0,17434,7.2,4612,3848,25.7,1743.4,0,5,0,0,0,12822,6.4,-4612,-3848,20.3,1282.2
1,1,5,0,0,0,14250,6.8,-1461,241,23.8,1425,5,1,5,2,0,15711,6.6,1461,-241,22.8,1571.1
1,12,9,13,1,0,19104,7,2241,1077,20.4,1910.4,9,12,11,1,0,16863,6.8,-2241,-1077,20,1686.3
0,9,5,9,0,0,17700,6.8,2986,2450,21.6,1770,5,9,8,0,0,14714,6.4,-2986,-2450,21.8,1471.4
1,6,5,5,0,0,15687,6.6,-423,716,20.6,1568.7,5,6,6,0,0,16110,7,423,-716,21.9,1611
1,4,4,6,0,0,15866,7,218,-598,22.1,1586.6,4,4,4,1,0,15648,7.2,-218,598,21.9,1564.8
1,6,7,7,2,0,16079,7,-1289,918,20.3,1607.9,7,6,8,0,0,17368,6.8,1289,-918,26.4,1736.8
1,13,5,14,0,0,19610,7.6,4491,-28,22,1961,5,13,4,1,0,15119,6.2,-4491,28,18.6,1511.9
1,7,4,10,0,0,16597,6.8,2296,773,23.2,1659.7,4,7,4,0,0,14301,6.8,-2296,-773,21.8,1430.1
0,2,3,2,0,0,14211,6.8,-1807,-2118,21.5,1421.1,3,2,1,1,0,16018,7.2,1807,2118,25.2,1601.8
1,4,2,2,2,0,15897,7,188,1159,23.5,1589.7,2,4,3,0,0,15709,6.6,-188,-1159,25.5,1570.9
0,6,12,6,1,0,15740,7,-5057,-3921,17.8,1574,12,6,16,0,0,16378,7.2,5057,3921,23.8,1637.8
0,6,9,8,1,0,17170,7.4,-815,-699,23.7,1717,9,6,9,0,0,17985,7.2,815,699,24.4,1798.5
1,4,7,2,0,0,15950,6.8,-365,-434,23.5,1595,7,4,7,0,0,16315,6.8,365,434,22.5,1631.5
1,9,3,7,0,0,17990,7,2964,2253,22.6,1799,3,9,4,1,0,15026,6.4,-2964,-2253,23.2,1502.6
0,4,4,4,1,0,15749,7.4,362,889,23.5,1574.9,4,4,2,1,0,15387,7.2,-362,-889,22.6,1538.7
0,4,4,9,1,0,15317,6.6,-1300,-120,22.6,1531.7,4,4,7,1,0,16617,6.8,1300,120,21.1,1661.7
1,8,3,8,0,0,16896,7.4,1447,2623,22.5,1689.6,3,8,2,1,0,15449,6.4,-1447,-2623,19,1544.9
0,3,8,2,0,0,15085,6.8,-2695,-152,23.1,1508.5,8,3,12,0,0,17780,6.6,2695,152,21.8,1778
1,9,6,8,1,0,17790,7,1477,691,20.3,1779,6,9,4,0,0,16313,7,-1477,-691,20.8,1631.3
1,4,7,6,1,0,15245,6.8,-2220,-1492,21,1524.5,7,4,5,0,0,17465,7.2,2220,1492,21.8,1746.5
0,9,4,10,2,0,18654,7,3054,439,22.6,1865.4,4,9,5,0,0,15600,6.8,-3054,-439,22.1,1560
0,1,6,0,0,0,14266,7.2,-1659,-874,22.3,1426.6,6,1,4,1,0,15925,7.2,1659,874,23.6,1592.5
1,9,6,10,0,0,17742,6.8,1311,557,18.5,1774.2,6,9,6,1,0,16431,7,-1311,-557,23.2,1643.1
1,8,5,8,1,0,17610,7.4,1677,809,22.1,1761,5,8,5,0,0,15933,7.2,-1677,-809,21.2,1593.3
0,5,8,4,0,0,15921,6.8,-1110,-721,20.3,1592.1,8,5,6,0,0,17031,7.2,1110,721,21.5,1703.1
0,7,4,9,0,0,16860,7,1293,-262,21.8,1686,4,7,2,0,0,15567,6.8,-1293,262,21.9,1556.7
0,3,9,4,0,0,13842,6.4,-4256,-3319,18.1,1384.2,9,3,11,1,0,18098,7,4256,3319,24,1809.8
1,9,2,8,1,0,17378,7.4,3268,2650,25.3,1737.8,2,9,3,0,0,14110,6.4,-3268,-2650,21.2,1411
1,5,3,4,1,0,15979,7.2,1027,615,26,1597.9,3,5,4,0,0,14952,7,-1027,-615,21.9,1495.2
0,4,8,3,0,0,15475,7,-1892,-2127,21.6,1547.5,8,4,9,1,0,17367,7.4,1892,2127,21.1,1736.7
1,6,3,6,0,0,17077,7,2537,1396,22.8,1707.7,3,6,3,0,0,14540,7,-2537,-1396,20.8,1454
0,3,8,1,0,0,14294,7,-3738,-1260,20.6,1429.4,8,3,8,2,0,18032,7.2,3738,1260,22.9,1803.2
0,2,13,1,0,0,14504,6.6,-3966,-3112,20.3,1450.4,13,2,14,1,0,18470,7.4,3966,3112,19.2,1847
1,10,10,7,0,0,18022,7.4,1382,2107,20.2,1802.2,10,10,11,1,0,16640,6.6,-1382,-2107,18.6,1664
0,3,6,5,2,0,15390,7,-544,154,23,1539,6,3,4,0,0,15934,6.8,544,-154,21.6,1593.4
0,8,6,8,0,0,17251,6.6,339,876,19.2,1725.1,6,8,7,0,0,16912,6.4,-339,-876,20.3,1691.2
0,4,8,4,0,0,15337,6.8,-2284,-3219,18.6,1533.7,8,4,4,1,0,17621,7.6,2284,3219,23,1762.1
1,7,3,7,1,0,16498,7.2,468,2091,21.9,1649.8,3,7,4,0,0,16030,6.6,-468,-2091,23.7,1603
1,7,2,8,1,0,17359,7,3098,1882,21.9,1735.9,2,7,1,1,0,14261,6.4,-3098,-1882,21.3,1426.1
1,12,3,14,0,0,20346,7.4,5797,4364,22.8,2034.6,3,12,3,1,0,14549,6.2,-5797,-4364,20.3,1454.9
0,7,5,8,1,0,17711,7,1127,628,23.8,1771.1,5,7,8,0,0,16584,7,-1127,-628,24.6,1658.4
0,4,4,6,0,0,15089,6.8,-494,-817,21.3,1508.9,4,4,4,2,0,15583,6.8,494,817,21.6,1558.3
0,5,6,4,0,0,15077,6.4,14,-28,21.8,1507.7,6,5,12,0,0,16378,7,-14,28,22.9,1637.8
1,4,5,4,1,0,15519,6.8,-859,-1502,23.6,1551.9,5,4,5,0,0,16378,7.2,859,1502,23.7,1637.8
1,6,10,5,0,0,16003,6.8,-1761,-1446,21.4,1600.3,10,6,9,0,0,17764,7.2,1761,1446,23.8,1776.4
0,4,2,5,0,0,16270,7,454,333,24.8,1627,2,4,2,1,0,15816,7,-454,-333,25.7,1581.6
0,8,11,7,0,0,17917,7.2,39,-27,23.4,1791.7,11,8,13,1,0,17878,7.2,-39,27,18,1787.8
1,9,4,9,0,0,18099,7,2420,2272,23.8,1809.9,4,9,4,1,0,15679,6.6,-2420,-2272,21.8,1567.9
1,6,6,8,1,0,16073,7,-570,467,19.6,1607.3,6,6,10,0,0,16643,6.8,570,-467,21.5,1664.3
1,5,2,4,1,0,15887,6.8,1323,46,24,1588.7,2,5,3,1,0,14564,7,-1323,-46,20.8,1456.4
0,5,5,7,0,0,14486,6.6,-3299,-2719,17,1448.6,5,5,4,2,0,17785,7,3299,2719,25.6,1778.5
0,2,5,4,0,0,14635,7,-1478,-1388,23.5,1463.5,5,2,2,0,0,16113,7.2,1478,1388,24.6,1611.3
1,10,4,15,1,0,18928,7.2,4165,2230,21,1892.8,4,10,6,1,0,14763,6.6,-4165,-2230,19.7,1476.3
1,6,10,4,1,0,15649,6.8,-2558,-828,18.5,1564.9,10,6,16,0,0,18207,7.2,2558,828,22.9,1820.7
1,7,5,7,0,0,16291,7.2,473,1581,22.7,1629.1,5,7,7,0,0,15818,6.6,-473,-1581,22,1581.8
1,6,3,5,1,0,16523,7,1284,1445,23.8,1652.3,3,6,2,0,0,15239,6.8,-1284,-1445,23.9,1523.9
0,3,10,1,1,0,15084,6.8,-3847,-933,18.8,1508.4,10,3,11,1,0,18931,6.8,3847,933,23.2,1893.1
1,6,5,5,0,0,16146,6.8,1136,376,21,1614.6,5,6,0,1,0,15010,6.8,-1136,-376,19.8,1501
1,7,3,8,1,0,16945,6.8,2136,-50,22.3,1694.5,3,7,3,0,0,14809,7,-2136,50,23.8,1480.9
1,6,4,5,0,0,16600,7,735,161,20.8,1660,4,6,0,1,0,15865,7.2,-735,-161,25.2,1586.5
1,5,6,5,1,0,16941,7,-441,390,22.8,1694.1,6,5,8,0,0,17382,7.2,441,-390,23.3,1738.2
1,6,6,6,1,0,15862,6.8,-152,-430,22.7,1586.2,6,6,11,1,0,16014,6.8,152,430,21,1601.4
1,10,5,11,2,0,18526,7.4,1924,1992,22.2,1852.6,5,10,7,0,0,16602,7,-1924,-1992,24,1660.2
1,1,2,1,0,0,14399,6.8,-621,319,22.9,1439.9,2,1,2,0,0,15020,6.8,621,-319,22.8,1502
1,6,4,6,1,0,16496,7,615,12,21.3,1649.6,4,6,4,0,0,15881,6.8,-615,-12,22.7,1588.1
1,4,2,3,1,0,16521,7.2,2101,1400,26.1,1652.1,2,4,2,0,0,14420,6.6,-2101,-1400,21.5,1442
0,6,10,6,1,0,16972,7,-1079,-2292,21,1697.2,10,6,6,0,0,18051,7.4,1079,2292,20.9,1805.1
0,5,11,5,0,0,16375,7,-1189,-1074,23.1,1637.5,11,5,7,1,0,17564,7.4,1189,1074,21.7,1756.4
0,8,9,11,0,0,17149,7,-1258,-725,21.8,1714.9,9,8,8,1,0,18407,7.4,1258,725,21.4,1840.7
0,6,8,8,0,0,15319,6.6,-2416,-2808,15.8,1531.9,8,6,9,1,0,17735,7.2,2416,2808,20.9,1773.5
1,13,5,15,0,0,19475,7,4519,2852,21.8,1947.5,5,13,3,0,0,14956,6.4,-4519,-2852,18.9,1495.6
1,11,5,7,2,0,18576,7.2,2276,1971,22.7,1857.6,5,11,6,0,0,16300,7,-2276,-1971,21.3,1630
1,6,5,16,2,0,20218,7,4266,2910,20.7,2021.8,5,6,6,0,0,15952,6.4,-4266,-2910,22.6,1595.2
0,4,3,5,1,0,15398,7.2,378,321,20,1539.8,3,4,2,1,0,15020,7,-378,-321,22.7,1502
1,6,13,15,1,0,19683,7.2,879,1795,19.5,1968.3,13,6,6,0,0,18804,6.6,-879,-1795,17.9,1880.4
1,9,9,6,0,0,17284,6.2,550,-371,18.2,1728.4,9,9,15,0,0,16734,6.6,-550,371,19.2,1673.4
1,10,7,13,0,0,18281,6.8,2064,2124,22.4,1828.1,7,10,9,0,0,16217,6.4,-2064,-2124,19.1,1621.7
1,7,5,8,0,0,16905,6.8,831,8,21.4,1690.5,5,7,8,1,0,16074,6.8,-831,-8,21.8,1607.4
1,7,2,9,0,0,16875,6.6,2590,682,22.2,1687.5,2,7,1,1,0,14285,6.8,-2590,-682,22.5,1428.5
1,6,3,8,0,0,16277,6.8,1434,1040,21,1627.7,3,6,4,0,0,14843,6.6,-1434,-1040,21.5,1484.3
1,10,8,7,0,0,18380,7.2,1938,1013,22,1838,8,10,9,0,0,16442,6.8,-1938,-1013,18.9,1644.2
1,8,10,8,0,0,16622,6.6,-1129,-1742,17,1662.2,10,8,10,1,0,17751,7.2,1129,1742,21.1,1775.1
0,7,5,9,0,0,16388,6.8,-1182,-2730,21.2,1638.8,5,7,5,1,0,17570,7,1182,2730,22.9,1757
1,7,4,6,0,0,17441,7.4,2947,2247,21.4,1744.1,4,7,1,1,0,14494,7,-2947,-2247,19,1449.4
1,8,5,12,0,0,17469,7,1625,121,24.2,1746.9,5,8,4,0,0,15844,6.8,-1625,-121,23.6,1584.4
0,5,8,5,0,0,15649,7,-934,-732,20.1,1564.9,8,5,11,1,0,16583,6.8,934,732,21.6,1658.3
1,9,4,5,1,0,18130,7.2,3154,1720,20.6,1813,4,9,1,1,0,14976,6.6,-3154,-1720,19.4,1497.6
0,8,8,10,0,0,17850,7.4,30,-249,25.6,1785,8,8,7,1,0,17820,7.2,-30,249,23.4,1782
0,7,7,8,0,0,16164,6.8,-1050,88,23.9,1616.4,7,7,8,1,0,17214,7.2,1050,-88,23.7,1721.4
0,6,9,7,2,0,15928,6.4,-1885,-1025,17.3,1592.8,9,6,10,0,0,17813,6.8,1885,1025,23.3,1781.3
1,4,2,5,0,0,15356,6.4,925,-400,23.3,1535.6,2,4,3,0,0,14431,6.8,-925,400,20.6,1443.1
0,6,6,9,0,0,16135,6.6,-1370,-1220,18.1,1613.5,6,6,8,0,0,17505,6.8,1370,1220,23.5,1750.5
1,3,1,2,0,0,16019,7.4,1577,2582,26.2,1601.9,1,3,1,1,0,14442,7,-1577,-2582,23.2,1444.2
1,6,3,7,1,0,16079,6.6,1769,1175,22.5,1607.9,3,6,5,0,0,14310,6.2,-1769,-1175,18.5,1431
1,10,3,10,1,0,18272,7.4,3619,3192,21.9,1827.2,3,10,2,0,0,14653,6.6,-3619,-3192,22.2,1465.3
1,3,4,1,0,0,15595,6.8,65,-273,24.1,1559.5,4,3,4,1,0,15530,6.8,-65,273,22.8,1553
1,12,6,6,1,0,20010,7.2,4311,2572,20.8,2001,6,12,5,0,0,15699,6.8,-4311,-2572,21.4,1569.9
0,8,6,12,1,0,16879,7,45,-351,19.9,1687.9,6,8,5,0,0,16834,7,-45,351,25.4,1683.4
0,3,3,5,1,0,15578,7,-313,-701,24.3,1557.8,3,3,3,1,0,15891,7.2,313,701,25.3,1589.1
1,9,7,7,0,0,18877,7.6,3094,1999,24.4,1887.7,7,9,6,0,0,15783,7.2,-3094,-1999,20.5,1578.3
1,10,3,12,0,0,18904,7.4,4879,3774,23.6,1890.4,3,10,7,0,0,14025,6.2,-4879,-3774,16.2,1402.5
0,9,8,12,1,0,17394,6.6,182,-159,17.5,1739.4,8,9,7,0,0,17212,6.4,-182,159,19.2,1721.2
0,5,7,13,2,0,16829,7,-1212,972,25.1,1682.9,7,5,10,0,0,18041,7,1212,-972,23.6,1804.1
0,7,6,8,2,0,17002,7.2,-365,-267,20.9,1700.2,6,7,5,0,0,17367,7.4,365,267,22.9,1736.7
0,6,3,7,0,0,15721,6.8,-24,-1070,18,1572.1,3,6,4,0,0,15745,7,24,1070,23.8,1574.5
1,4,9,4,1,0,16263,6.6,-1190,-1443,22,1626.3,9,4,9,0,0,17453,7,1190,1443,20.8,1745.3
1,7,6,8,0,0,15833,6.8,-1800,-2200,20.8,1583.3,6,7,8,1,0,17633,7,1800,2200,24.5,1763.3
0,2,7,1,0,0,14918,6.8,-2442,-1427,22.1,1491.8,7,2,10,1,0,17360,7.2,2442,1427,26.2,1736
0,4,8,3,0,0,15043,6.6,-2816,-2760,20.7,1504.3,8,4,10,1,0,17859,7.2,2816,2760,23.2,1785.9
1,9,5,6,1,0,17775,6.8,3629,-28,22.2,1777.5,5,9,5,0,0,14146,7,-3629,28,21.8,1414.6
1,11,6,12,0,0,20012,7.2,4093,1925,23.1,2001.2,6,11,6,1,0,15919,6.6,-4093,-1925,21.5,1591.9
0,5,6,4,1,0,15954,7,26,693,22.8,1595.4,6,5,4,0,0,15928,6.8,-26,-693,19,1592.8
1,2,8,1,2,0,14194,6.8,-1949,-18,19.2,1419.4,8,2,9,0,0,16143,7,1949,18,19,1614.3
1,4,8,5,0,0,14689,6.6,-3860,-1719,17.4,1468.9,8,4,4,2,0,18549,7.2,3860,1719,25.3,1854.9
0,10,13,6,0,0,18152,7,-921,-1198,24.5,1815.2,13,10,16,1,0,19073,7.2,921,1198,20.6,1907.3
0,6,6,7,1,0,16642,7,-348,-611,21.8,1664.2,6,6,4,1,0,16990,7,348,611,23.7,1699
0,1,5,2,0,0,13383,6.4,-4079,-2994,19.3,1338.3,5,1,5,1,0,17462,7,4079,2994,24.5,1746.2
0,6,5,7,0,0,16818,7.4,936,704,23.2,1681.8,5,6,2,2,0,15882,7.2,-936,-704,22.1,1588.2
0,3,8,6,0,0,16621,6.6,-2115,-456,24.4,1662.1,8,3,15,2,0,18736,6.8,2115,456,22.2,1873.6
1,8,5,9,1,0,16729,6.8,1204,349,22,1672.9,5,8,5,0,0,15525,7,-1204,-349,21.4,1552.5
0,3,6,6,0,0,14630,6.6,-1309,-1408,18.1,1463,6,3,6,1,0,15939,6.6,1309,1408,21.2,1593.9
0,6,5,5,0,0,16489,6.6,1212,1107,23.7,1648.9,5,6,6,1,0,15277,6.6,-1212,-1107,19.6,1527.7
0,2,11,4,0,0,13608,6.6,-5040,-28,17.8,1360.8,11,2,9,0,0,18648,7.6,5040,28,20.2,1864.8
1,6,0,8,1,0,16583,7,2532,1722,24.4,1658.3,0,6,0,0,0,14051,6.6,-2532,-1722,22.3,1405.1
1,10,5,9,2,0,19439,7.4,3863,2639,24.4,1943.9,5,10,5,0,0,15576,6.6,-3863,-2639,19.7,1557.6
0,5,10,2,1,0,15974,6.8,-2545,-1541,22.6,1597.4,10,5,9,1,0,18519,7.6,2545,1541,24.7,1851.9
1,4,6,3,0,0,15865,7,-517,-425,22.5,1586.5,6,4,8,1,0,16382,6.8,517,425,24.4,1638.2
0,6,7,4,0,0,15919,6.6,-3288,-2511,20.5,1591.9,7,6,10,2,0,19207,7.2,3288,2511,22.9,1920.7
1,5,2,5,1,0,15360,7.2,818,1913,20.7,1536,2,5,3,1,0,14542,6.6,-818,-1913,22.4,1454.2
0,9,6,10,1,0,16836,6.6,312,-613,18.6,1683.6,6,9,4,0,0,16524,6.8,-312,613,21.5,1652.4
1,7,2,5,0,0,16284,7.2,1496,1758,21.6,1628.4,2,7,3,0,0,14788,6.8,-1496,-1758,22.5,1478.8
1,11,4,7,1,0,18303,7.2,3586,2697,21.4,1830.3,4,11,2,0,0,14717,6.4,-3586,-2697,18,1471.7
0,5,7,3,0,0,16206,7,-33,1233,22.9,1620.6,7,5,8,1,0,16239,6.6,33,-1233,20,1623.9
1,8,9,9,0,0,17310,7,390,-300,20.2,1731,9,8,8,1,0,16920,7,-390,300,19.3,1692
1,4,6,4,0,0,14562,6.6,-1295,-1230,16.4,1456.2,6,4,5,1,0,15857,6.6,1295,1230,21.3,1585.7
0,6,3,10,0,0,15954,6.8,534,89,20.3,1595.4,3,6,4,1,0,15420,6.8,-534,-89,24.8,1542
0,2,11,4,1,0,14079,6.6,-4780,-3425,21.5,1407.9,11,2,13,0,0,18859,7.4,4780,3425,21.4,1885.9
0,4,6,7,0,0,16636,7.2,668,-462,24.3,1663.6,6,4,5,1,0,15968,7.4,-668,462,22.3,1596.8
0,6,12,4,0,0,16048,6.6,-2954,-2865,20.9,1604.8,12,6,15,0,0,19002,7.2,2954,2865,20.6,1900.2
0,3,11,3,0,0,14953,6.6,-3903,-2090,22.1,1495.3,11,3,6,1,0,18856,7.2,3903,2090,23.9,1885.6
1,5,1,4,0,0,16279,7,2004,385,25.5,1627.9,1,5,1,1,0,14275,7,-2004,-385,21.3,1427.5
0,1,8,2,0,0,13841,6.8,-5048,-4145,21.6,1384.1,8,1,6,1,0,18889,7.4,5048,4145,26.8,1888.9
0,3,3,1,0,0,15311,7,597,1596,18.7,1531.1,3,3,7,1,0,14714,6.4,-597,-1596,21.2,1471.4
0,10,7,12,2,0,16677,6.6,-503,-790,16.8,1667.7,7,10,10,0,0,17180,6.6,503,790,19.1,1718
0,7,6,8,0,0,16224,7,-376,1005,18.9,1622.4,6,7,7,1,0,16600,6.6,376,-1005,22,1660
1,7,5,4,2,0,16372,7.2,1162,2078,20.8,1637.2,5,7,5,0,0,15210,7,-1162,-2078,19.3,1521
1,12,2,13,1,0,19306,7.4,5831,4588,20.6,1930.6,2,12,0,0,0,13475,6.4,-5831,-4588,19.7,1347.5
1,8,8,6,0,0,18801,7.2,1917,1322,21.5,1880.1,8,8,6,1,0,16884,7,-1917,-1322,20.2,1688.4
1,9,1,10,1,0,16988,7,3222,2205,20.9,1698.8,1,9,0,0,0,13766,6.6,-3222,-2205,21.8,1376.6
0,4,9,3,0,0,15027,6.6,-3148,-2107,21.6,1502.7,9,4,9,1,0,18175,7,3148,2107,22,1817.5
0,6,9,3,1,0,15512,6.6,-2399,-1527,19.8,1551.2,9,6,5,0,0,17911,7.2,2399,1527,22.2,1791.1
0,4,7,4,1,0,17147,6.8,946,-439,21.3,1714.7,7,4,9,1,0,16201,7,-946,439,22.2,1620.1
1,3,3,3,1,0,16748,7,2533,1524,22.1,1674.8,3,3,4,1,0,14215,6.4,-2533,-1524,19.8,1421.5
0,4,12,3,0,0,14456,6.6,-4680,-3190,21.2,1445.6,12,4,14,2,0,19136,7.6,4680,3190,22,1913.6
1,10,7,16,1,0,18247,7,1348,1158,22.5,1824.7,7,10,10,1,0,16899,6.6,-1348,-1158,22.4,1689.9
1,9,5,7,0,0,18196,7.2,2763,1667,23,1819.6,5,9,6,1,0,15433,6.8,-2763,-1667,19.4,1543.3
1,7,7,10,1,0,16866,6.8,-808,-1078,22,1686.6,7,7,8,0,0,17674,7.2,808,1078,23.4,1767.4
0,4,7,2,1,0,13960,6.4,-2791,-2142,18.4,1396,7,4,7,0,0,16751,7,2791,2142,23.8,1675.1
0,3,6,4,0,0,14545,6.6,-1199,-752,19,1454.5,6,3,6,1,0,15744,6.8,1199,752,20.3,1574.4
1,12,5,7,1,0,18894,7.2,2712,1181,19.5,1889.4,5,12,5,0,0,16182,6.6,-2712,-1181,19.5,1618.2
0,4,10,7,0,0,14595,6.4,-4266,-4094,18.1,1459.5,10,4,7,1,0,18861,7.6,4266,4094,24.5,1886.1
1,11,6,15,1,0,19670,7.4,3380,1666,23.9,1967,6,11,10,0,0,16290,7,-3380,-1666,19.7,1629
1,11,3,15,1,0,19116,7.6,3648,1867,22.3,1911.6,3,11,2,0,0,15468,7,-3648,-1867,20.9,1546.8
1,6,3,6,0,0,17186,7,2320,2234,23.4,1718.6,3,6,6,0,0,14866,6.6,-2320,-2234,20.7,1486.6
0,2,6,2,0,0,14498,7,-1754,-1471,22.3,1449.8,6,2,4,0,0,16252,7.2,1754,1471,22.8,1625.2
1,6,6,2,2,0,17085,7.2,411,-493,22.9,1708.5,6,6,9,0,0,16674,7.2,-411,493,21.3,1667.4
1,12,3,14,1,0,19032,7.2,3965,3505,19.1,1903.2,3,12,3,0,0,15067,6.4,-3965,-3505,18.2,1506.7
0,1,10,0,0,0,14401,6.8,-3441,-1825,21.2,1440.1,10,1,10,1,0,17842,7.2,3441,1825,22.9,1784.2
1,6,10,5,1,0,15741,6.8,-1864,-1069,19.8,1574.1,10,6,7,0,0,17605,7.2,1864,1069,20.5,1760.5
1,9,3,12,0,0,19138,6.8,3653,1553,23.9,1913.8,3,9,4,1,0,15485,6.6,-3653,-1553,19.3,1548.5
1,7,6,10,1,0,17363,7,1449,521,23.3,1736.3,6,7,6,1,0,15914,7,-1449,-521,20.6,1591.4
0,2,5,2,0,0,15190,7,-1782,-754,24.1,1519,5,2,3,1,0,16972,7.2,1782,754,25.1,1697.2
0,5,7,3,2,0,15592,7,-1711,-303,20.5,1559.2,7,5,8,0,0,17303,7.2,1711,303,24.1,1730.3
1,5,6,5,0,0,15951,6.8,322,1046,22.1,1595.1,6,5,8,0,0,15629,6.8,-322,-1046,20.3,1562.9
0,5,8,9,0,0,15934,6.4,-2277,-2919,19.9,1593.4,8,5,8,1,0,18211,7,2277,2919,25.7,1821.1
1,4,4,5,0,0,15894,7,310,536,22.3,1589.4,4,4,4,1,0,15584,7,-310,-536,22.3,1558.4
0,5,7,3,0,0,16148,6.8,-404,-1058,23.7,1614.8,7,5,6,2,0,16552,7,404,1058,21.5,1655.2
0,7,8,5,0,0,16456,6.8,-706,-1460,20.9,1645.6,8,7,8,1,0,17162,6.8,706,1460,20,1716.2
0,7,8,10,2,0,17903,7,651,748,23.9,1790.3,8,7,12,0,0,17252,7,-651,-748,21.7,1725.2
1,6,3,12,0,0,16925,6.6,784,-2929,21.2,1692.5,3,6,2,0,0,16141,7.2,-784,2929,22.4,1614.1
0,3,5,7,1,0,14966,7,-1966,-1549,22.7,1496.6,5,3,4,1,0,16932,7.2,1966,1549,24.7,1693.2
1,6,10,7,1,0,16014,7.2,-2651,-1289,21.1,1601.4,10,6,13,1,0,18665,7.2,2651,1289,24,1866.5
0,3,7,1,0,0,15311,6.8,-1731,-1553,22.9,1531.1,7,3,4,1,0,17042,7.4,1731,1553,23.8,1704.2
0,4,2,3,0,0,16177,7,1255,277,22.6,1617.7,2,4,1,0,0,14922,6.8,-1255,-277,25.3,1492.2
1,5,6,7,0,0,16123,6.8,569,304,20.3,1612.3,6,5,4,1,0,15554,6.8,-569,-304,18.1,1555.4
0,10,6,9,0,0,18344,7.2,2326,987,22.2,1834.4,6,10,5,0,0,16018,7,-2326,-987,18.8,1601.8
0,5,4,5,1,0,17564,7.4,1369,1440,25.7,1756.4,4,5,5,1,0,16195,7.2,-1369,-1440,23.3,1619.5
1,4,4,5,1,0,15676,7,-261,443,23.1,1567.6,4,4,8,1,0,15937,6.8,261,-443,23.1,1593.7
0,1,4,0,0,0,15652,7,11,-139,25.8,1565.2,4,1,4,2,0,15641,7,-11,139,22.7,1564.1
1,10,6,11,1,0,18079,7.2,1120,10,21.5,1807.9,6,10,3,0,0,16959,7,-1120,-10,22.6,1695.9
0,1,6,1,0,0,14325,6.8,-1887,-587,23.5,1432.5,6,1,10,1,0,16212,7.2,1887,587,22.8,1621.2
0,5,7,6,0,0,16132,6.8,-155,-51,21,1613.2,7,5,11,0,0,16287,7,155,51,19.1,1628.7
1,7,2,10,0,0,17130,7,1931,1567,22.6,1713,2,7,4,0,0,15199,6.8,-1931,-1567,21.9,1519.9
1,9,7,16,1,0,19459,7,1896,-423,20.6,1945.9,7,9,6,0,0,17563,7,-1896,423,21.5,1756.3
0,5,4,4,0,0,15742,6.8,501,642,21.9,1574.2,4,5,5,1,0,15241,6.6,-501,-642,19.6,1524.1
0,4,7,6,1,0,15412,6.8,-1271,101,19.2,1541.2,7,4,8,0,0,16683,7,1271,-101,23.3,1668.3
1,4,8,4,0,0,15337,6.6,-2811,-2298,21.7,1533.7,8,4,7,1,0,18148,7.2,2811,2298,22.4,1814.8
0,6,6,4,1,0,15969,7,-1070,-893,21.7,1596.9,6,6,4,0,0,17039,7,1070,893,25.4,1703.9
1,8,7,10,0,0,16347,6.8,-559,-794,18.5,1634.7,7,8,4,1,0,16906,7,559,794,21.5,1690.6
1,13,8,11,0,0,20341,7.4,3202,2467,23.5,2034.1,8,13,10,1,0,17139,6.6,-3202,-2467,18.9,1713.9
0,5,6,3,0,0,16507,7.2,731,44,22.8,1650.7,6,5,8,1,0,15776,7.2,-731,-44,20.3,1577.6
0,2,5,0,1,0,13649,6.8,-2497,-1239,19.9,1364.9,5,2,4,0,0,16146,7,2497,1239,21.1,1614.6
0,6,11,9,0,0,15377,6.4,-4853,-3538,19.1,1537.7,11,6,7,0,0,20230,7,4853,3538,23,2023
0,2,3,3,1,0,15345,7.2,-164,1358,23,1534.5,3,2,7,1,0,15509,6.6,164,-1358,23.6,1550.9
0,3,9,3,0,0,14426,6.6,-3954,-1940,20.5,1442.6,9,3,7,1,0,18380,7.2,3954,1940,25.4,1838
0,7,7,4,1,0,16518,7,176,943,22.9,1651.8,7,7,9,0,0,16342,6.6,-176,-943,20,1634.2
0,1,6,0,1,0,14112,6.8,-2720,-2419,23.2,1411.2,6,1,4,1,0,16832,7.4,2720,2419,24.7,1683.2
0,6,5,8,0,0,16809,7.4,226,557,22.5,1680.9,5,6,7,2,0,16583,7.2,-226,-557,23.9,1658.3
0,7,8,6,1,0,17011,7.2,-2215,-138,23.1,1701.1,8,7,13,1,0,19226,7,2215,138,20.6,1922.6
0,6,3,6,1,0,16928,7.2,1071,-35,23.6,1692.8,3,6,0,0,0,15857,7.2,-1071,35,25.4,1585.7
0,3,11,2,0,0,14016,6.6,-4534,-2709,19,1401.6,11,3,13,1,0,18550,7.2,4534,2709,22.8,1855
1,7,4,10,0,0,16082,6.8,287,289,19.9,1608.2,4,7,4,0,0,15795,6.6,-287,-289,20.9,1579.5
1,10,3,12,2,0,18851,7.4,4064,2564,23,1885.1,3,10,5,0,0,14787,6.8,-4064,-2564,19.5,1478.7
1,10,3,6,2,0,19994,7.6,5475,3713,24.8,1999.4,3,10,2,0,0,14519,7,-5475,-3713,21.7,1451.9
0,8,5,9,0,0,17935,7,2070,1331,22.6,1793.5,5,8,5,0,0,15865,6.8,-2070,-1331,21.4,1586.5
0,3,10,4,0,0,13539,6.6,-5293,-3777,16.3,1353.9,10,3,13,0,0,18832,7.4,5293,3777,23.6,1883.2
0,2,8,1,0,0,13874,6.6,-4231,-3158,20.3,1387.4,8,2,7,1,0,18105,7.6,4231,3158,24.8,1810.5
1,7,6,7,0,0,16920,7,1563,901,20.4,1692,6,7,8,0,0,15357,6.8,-1563,-901,17.8,1535.7
1,9,12,5,0,0,17484,7.2,-978,-535,22.2,1748.4,12,9,13,1,0,18462,7,978,535,21.3,1846.2
0,9,10,9,0,0,16731,7,-1625,-442,19.1,1673.1,10,9,12,0,0,18356,7,1625,442,22.9,1835.6
0,7,7,5,0,0,16374,6.6,-255,1128,19.4,1637.4,7,7,7,1,0,16629,6.8,255,-1128,19.4,1662.9
0,5,5,4,1,0,15706,6.8,-578,-1149,21.9,1570.6,5,5,2,0,0,16284,7.2,578,1149,24,1628.4
0,2,13,2,1,0,14368,6.8,-5683,-28,20.1,1436.8,13,2,13,0,0,20051,7,5683,28,27,2005.1
0,5,9,5,0,0,15081,6.2,-1492,-1219,19.5,1508.1,9,5,14,0,0,16573,6.6,1492,1219,21.8,1657.3
0,8,13,5,0,0,16077,6.8,-3056,-2462,18,1607.7,13,8,12,0,0,19133,7.2,3056,2462,22.3,1913.3
0,3,6,3,0,0,15092,7,-1857,-699,20.4,1509.2,6,3,6,2,0,16949,7.2,1857,699,25.2,1694.9
1,3,5,2,1,0,14986,6.8,-2042,-436,22,1498.6,5,3,6,1,0,17028,7,2042,436,23.2,1702.8
1,6,1,7,1,0,16894,7.2,2647,1140,23.4,1689.4,1,6,1,0,0,14247,6.8,-2647,-1140,21.7,1424.7
0,3,7,3,0,0,14525,6.6,-5011,-2444,20.1,1452.5,7,3,5,0,0,19536,7.2,5011,2444,24.4,1953.6
1,8,1,6,1,0,18618,7.2,4343,2636,22.3,1861.8,1,8,1,0,0,14275,6.8,-4343,-2636,19,1427.5
0,3,6,3,0,0,15345,6.6,-192,-287,22.6,1534.5,6,3,8,2,0,15537,6.8,192,287,19.1,1553.7
1,9,5,10,1,0,17967,7,3066,2798,20.9,1796.7,5,9,4,0,0,14901,6.4,-3066,-2798,17.7,1490.1
1,13,3,15,0,0,19484,7.2,4694,2781,23.5,1948.4,3,13,3,2,0,14790,6.6,-4694,-2781,19.6,1479
0,3,6,3,0,0,14508,6.8,-3968,-2461,20,1450.8,6,3,7,2,0,18476,7.2,3968,2461,24.3,1847.6
1,8,6,8,1,0,17505,7.2,786,1888,22.3,1750.5,6,8,7,0,0,16719,6.6,-786,-1888,22,1671.9
1,7,2,9,0,0,17428,7.4,2444,561,21.9,1742.8,2,7,1,1,0,14984,6.8,-2444,-561,24.2,1498.4
1,8,9,7,0,0,17336,7.2,691,696,21.8,1733.6,9,8,7,0,0,16645,7,-691,-696,19.2,1664.5
1,4,9,3,1,0,15386,7,-2820,-1143,20.9,1538.6,9,4,11,0,0,18206,7.4,2820,1143,22.9,1820.6
1,4,5,6,1,0,16353,6.8,246,217,24,1635.3,5,4,7,0,0,16107,6.8,-246,-217,22.7,1610.7
1,7,8,7,0,0,16697,7,-864,-865,21.1,1669.7,8,7,8,0,0,17561,7.2,864,865,22.6,1756.1
1,3,4,3,1,0,14850,6.8,-858,847,22.6,1485,4,3,5,0,0,15708,6.8,858,-847,23.9,1570.8
0,3,6,4,0,0,14879,6.6,-1775,-722,21.7,1487.9,6,3,4,0,0,16654,6.8,1775,722,21.5,1665.4
0,10,7,11,1,0,18454,7.2,1455,602,23,1845.4,7,10,5,0,0,16999,7,-1455,-602,24.7,1699.9
1,1,4,0,0,0,14334,7,-1878,-178,24.2,1433.4,4,1,6,1,0,16212,7,1878,178,26.2,1621.2
1,4,3,4,1,0,17490,7,2755,1492,23.3,1749,3,4,3,1,0,14735,7,-2755,-1492,19.7,1473.5
1,13,7,14,1,0,19526,7.4,3003,3063,22.5,1952.6,7,13,9,0,0,16523,6.6,-3003,-3063,20,1652.3
1,10,6,12,1,0,18439,7.2,1894,99,22.3,1843.9,6,10,5,0,0,16545,7,-1894,-99,20.3,1654.5
0,9,8,9,1,0,17375,7.2,-522,269,21,1737.5,8,9,7,1,0,17897,7,522,-269,19,1789.7
1,8,5,9,1,0,17367,7,1992,2096,21.5,1736.7,5,8,4,0,0,15375,6.6,-1992,-2096,21.1,1537.5
1,7,7,5,0,0,16354,6.8,-1256,-559,21.3,1635.4,7,7,5,2,0,17610,7,1256,559,22.6,1761
0,5,7,5,0,0,15708,6.8,-1127,-2006,22,1570.8,7,5,4,0,0,16835,7,1127,2006,22.6,1683.5
0,3,6,5,2,0,15427,6.8,-1186,-1760,20.9,1542.7,6,3,2,0,0,16613,7.2,1186,1760,23,1661.3
0,9,6,10,2,0,16851,6.6,-1328,-1142,19,1685.1,6,9,6,0,0,18179,7,1328,1142,22.7,1817.9
0,6,7,6,0,0,15786,6.8,-1818,-2061,19.3,1578.6,7,6,4,1,0,17604,7.2,1818,2061,24.6,1760.4
0,8,9,5,0,0,16319,6.8,-1228,11,21.7,1631.9,9,8,9,0,0,17547,6.8,1228,-11,19.1,1754.7
0,2,7,1,1,0,14324,6.6,-2638,-1671,21.1,1432.4,7,2,6,0,0,16962,6.8,2638,1671,24.4,1696.2
1,7,6,7,0,0,16064,7,41,178,18.1,1606.4,6,7,5,2,0,16023,6.8,-41,-178,20.6,1602.3
1,10,6,10,1,0,18013,7.2,1446,-143,22.8,1801.3,6,10,5,0,0,16567,7,-1446,143,21.6,1656.7
0,4,9,4,0,0,15890,7,-2782,-1742,22.9,1589,9,4,10,1,0,18672,7,2782,1742,23.5,1867.2
0,4,6,3,0,0,15492,6.6,-310,-392,21.8,1549.2,6,4,7,1,0,15802,7.2,310,392,19.2,1580.2
0,4,5,3,0,0,16281,7.2,699,-254,21.9,1628.1,5,4,7,1,0,15582,7.2,-699,254,20,1558.2
0,2,7,4,1,0,15032,7,-2785,-453,23.2,1503.2,7,2,7,1,0,17817,7.2,2785,453,22.8,1781.7
0,6,9,7,0,0,16777,7.2,-1681,41,21.9,1677.7,9,6,9,0,0,18458,7.4,1681,-41,24.1,1845.8
0,6,4,8,0,0,15708,6.8,-189,-211,19.7,1570.8,4,6,3,1,0,15897,6.8,189,211,24.4,1589.7
1,6,4,8,1,0,17505,7.2,791,1138,24,1750.5,4,6,5,0,0,16714,6.6,-791,-1138,23.4,1671.4
0,6,7,5,1,0,15889,6.8,-1248,503,22,1588.9,7,6,12,0,0,17137,6.4,1248,-503,19.1,1713.7
0,12,3,14,1,0,19031,7.4,4188,2399,23.4,1903.1,3,12,2,1,0,14843,6.6,-4188,-2399,20.7,1484.3
1,10,4,4,0,0,18581,7.6,3301,3347,24.9,1858.1,4,10,4,1,0,15280,6.6,-3301,-3347,21.3,1528
0,2,6,4,0,0,14796,6.4,-2944,-2835,22.5,1479.6,6,2,7,1,0,17740,7.2,2944,2835,23.1,1774
0,8,3,8,1,0,17429,7.4,2800,2474,23.9,1742.9,3,8,1,0,0,14629,6.6,-2800,-2474,19.7,1462.9
0,9,7,7,1,0,17686,7,1178,2223,23.6,1768.6,7,9,5,1,0,16508,6.8,-1178,-2223,18.7,1650.8
0,6,9,5,0,0,16158,7.2,-900,267,21.3,1615.8,9,6,12,2,0,17058,6.8,900,-267,17.7,1705.8
0,4,10,2,0,0,14471,6.6,-4204,-2138,16.9,1447.1,10,4,11,2,0,18675,7.2,4204,2138,22.7,1867.5
1,9,6,10,1,0,17419,7,2196,1245,20.9,1741.9,6,9,5,0,0,15223,6.6,-2196,-1245,19.2,1522.3
1,10,6,6,1,0,17859,7,1711,264,22.1,1785.9,6,10,6,0,0,16148,6.8,-1711,-264,20.9,1614.8
1,3,7,3,0,0,14546,6.6,-2560,-1275,20,1454.6,7,3,6,1,0,17106,7,2560,1275,20.3,1710.6
0,11,11,8,1,0,17373,6.6,-1768,-2230,17.8,1737.3,11,11,8,0,0,19141,7.2,1768,2230,19.8,1914.1
1,8,4,9,0,0,17239,7.2,1436,1824,20.9,1723.9,4,8,2,0,0,15803,6.6,-1436,-1824,22.5,1580.3
0,10,9,14,0,0,18178,7,342,-646,21.3,1817.8,9,10,8,1,0,17836,7,-342,646,22.2,1783.6
0,9,10,8,1,0,16690,6.6,170,1174,21.5,1669,10,9,8,0,0,16520,6.4,-170,-1174,18.9,1652
0,1,9,1,0,0,13508,6.6,-5373,-4474,18.6,1350.8,9,1,11,2,0,18881,7.2,5373,4474,24.1,1888.1
0,7,7,7,0,0,17122,7,360,1102,23.6,1712.2,7,7,7,1,0,16762,7,-360,-1102,18.7,1676.2
0,5,6,11,0,0,16429,6.6,-448,-1140,22.6,1642.9,6,5,7,1,0,16877,7.2,448,1140,23.3,1687.7
1,8,6,7,0,0,17556,6.6,-2089,-835,19.2,1755.6,6,8,16,0,0,19645,6.8,2089,835,18.6,1964.5
0,3,10,3,0,0,14635,6.6,-3709,-1017,20.2,1463.5,10,3,10,1,0,18344,6.8,3709,1017,23.1,1834.4
1,10,4,6,0,0,17890,7.2,2961,2627,22.6,1789,4,10,6,0,0,14929,6.6,-2961,-2627,20.7,1492.9
0,1,2,2,0,0,12884,6.4,-2825,-3105,17.4,1288.4,2,1,4,1,0,15709,7,2825,3105,23.9,1570.9
0,8,3,14,1,0,17160,7,2841,1484,19.1,1716,3,8,1,0,0,14319,6.6,-2841,-1484,20.8,1431.9
0,3,8,3,0,0,14416,6.8,-3253,-3049,18.5,1441.6,8,3,9,1,0,17669,7.6,3253,3049,22.9,1766.9
1,10,6,8,0,0,18165,7,2746,999,21.9,1816.5,6,10,3,0,0,15419,6.8,-2746,-999,20.6,1541.9
0,3,8,3,0,0,14438,6.6,-2502,-1811,19.9,1443.8,8,3,6,1,0,16940,7,2502,1811,23.2,1694
0,7,9,6,0,0,16784,7.4,-1270,1023,19.6,1678.4,9,7,10,0,0,18054,7.2,1270,-1023,21,1805.4
0,6,6,5,0,0,15384,6.6,-1495,-801,18.9,1538.4,6,6,7,2,0,16879,6.8,1495,801,21.1,1687.9
0,2,9,1,0,0,14980,6.4,-2432,-1788,23.2,1498,9,2,6,1,0,17412,7,2432,1788,21.9,1741.2
1,10,4,11,0,0,18314,7,3884,2224,21.9,1831.4,4,10,6,1,0,14430,6.6,-3884,-2224,16.7,1443
0,7,11,6,0,0,16548,6.8,-2133,-256,22.4,1654.8,11,7,6,1,0,18681,7,2133,256,21.5,1868.1
1,9,1,12,1,0,18329,7.6,4973,3174,22.5,1832.9,1,9,0,0,0,13356,6.8,-4973,-3174,19.9,1335.6
1,7,6,8,0,0,16877,6.8,338,-272,21.6,1687.7,6,7,9,1,0,16539,7,-338,272,23,1653.9
0,4,9,5,0,0,14899,6.8,-3099,-1695,23.2,1489.9,9,4,10,1,0,17998,7.2,3099,1695,22.7,1799.8
0,3,5,2,1,0,15630,7.2,-1655,-881,23.6,1563,5,3,6,0,0,17285,7,1655,881,25.7,1728.5
1,9,8,8,1,0,18321,6.8,2788,558,23,1832.1,8,9,5,0,0,15533,6.6,-2788,-558,18.3,1553.3
1,10,9,7,2,0,17793,7.2,508,1164,21.5,1779.3,9,10,10,0,0,17285,7,-508,-1164,19.3,1728.5
0,1,5,2,0,0,14297,6.6,-2955,-3054,23.5,1429.7,5,1,4,1,0,17252,7.2,2955,3054,25.7,1725.2
1,4,11,2,0,0,15602,6.6,-2082,-527,21.6,1560.2,11,4,13,1,0,17684,6.8,2082,527,19.9,1768.4
0,8,4,10,1,0,17938,7,3117,1580,23.9,1793.8,4,8,1,1,0,14821,6.8,-3117,-1580,19.6,1482.1
1,10,5,11,1,0,17556,6.8,2153,799,20.6,1755.6,5,10,7,0,0,15403,6.8,-2153,-799,20.2,1540.3
1,4,5,4,0,0,15232,7,-625,-945,20.9,1523.2,5,4,6,0,0,15857,7.2,625,945,21.5,1585.7
0,4,8,5,1,0,15768,6.8,-1657,-1200,23.3,1576.8,8,4,7,0,0,17425,7,1657,1200,25.3,1742.5
0,3,4,6,0,0,14663,6.4,-893,-670,20.6,1466.3,4,3,4,0,0,15556,6.8,893,670,21.2,1555.6
1,7,4,9,0,0,17180,7,1618,934,21.9,1718,4,7,5,1,0,15562,6.8,-1618,-934,19.5,1556.2
1,7,3,4,1,0,16616,7.2,958,2603,24.6,1661.6,3,7,5,0,0,15658,6.8,-958,-2603,22.9,1565.8
0,2,6,1,1,0,14555,6.6,-2459,-2110,23.2,1455.5,6,2,10,0,0,17014,7.2,2459,2110,24.3,1701.4
0,4,7,5,0,0,15614,7,-816,172,24.1,1561.4,7,4,9,1,0,16430,6.8,816,-172,23.4,1643
1,3,1,3,0,0,16956,7,3560,2311,27,1695.6,1,3,0,0,0,13396,6.6,-3560,-2311,19.8,1339.6
1,7,2,8,0,0,17102,7.2,2763,2232,21.9,1710.2,2,7,1,0,0,14339,6.8,-2763,-2232,22.9,1433.9
0,4,10,4,0,0,14869,6.6,-4659,-3884,18.8,1486.9,10,4,14,2,0,19528,7.4,4659,3884,25.5,1952.8
1,3,5,3,1,0,15295,6.8,98,976,21,1529.5,5,3,6,0,0,15197,6.4,-98,-976,21.3,1519.7
1,5,3,2,0,0,16506,6.8,1922,1355,23.3,1650.6,3,5,4,0,0,14584,6.2,-1922,-1355,21.8,1458.4
1,7,0,9,1,0,18745,7,4783,2851,25.9,1874.5,0,7,0,1,0,13962,6.4,-4783,-2851,21.7,1396.2
1,14,7,13,1,0,18802,6.8,2393,675,21.3,1880.2,7,14,6,1,0,16409,6.8,-2393,-675,20.6,1640.9
1,9,8,11,1,0,18677,7,1334,-236,22,1867.7,8,9,10,1,0,17343,6.8,-1334,236,20.6,1734.3
1,14,9,6,1,0,16398,7.4,3193,1212,21,1639.8,9,14,9,0,0,17716,7,-3193,-1212,18.3,1771.6
1,8,7,8,0,0,17012,6.8,-992,-490,20.4,1701.2,7,8,8,1,0,18004,6.8,992,490,24,1800.4
0,7,4,7,0,0,16559,7,715,545,20.5,1655.9,4,7,4,1,0,15844,6.8,-715,-545,23.5,1584.4
1,12,10,13,0,0,19884,7.4,1136,2782,22.6,1988.4,10,12,12,0,0,18748,6.8,-1136,-2782,21.1,1874.8
0,5,8,8,0,0,14642,6.4,-3133,-3803,18.9,1464.2,8,5,8,0,0,17775,7.4,3133,3803,21.3,1777.5
0,2,4,3,1,0,14120,6.4,-1443,-36,21.7,1412,4,2,5,1,0,15563,6.8,1443,36,21.4,1556.3
0,6,14,4,0,0,15484,7,-5634,-3787,18.8,1548.4,14,6,9,1,0,16378,7.8,5634,3787,24.3,1637.8
0,3,1,3,0,0,15392,7,1232,114,23.2,1539.2,1,3,2,1,0,14160,6.8,-1232,-114,22.3,1416
0,5,8,4,0,0,16568,7,-1163,-1130,23.9,1656.8,8,5,11,1,0,17731,7.4,1163,1130,22.3,1773.1
1,9,11,12,0,0,17140,6.6,-791,-961,16.7,1714,11,9,11,0,0,17931,7,791,961,21.4,1793.1
0,7,9,8,1,0,16695,7.2,-771,483,18.9,1669.5,9,7,6,0,0,17466,7,771,-483,24.4,1746.6
0,12,10,13,0,0,17513,6.8,-773,-734,19.3,1751.3,10,12,11,1,0,18286,6.8,773,734,20.8,1828.6
0,8,9,7,2,0,17299,7,-1143,-1447,21.8,1729.9,9,8,6,0,0,18442,7.2,1143,1447,23.3,1844.2
1,4,5,3,0,0,16581,7,1103,1356,25.4,1658.1,5,4,3,0,0,15478,6.8,-1103,-1356,20.5,1547.8
1,4,3,4,0,0,17137,7.4,1482,41,26.1,1713.7,3,4,2,2,0,15655,7.4,-1482,-41,23,1565.5
0,6,5,6,0,0,16262,7.2,591,192,20.7,1626.2,5,6,5,1,0,15671,7,-591,-192,21.7,1567.1
0,4,14,2,0,0,15719,6.8,-3558,-2346,21.1,1571.9,14,4,9,2,0,19277,7.4,3558,2346,21.2,1927.7
0,5,3,5,1,0,15824,7.2,225,1404,22.1,1582.4,3,5,6,1,0,15599,6.8,-225,-1404,24.8,1559.9
1,8,2,5,1,0,17235,7.4,3613,3509,22.7,1723.5,2,8,1,0,0,13622,6.4,-3613,-3509,18.2,1362.2
0,7,4,12,1,0,17199,7,1545,1417,22.9,1719.9,4,7,5,0,0,15654,7.2,-1545,-1417,22.6,1565.4
0,3,3,4,0,0,15716,7,-411,-2213,24.1,1571.6,3,3,1,1,0,16127,7.2,411,2213,24.6,1612.7
1,9,6,9,1,0,17835,7.4,2177,1584,24.6,1783.5,6,9,4,0,0,15658,6.8,-2177,-1584,21.3,1565.8
0,1,12,0,0,0,16398,7,14,-28,21.8,1639.8,12,1,14,0,0,16378,7.4,-14,28,24.1,1637.8
1,10,6,13,1,0,18436,6.8,2312,1079,25,1843.6,6,10,8,0,0,16124,6.8,-2312,-1079,18.1,1612.4
0,3,4,4,1,0,14017,6.2,-2309,-2673,18.5,1401.7,4,3,5,0,0,16326,7.2,2309,2673,21.4,1632.6
0,7,9,9,0,0,15888,6.6,-1696,-2535,19.5,1588.8,9,7,7,0,0,17584,7.2,1696,2535,18.6,1758.4
1,8,8,11,1,0,17185,6.8,-246,-870,19.3,1718.5,8,8,8,0,0,17431,6.8,246,870,20.8,1743.1
0,5,3,2,1,0,15358,6.6,543,-624,22.3,1535.8,3,5,3,1,0,14815,7,-543,624,19.9,1481.5
1,6,5,9,0,0,15448,6.8,58,203,18,1544.8,5,6,6,1,0,15390,6.6,-58,-203,20.1,1539
1,9,3,9,1,0,17913,7,2185,1440,24.9,1791.3,3,9,5,0,0,15728,6.6,-2185,-1440,23.1,1572.8
1,6,4,9,1,0,16231,6.8,124,-2259,22.2,1623.1,4,6,2,0,0,16107,7.4,-124,2259,23.9,1610.7
0,3,10,4,1,0,14878,6.4,-4657,-4000,21.3,1487.8,10,3,11,0,0,19535,7.6,4657,4000,24.4,1953.5
0,3,3,1,1,0,15229,7,511,-29,24.2,1522.9,3,3,0,1,0,14718,7,-511,29,20.9,1471.8
1,12,5,6,0,0,19933,7.2,4171,3497,24.8,1993.3,5,12,7,1,0,15762,6.4,-4171,-3497,20.2,1576.2
0,3,10,1,0,0,14637,6.6,-3368,-2587,21,1463.7,10,3,10,1,0,18005,7.4,3368,2587,23.6,1800.5
1,5,10,3,0,0,16637,6.8,-2368,618,21.9,1663.7,10,5,14,1,0,19005,7,2368,-618,22.4,1900.5
1,8,7,7,1,0,16840,7.2,-144,-157,19.3,1684,7,8,7,0,0,16984,7.2,144,157,21.8,1698.4
0,4,6,1,1,0,14358,6.8,-2128,264,19,1435.8,6,4,5,0,0,16486,7,2128,-264,22.7,1648.6
0,4,10,5,1,0,15403,6.6,-2613,-1974,24.2,1540.3,10,4,15,1,0,18016,7,2613,1974,23,1801.6
0,6,9,8,0,0,16328,6.8,-1325,-959,22.1,1632.8,9,6,8,1,0,17653,7.2,1325,959,23.4,1765.3
1,8,6,6,1,0,16166,6.8,-209,-353,18.8,1616.6,6,8,9,0,0,16375,7,209,353,21.5,1637.5
0,1,9,0,0,0,13458,6.6,-4232,-2456,22.1,1345.8,9,1,8,0,0,17690,7.2,4232,2456,22.5,1769
1,4,6,4,1,0,15613,7,-716,637,22.9,1561.3,6,4,3,0,0,16329,6.8,716,-637,21.3,1632.9
0,6,4,5,0,0,16819,7,1621,128,24.4,1681.9,4,6,2,1,0,15198,6.8,-1621,-128,21.9,1519.8
0,3,5,4,0,0,14815,6.4,-2541,-1921,22.1,1481.5,5,3,3,2,0,17356,7,2541,1921,23.7,1735.6
0,6,10,7,0,0,16186,6.6,-2072,-1355,20.7,1618.6,10,6,10,2,0,18258,7,2072,1355,21.1,1825.8
0,4,4,7,0,0,16538,6.8,239,-305,25.3,1653.8,4,4,6,2,0,16299,7.2,-239,305,24.3,1629.9
0,4,8,6,0,0,14291,6.8,-3378,-2082,17.8,1429.1,8,4,10,1,0,17669,7.2,3378,2082,23.3,1766.9
0,4,6,7,0,0,15399,7,-1589,-575,21.7,1539.9,6,4,11,1,0,16988,7,1589,575,21,1698.8
0,2,10,1,1,0,13726,6.2,-4474,-28,18.4,1372.6,10,2,8,1,0,18200,7.6,4474,28,23.6,1820
1,9,10,9,0,0,17776,6.8,90,-540,21.1,1777.6,10,9,10,0,0,17686,6.8,-90,540,20.3,1768.6
1,12,10,10,1,0,18913,7.2,1051,12,18.3,1891.3,10,12,7,0,0,17862,7.2,-1051,-12,20.9,1786.2
1,11,3,12,1,0,17317,7,2022,970,22.6,1731.7,3,11,2,0,0,15295,6.8,-2022,-970,24.2,1529.5
0,8,6,7,0,0,17809,7,2278,2211,23.8,1780.9,6,8,8,0,0,15531,6.4,-2278,-2211,18.9,1553.1
1,7,1,6,1,0,16474,7,2402,2440,22.5,1647.4,1,7,1,0,0,14072,6.4,-2402,-2440,20.6,1407.2
1,10,11,7,0,0,16915,7,-1716,-1094,21.4,1691.5,11,10,11,2,0,18631,7.6,1716,1094,23.8,1863.1
0,3,3,2,1,0,14964,7,-973,-1732,23.5,1496.4,3,3,1,0,0,15937,7.2,973,1732,25.1,1593.7
1,13,7,11,0,0,19253,7.2,3044,1261,21.2,1925.3,7,13,5,1,0,16209,7.2,-3044,-1261,21.2,1620.9
0,2,9,3,0,0,14797,6.8,-4265,-3190,21.3,1479.7,9,2,7,2,0,19062,7.2,4265,3190,24.4,1906.2
1,9,8,8,0,0,17642,7.2,1794,2548,22.7,1764.2,8,9,3,0,0,15848,6.4,-1794,-2548,17.9,1584.8
0,3,8,4,0,0,14462,6.4,-2247,-1501,21,1446.2,8,3,7,1,0,16709,6.8,2247,1501,21.3,1670.9
1,10,10,3,0,0,16993,7.2,-1019,699,19.5,1699.3,10,10,10,0,0,18012,7.2,1019,-699,20.2,1801.2
0,3,9,0,0,0,14149,6.6,-3960,-2533,18.9,1414.9,9,3,9,0,0,18109,7.2,3960,2533,22,1810.9
1,10,5,8,1,0,18633,6.8,4235,3554,23.1,1863.3,5,10,4,0,0,14398,6.2,-4235,-3554,16.4,1439.8
1,8,8,5,1,0,17421,7.4,-108,1254,24.4,1742.1,8,8,9,0,0,17529,7,108,-1254,21.2,1752.9
0,1,4,0,1,0,14112,6.8,-1309,351,20.2,1411.2,4,1,7,1,0,15421,6.6,1309,-351,20.5,1542.1
0,10,4,10,0,0,19095,7.2,2999,2184,21.9,1909.5,4,10,2,0,0,16096,6.6,-2999,-2184,20.4,1609.6
1,8,5,7,1,0,16770,7.4,402,1641,21.2,1677,5,8,6,0,0,16368,6.8,-402,-1641,22.2,1636.8
0,8,7,9,0,0,17430,6.8,421,-755,21,1743,7,8,7,1,0,17009,7,-421,755,21.6,1700.9
0,5,6,9,1,0,15011,6.4,-1071,-1810,17.3,1501.1,6,5,3,0,0,16082,6.6,1071,1810,22.6,1608.2
0,0,11,0,1,0,13475,6.2,-5840,-2412,20.6,1347.5,11,0,16,1,0,19315,7,5840,2412,26.2,1931.5
0,2,3,1,0,0,13581,7,-1885,-366,20.1,1358.1,3,2,5,1,0,15466,7.2,1885,366,24.6,1546.6
1,10,7,11,2,0,16743,6.6,52,221,18.9,1674.3,7,10,5,0,0,16691,6.8,-52,-221,20.8,1669.1
1,5,6,5,1,0,16331,7,-377,-1234,23.1,1633.1,6,5,7,0,0,16708,7.2,377,1234,22.9,1670.8
0,7,6,10,1,0,15948,6.6,-361,-1022,18.5,1594.8,6,7,7,0,0,16309,6.8,361,1022,19.6,1630.9
1,9,3,6,2,0,19155,7.6,4526,2759,25.1,1915.5,3,9,3,0,0,14629,7,-4526,-2759,19.2,1462.9
1,6,6,7,1,0,17312,6.6,1139,-885,20.9,1731.2,6,6,8,1,0,16173,6.8,-1139,885,20.8,1617.3
1,7,3,8,0,0,16990,6.8,2565,1235,18.7,1699,3,7,2,0,0,14425,6.4,-2565,-1235,21.2,1442.5
1,12,7,14,1,0,17785,7,376,-470,18.3,1778.5,7,12,7,0,0,17409,6.8,-376,470,20.7,1740.9
0,4,8,0,0,0,15704,6.6,-322,-716,21,1570.4,8,4,14,0,0,16026,7,322,716,17.9,1602.6
1,4,4,4,1,0,17055,7.2,1400,488,22.8,1705.5,4,4,3,0,0,15655,7.2,-1400,-488,23.5,1565.5
0,10,6,11,1,0,17538,7,34,145,21.9,1753.8,6,10,6,0,0,17504,7.2,-34,-145,22.5,1750.4
1,4,5,7,0,0,15340,6.6,-885,-1554,21.3,1534,5,4,5,2,0,16225,7.2,885,1554,24,1622.5
0,6,10,4,0,0,15679,6.4,-3209,-2726,18.8,1567.9,10,6,8,0,0,18888,7.2,3209,2726,23.3,1888.8
1,7,7,9,0,0,16391,7,129,230,20.9,1639.1,7,7,5,1,0,16262,6.6,-129,-230,19.9,1626.2
1,12,8,15,1,0,19362,7.2,870,130,22.1,1936.2,8,12,8,1,0,18492,7,-870,-130,21.6,1849.2
0,1,4,1,0,0,14049,6.6,-2798,-3625,19.4,1404.9,4,1,5,2,0,16847,7.4,2798,3625,24.8,1684.7
1,12,9,9,1,0,17905,7.2,482,466,19.5,1790.5,9,12,10,0,0,17423,7,-482,-466,15.9,1742.3
1,7,4,6,1,0,17329,7.4,1257,1123,23.9,1732.9,4,7,3,0,0,16072,7.2,-1257,-1123,24.2,1607.2
0,7,10,11,0,0,16699,7,-967,-263,19.5,1669.9,10,7,8,0,0,17666,7.2,967,263,20.8,1766.6
0,7,10,7,1,0,16859,7,-2416,-2252,19.8,1685.9,10,7,12,1,0,19275,7.4,2416,2252,22.1,1927.5
0,4,6,7,0,0,14800,7,-1808,-259,20.7,1480,6,4,9,1,0,16608,7.2,1808,259,23.1,1660.8
1,5,4,5,0,0,15452,6.6,926,-849,19.5,1545.2,4,5,4,1,0,14526,6.8,-926,849,18.6,1452.6
0,7,3,6,1,0,16981,7.2,1621,1793,23.2,1698.1,3,7,4,0,0,15360,6.8,-1621,-1793,23.6,1536
1,5,1,5,0,0,15735,7,1558,1567,21.9,1573.5,1,5,1,1,0,14177,6.6,-1558,-1567,20.2,1417.7
1,3,4,3,1,0,15458,7.2,98,984,21.9,1545.8,4,3,2,0,0,15360,7,-98,-984,24,1536
0,9,5,10,0,0,16515,6.6,1547,1218,19.8,1651.5,5,9,4,1,0,14968,6.4,-1547,-1218,19.3,1496.8
0,5,11,4,0,0,16275,6.8,-2001,-2536,22.1,1627.5,11,5,13,1,0,18276,7.2,2001,2536,19.3,1827.6
1,5,7,6,0,0,16150,6.8,-1166,-988,20.7,1615,7,5,12,1,0,17316,7,1166,988,21.8,1731.6
1,9,9,6,2,0,17913,6.8,785,1373,21.7,1791.3,9,9,15,0,0,17128,6.8,-785,-1373,19.1,1712.8
0,3,7,3,0,0,15623,7,-1160,-592,22.4,1562.3,7,3,13,1,0,16783,7.2,1160,592,19.4,1678.3
1,6,2,9,1,0,16405,7.2,1410,1243,23.3,1640.5,2,6,3,0,0,14995,6.6,-1410,-1243,23.5,1499.5
1,6,5,3,1,0,16912,7,750,1293,25.3,1691.2,5,6,3,0,0,16162,7,-750,-1293,23.3,1616.2
1,5,2,5,1,0,17092,7.2,2788,1325,24.2,1709.2,2,5,2,0,0,14304,6.8,-2788,-1325,21.5,1430.4
1,6,5,5,1,0,17056,7.2,739,711,23.4,1705.6,5,6,6,0,0,16317,6.8,-739,-711,23.1,1631.7
1,4,5,2,0,0,15039,6.8,-960,-1743,22.1,1503.9,5,4,2,1,0,15999,7,960,1743,23.2,1599.9
1,10,5,8,0,0,17465,6.8,1428,463,21.8,1746.5,5,10,9,1,0,16037,6.8,-1428,-463,22.2,1603.7
1,10,7,16,2,0,18989,7.2,2545,1695,20.1,1898.9,7,10,11,0,0,16444,7,-2545,-1695,21.2,1644.4
0,4,7,4,0,0,14663,6.6,-2405,-2654,24.2,1466.3,7,4,5,1,0,17068,7.2,2405,2654,23.5,1706.8
1,3,6,4,1,0,15208,6.8,-1318,406,22.4,1520.8,6,3,12,1,0,16526,7,1318,-406,21.1,1652.6
0,9,9,11,1,0,18036,6.8,-1501,-3119,21.3,1803.6,9,9,10,1,0,19537,7.6,1501,3119,22.1,1953.7
0,8,8,10,2,0,17875,7.2,984,1142,20.5,1787.5,8,8,8,0,0,16891,7,-984,-1142,22.7,1689.1
0,5,10,4,0,0,15985,6.8,-974,-1978,22.3,1598.5,10,5,11,1,0,16959,7.2,974,1978,18.8,1695.9
0,6,7,10,1,0,17035,6.6,1385,-827,18.7,1703.5,7,6,6,1,0,15650,6.6,-1385,827,17.9,1565
1,7,3,8,0,0,17602,6.8,2956,2140,25.4,1760.2,3,7,4,0,0,14646,6.4,-2956,-2140,20.5,1464.6
0,5,8,10,0,0,15979,6.8,-583,360,19.5,1597.9,8,5,9,1,0,16562,6.6,583,-360,20,1656.2
0,9,5,9,0,0,18287,7.2,2845,2164,24.2,1828.7,5,9,6,0,0,15442,6.6,-2845,-2164,23.3,1544.2
0,5,12,8,0,0,14888,6.4,-5010,-4509,21.8,1488.8,12,5,10,1,0,19898,7.6,5010,4509,21.8,1989.8
1,3,5,3,1,0,16040,7,-877,-813,24.8,1604,5,3,6,0,0,16917,7.2,877,813,26.4,1691.7
1,4,0,6,1,0,15388,6.8,365,-719,22,1538.8,0,4,0,0,0,15023,6.8,-365,719,25.2,1502.3
0,7,6,7,0,0,16726,7,278,-343,21.7,1672.6,6,7,5,1,0,16448,7,-278,343,20.6,1644.8
1,6,7,6,1,0,17242,7,1291,2116,23,1724.2,7,6,8,0,0,15951,6.6,-1291,-2116,17.1,1595.1
1,7,5,11,1,0,17650,7,2518,2382,24.3,1765,5,7,8,0,0,15132,6.6,-2518,-2382,19.6,1513.2
0,10,6,8,0,0,17335,7.4,364,1705,20.8,1733.5,6,10,6,0,0,16971,7,-364,-1705,21.8,1697.1
0,7,8,7,1,0,16938,7,206,-460,22.2,1693.8,8,7,6,0,0,16732,7,-206,460,21.5,1673.2
0,3,10,2,0,0,13655,6.4,-5221,-4220,17.9,1365.5,10,3,12,1,0,18876,7.6,5221,4220,23.9,1887.6
1,6,7,4,1,0,16823,7,151,806,21.3,1682.3,7,6,8,1,0,16672,6.8,-151,-806,22.6,1667.2
1,4,3,2,1,0,15834,7,782,1642,25.8,1583.4,3,4,3,0,0,15052,6.6,-782,-1642,23.8,1505.2
0,2,8,2,1,0,14970,6.8,-2366,-340,23.5,1497,8,2,14,0,0,17336,6.8,2366,340,22.6,1733.6
0,6,6,10,1,0,17173,7.2,386,-200,23.2,1717.3,6,6,8,0,0,16787,7.2,-386,200,20.2,1678.7
0,1,6,1,0,0,13409,6.6,-3559,-3320,20.3,1340.9,6,1,4,2,0,16968,7,3559,3320,23.6,1696.8
1,8,8,8,1,0,17022,7,-900,1475,23.7,1702.2,8,8,12,1,0,17922,7,900,-1475,20.3,1792.2
0,4,3,5,1,0,15804,7.2,606,820,22.8,1580.4,3,4,5,1,0,15198,6.8,-606,-820,21,1519.8
0,8,3,9,1,0,17073,6.8,2939,993,19.5,1707.3,3,8,3,0,0,14134,6.6,-2939,-993,19.7,1413.4
1,7,6,7,1,0,16553,7.2,1216,2889,20.5,1655.3,6,7,7,0,0,15337,6.6,-1216,-2889,17.3,1533.7
0,9,3,10,1,0,17679,7.4,2488,2453,23.7,1767.9,3,9,5,0,0,15191,7,-2488,-2453,22.2,1519.1
0,4,13,7,1,0,14007,6.2,-6259,-28,19.7,1400.7,13,4,14,0,0,20266,7.2,6259,28,24.7,2026.6
0,2,9,3,1,0,13986,6.4,-3246,-1980,18.9,1398.6,9,2,10,0,0,17232,7,3246,1980,20.9,1723.2
0,7,5,8,0,0,16481,7,572,-233,19,1648.1,5,7,7,1,0,15909,7,-572,233,22.4,1590.9
1,10,5,12,1,0,17834,7.2,1260,1141,20.8,1783.4,5,10,4,0,0,16574,7,-1260,-1141,22.6,1657.4
1,8,7,8,1,0,17200,6.6,528,-805,22.6,1720,7,8,7,0,0,16672,7.2,-528,805,19.9,1667.2
1,9,9,13,2,0,17125,6.8,-206,-363,19.1,1712.5,9,9,7,0,0,17331,6.6,206,363,20.4,1733.1
1,7,7,9,1,0,16937,7,375,-566,21.4,1693.7,7,7,7,0,0,16562,7,-375,566,19.4,1656.2
1,4,4,4,2,0,15802,7,306,-936,23.7,1580.2,4,4,5,0,0,15496,7,-306,936,20.9,1549.6
1,12,2,6,0,0,19336,7.4,4680,2780,22.1,1933.6,2,12,2,0,0,14656,6.8,-4680,-2780,21.4,1465.6
1,8,3,11,1,0,18524,7,2702,1047,24.1,1852.4,3,8,5,0,0,15822,6.8,-2702,-1047,22.8,1582.2
0,4,7,5,0,0,15346,6.6,-1938,-1173,21.2,1534.6,7,4,7,1,0,17284,7,1938,1173,22.5,1728.4
1,8,6,10,1,0,16912,6.8,1051,797,20.5,1691.2,6,8,8,0,0,15861,6.6,-1051,-797,21.2,1586.1
1,2,4,2,0,0,14843,7,-620,-147,23.6,1484.3,4,2,5,0,0,15463,7,620,147,23.6,1546.3
0,7,5,10,0,0,17037,7,987,-377,23.7,1703.7,5,7,5,2,0,16050,7,-987,377,21.9,1605
1,9,11,4,0,0,17525,7,-437,-1284,20.2,1752.5,11,9,12,1,0,17962,6.8,437,1284,19,1796.2
0,1,5,1,1,0,14102,6.8,-2031,-2540,21.1,1410.2,5,1,6,0,0,16133,7,2031,2540,22.1,1613.3
0,6,10,7,0,0,15530,7,-1932,-930,22.2,1553,10,6,6,1,0,17462,7.4,1932,930,23.2,1746.2
0,4,8,5,0,0,15168,6.8,-2626,-1992,20.1,1516.8,8,4,7,0,0,17794,7.2,2626,1992,25.4,1779.4
1,3,5,1,1,0,14900,6.8,-2631,-1358,21.1,1490,5,3,11,0,0,17531,7.4,2631,1358,22.1,1753.1
1,8,5,5,2,0,17639,7.2,1899,2690,22.8,1763.9,5,8,9,0,0,15740,6.8,-1899,-2690,20.8,1574
1,3,7,3,1,0,14958,6.6,-2607,-2125,23.9,1495.8,7,3,8,0,0,17565,7,2607,2125,25.3,1756.5
0,2,2,1,1,0,14569,6.6,-676,-864,22.7,1456.9,2,2,3,0,0,15245,6.8,676,864,23.6,1524.5
0,7,3,5,2,0,16820,7.2,1968,1923,22.2,1682,3,7,4,0,0,14852,6.8,-1968,-1923,20.5,1485.2
0,4,11,0,0,0,14891,6.8,-4035,-2639,21.8,1489.1,11,4,11,1,0,18926,7.4,4035,2639,24.6,1892.6
0,5,9,7,0,0,15089,6.4,-2349,-2678,18.2,1508.9,9,5,7,1,0,17438,7,2349,2678,20.1,1743.8
0,1,6,1,0,0,13427,6.8,-3175,-1845,21.1,1342.7,6,1,5,1,0,16602,7,3175,1845,21.7,1660.2
1,8,3,6,2,0,17848,7.4,2450,2233,25.3,1784.8,3,8,3,0,0,15398,7,-2450,-2233,22.7,1539.8
1,12,6,16,2,0,18021,7.2,1373,1766,20.2,1802.1,6,12,10,0,0,16648,6.4,-1373,-1766,20,1664.8
1,4,4,5,2,0,16370,7,1504,2057,25.7,1637,4,4,6,0,0,14866,6.8,-1504,-2057,19.1,1486.6
1,8,6,11,1,0,16091,6.8,-765,-492,20,1609.1,6,8,11,0,0,16856,7,765,492,18.5,1685.6
0,5,10,5,0,0,15129,6.4,-2921,-3196,17.6,1512.9,10,5,12,0,0,18050,7,2921,3196,20.3,1805
1,7,3,9,0,0,16817,6.8,2283,830,22.8,1681.7,3,7,6,1,0,14534,6.8,-2283,-830,20.2,1453.4
1,8,6,7,1,0,18203,6.8,2297,392,24.8,1820.3,6,8,6,1,0,15906,6.8,-2297,-392,19.3,1590.6
1,10,9,10,0,0,17706,6.8,578,144,21.2,1770.6,9,10,6,0,0,17128,7,-578,-144,20.4,1712.8
1,10,4,6,1,0,16668,7,1794,2647,19.2,1666.8,4,10,3,0,0,14874,6.4,-1794,-2647,20.3,1487.4
0,5,6,10,0,0,15862,6.6,-971,-1588,22.9,1586.2,6,5,6,1,0,16833,6.8,971,1588,19.5,1683.3
1,9,7,10,0,0,17479,6.8,1269,-422,20.9,1747.9,7,9,8,1,0,16210,6.8,-1269,422,20.7,1621
0,9,5,6,1,0,16782,7,-34,-122,21.8,1678.2,5,9,3,1,0,16816,7,34,122,23.4,1681.6
0,8,8,7,1,0,17942,7.2,1171,918,21.3,1794.2,8,8,12,0,0,16771,7,-1171,-918,18.9,1677.1
0,10,6,8,0,0,17418,7,-2298,-1255,20.2,1741.8,6,10,10,1,0,19716,7.2,2298,1255,17.1,1971.6
0,8,10,7,0,0,16180,6.6,-2807,-2956,18.5,1618,10,8,6,0,0,18987,7.4,2807,2956,23.6,1898.7
1,2,4,2,0,0,14124,6.4,-1155,-638,22.9,1412.4,4,2,7,0,0,15279,6.6,1155,638,21.5,1527.9
0,8,11,10,0,0,18452,7,-69,-634,24.1,1845.2,11,8,10,2,0,18521,7,69,634,18,1852.1
0,6,4,8,1,0,17142,7.2,576,-1839,22.7,1714.2,4,6,7,1,0,16566,7.4,-576,1839,22.2,1656.6
0,7,10,9,1,0,16143,6.8,-1694,-468,18.1,1614.3,10,7,16,1,0,17837,6.8,1694,468,20,1783.7
0,4,9,4,0,0,15944,7,-2600,-1587,20.1,1594.4,9,4,13,1,0,18544,7.2,2600,1587,25.1,1854.4
0,1,6,0,1,0,14059,6.8,-2160,-88,21.3,1405.9,6,1,10,1,0,16219,6.8,2160,88,20.4,1621.9
1,11,7,14,1,0,19465,7,4013,2137,21.4,1946.5,7,11,8,0,0,15452,6.4,-4013,-2137,18.2,1545.2
0,8,6,14,1,0,17151,7,1338,46,22.7,1715.1,6,8,5,0,0,15813,7,-1338,-46,20.4,1581.3
1,14,3,16,1,0,19483,7.2,5019,3765,22.7,1948.3,3,14,1,0,0,14464,6.4,-5019,-3765,20.3,1446.4
0,8,6,9,0,0,15716,6.4,258,762,19,1571.6,6,8,8,1,0,15458,6.2,-258,-762,18.3,1545.8
0,3,8,3,0,0,15015,6.8,-2327,-2301,21.6,1501.5,8,3,8,1,0,17342,7.2,2327,2301,23,1734.2
0,9,4,7,0,0,16847,7,1843,3584,21.1,1684.7,4,9,4,0,0,15004,6.2,-1843,-3584,19.4,1500.4
0,3,3,3,0,0,14907,6.6,-1021,-2152,20.5,1490.7,3,3,5,1,0,15928,7.2,1021,2152,23.8,1592.8
0,5,6,6,0,0,15768,6.8,-450,-1721,20,1576.8,6,5,5,1,0,16218,7.4,450,1721,22.5,1621.8
0,10,10,10,1,0,16722,6.8,-790,-1172,16.3,1672.2,10,10,8,1,0,17512,7,790,1172,20.7,1751.2
0,3,5,2,1,0,15385,7,-989,-1102,22.7,1538.5,5,3,3,1,0,16374,7.4,989,1102,22.4,1637.4
0,6,8,8,0,0,16102,6.6,-1412,-768,20,1610.2,8,6,9,0,0,17514,6.8,1412,768,22.7,1751.4
1,7,2,6,0,0,16977,7.2,1926,3774,20.9,1697.7,2,7,3,1,0,15051,6.4,-1926,-3774,23.5,1505.1
0,8,8,12,0,0,16033,6.8,-3022,-613,18.8,1603.3,8,8,6,1,0,19055,7.2,3022,613,22.1,1905.5
1,4,6,2,1,0,15272,7,-716,573,20.5,1527.2,6,4,5,0,0,15988,6.8,716,-573,20.7,1598.8
0,10,4,13,0,0,18959,7,3522,1996,22,1895.9,4,10,5,1,0,15437,6.6,-3522,-1996,20.6,1543.7
0,5,4,9,0,0,15633,6.8,148,-543,22.2,1563.3,4,5,4,0,0,15485,7,-148,543,21,1548.5
0,1,7,2,0,0,14490,7,-2987,-2017,22.2,1449,7,1,10,1,0,17477,7.4,2987,2017,23.5,1747.7
1,6,5,9,0,0,17812,7.2,2303,2950,26.3,1781.2,5,6,9,1,0,15509,6.6,-2303,-2950,19.1,1550.9
0,3,3,3,0,0,15603,6.8,288,-339,23.9,1560.3,3,3,2,0,0,15315,7,-288,339,23.2,1531.5
1,4,4,8,1,0,16667,7.2,1692,373,23.9,1666.7,4,4,3,1,0,14975,6.8,-1692,-373,20.9,1497.5
0,5,11,8,0,0,16177,7,-1546,-710,22.4,1617.7,11,5,12,1,0,17723,7.4,1546,710,18.3,1772.3
0,8,10,8,0,0,16780,6.8,-1226,48,20.9,1678,10,8,12,1,0,18006,6.8,1226,-48,22.5,1800.6
0,7,12,9,0,0,15938,6.2,-1985,-3666,19.4,1593.8,12,7,13,1,0,17923,7.2,1985,3666,18.7,1792.3
1,7,10,9,0,0,16154,6.6,-2005,-1736,19.9,1615.4,10,7,10,0,0,18159,6.8,2005,1736,22.9,1815.9
0,4,6,2,2,0,14975,7,-1530,-146,20.1,1497.5,6,4,8,0,0,16505,7.2,1530,146,22,1650.5
0,3,12,2,1,0,14683,6.6,-4600,-3906,21.5,1468.3,12,3,11,0,0,19283,7.4,4600,3906,20.9,1928.3
1,6,4,6,1,0,15836,6.8,75,-123,21.6,1583.6,4,6,1,0,0,15761,6.8,-75,123,25.4,1576.1
1,8,5,7,0,0,16463,6.8,-185,-1442,20.7,1646.3,5,8,3,2,0,16648,7,185,1442,22.8,1664.8
1,4,7,4,1,0,15712,6.8,-418,15,21.3,1571.2,7,4,11,0,0,16130,6.8,418,-15,16.6,1613
1,9,2,9,1,0,17665,7.4,3642,2198,23.2,1766.5,2,9,1,1,0,14023,7,-3642,-2198,19.9,1402.3
1,13,5,6,1,0,19680,7.2,5397,2928,20.4,1968,5,13,5,0,0,14283,6.4,-5397,-2928,17.5,1428.3
1,5,3,3,0,0,16400,7.4,2247,1439,25.5,1640,3,5,1,1,0,14153,7,-2247,-1439,20.2,1415.3
1,3,7,3,1,0,14659,6.2,-944,-2050,19.3,1465.9,7,3,6,0,0,15603,6.8,944,2050,21.3,1560.3
0,9,10,14,0,0,18742,7,46,99,23.2,1874.2,10,9,16,0,0,18696,7,-46,-99,23.6,1869.6
1,6,4,5,0,0,16637,7,1530,2305,24.5,1663.7,4,6,5,1,0,15107,6.6,-1530,-2305,21.6,1510.7
1,9,2,5,1,0,18079,7.2,3854,2379,27.2,1807.9,2,9,1,0,0,14225,6.8,-3854,-2379,23,1422.5
1,5,7,6,1,0,16407,6.8,-450,127,21.7,1640.7,7,5,7,1,0,16857,7,450,-127,22.3,1685.7
0,6,8,9,0,0,16145,6.8,-1962,-684,21.5,1614.5,8,6,12,0,0,18107,7,1962,684,22.3,1810.7
1,11,5,14,1,0,19557,6.8,4238,1418,19.3,1955.7,5,11,4,1,0,15319,6.8,-4238,-1418,20.6,1531.9
1,6,3,5,0,0,16495,7.2,1037,922,23.2,1649.5,3,6,2,0,0,15458,6.6,-1037,-922,23.8,1545.8
0,11,9,10,1,0,17480,6.6,-366,-923,20.3,1748,9,11,10,0,0,17846,6.6,366,923,21.7,1784.6
1,2,9,4,0,0,15074,6.8,-1673,-1730,22.5,1507.4,9,2,10,1,0,16747,7,1673,1730,21.5,1674.7
0,4,14,2,0,0,14963,6.2,-6047,-3060,17,1496.3,14,4,6,2,0,16378,7,6047,3060,20.3,1637.8
1,6,8,7,1,0,16058,7,-677,-1382,21.7,1605.8,8,6,6,1,0,16735,7.2,677,1382,21.4,1673.5
0,2,6,1,0,0,14824,7,-2465,-911,21.4,1482.4,6,2,6,1,0,17289,7.2,2465,911,24.3,1728.9
1,7,6,9,1,0,17079,7,-365,855,21.2,1707.9,6,7,10,0,0,17444,6.8,365,-855,23.8,1744.4
1,14,4,11,1,0,20351,7.4,5057,3423,22.5,2035.1,4,14,3,0,0,15294,6.6,-5057,-3423,19.7,1529.4
1,12,5,11,1,0,18732,7.2,2292,1022,22.2,1873.2,5,12,8,0,0,16440,7,-2292,-1022,21.3,1644
1,10,4,12,1,0,19017,7.2,5117,4126,24,1901.7,4,10,4,0,0,13900,6.4,-5117,-4126,19.3,1390
1,6,6,7,0,0,17078,7,-304,-1023,22.4,1707.8,6,6,6,1,0,17382,7,304,1023,24,1738.2
0,2,3,2,0,0,15351,7,390,-828,24.5,1535.1,3,2,1,2,0,14961,7.2,-390,828,23.5,1496.1
0,3,3,2,1,0,15885,7,-257,-883,24.3,1588.5,3,3,6,0,0,16142,7.2,257,883,23.2,1614.2
1,10,4,11,0,0,18851,7.4,3737,1796,25.2,1885.1,4,10,4,0,0,15114,7,-3737,-1796,20.3,1511.4
1,4,3,5,0,0,16425,7,2167,538,22.7,1642.5,3,4,4,1,0,14258,6.8,-2167,-538,20.8,1425.8
0,5,10,4,0,0,15649,7,-2870,-2023,19.9,1564.9,10,5,14,1,0,18519,7.2,2870,2023,22.9,1851.9
1,4,6,3,0,0,14659,6.6,-1962,-2464,19.2,1465.9,6,4,6,0,0,16621,7,1962,2464,24.4,1662.1
0,5,7,7,1,0,15983,7.2,-704,-531,22.9,1598.3,7,5,10,0,0,16687,7.2,704,531,20.5,1668.7
1,4,4,3,1,0,15868,6.8,946,594,22.2,1586.8,4,4,4,1,0,14922,6.8,-946,-594,21.3,1492.2
0,9,8,8,1,0,16732,6.8,-496,-1184,20.8,1673.2,8,9,9,0,0,17228,7,496,1184,18.6,1722.8
0,4,6,5,0,0,14366,7,-5395,-28,17.1,1436.6,6,4,6,2,0,19761,7.4,5395,28,21.7,1976.1
1,6,6,5,0,0,16037,7.2,59,-107,20.7,1603.7,6,6,7,1,0,15978,7,-59,107,22.9,1597.8
1,9,6,9,0,0,17643,6.8,1550,1042,21.8,1764.3,6,9,8,2,0,16093,6.6,-1550,-1042,18.3,1609.3
0,1,6,3,1,0,14261,7,-2160,85,19.8,1426.1,6,1,11,0,0,16421,6.8,2160,-85,20.7,1642.1
0,4,11,3,0,0,15939,6.8,-1874,-1182,25.3,1593.9,11,4,7,1,0,17813,7,1874,1182,22.1,1781.3
0,3,6,3,0,0,15487,7,-1854,-817,23.8,1548.7,6,3,6,2,0,17341,7.2,1854,817,23.2,1734.1
0,8,8,8,1,0,16601,6.2,103,63,19.6,1660.1,8,8,6,0,0,16498,6.4,-103,-63,19.4,1649.8
1,4,3,3,1,0,17048,6.6,2575,997,20.6,1704.8,3,4,4,1,0,14473,6.8,-2575,-997,21.4,1447.3
1,7,5,12,2,0,18328,7,3048,2219,22.3,1832.8,5,7,5,0,0,15280,6.6,-3048,-2219,19.5,1528
0,7,11,7,0,0,17375,6.8,-2049,-1230,22.2,1737.5,11,7,10,2,0,19424,7.4,2049,1230,23.6,1942.4
1,7,4,9,0,0,16556,6.6,2139,850,21.5,1655.6,4,7,4,1,0,14417,6.4,-2139,-850,17.6,1441.7
1,6,2,6,1,0,16398,7.8,14,4916,25.2,1639.8,2,6,0,0,0,13903,6.4,-14,-4916,19.3,1390.3
0,9,7,11,0,0,17382,7.2,1103,1117,22,1738.2,7,9,10,0,0,16279,7.2,-1103,-1117,20.9,1627.9
1,13,3,15,2,0,16398,7.2,14,2553,24.9,1639.8,3,13,1,0,0,14248,6.6,-14,-2553,17.9,1424.8
0,4,9,3,0,0,15469,6.6,-2472,-554,23.4,1546.9,9,4,8,2,0,17941,6.8,2472,554,22.7,1794.1
1,9,6,10,1,0,17951,7.2,1464,179,22.8,1795.1,6,9,7,1,0,16487,6.8,-1464,-179,23.3,1648.7
0,6,6,6,0,0,15205,6.4,-4683,-3444,16.6,1520.5,6,6,15,1,0,19888,7.2,4683,3444,22,1988.8
1,9,0,9,1,0,17835,7.2,4277,3340,23.1,1783.5,0,9,0,1,0,13558,6.2,-4277,-3340,20.7,1355.8
1,7,4,8,0,0,17329,7.4,1870,1791,22.4,1732.9,4,7,3,1,0,15459,6.8,-1870,-1791,24.3,1545.9
1,3,2,3,2,0,14992,6.8,499,-2,21.7,1499.2,2,3,3,0,0,14493,7,-499,2,23,1449.3
1,8,5,7,0,0,17033,7,832,903,23.2,1703.3,5,8,8,2,0,16201,6.8,-832,-903,22.8,1620.1
0,9,5,4,1,0,17535,7.2,1782,2856,23.6,1753.5,5,9,6,1,0,15753,6.8,-1782,-2856,20.7,1575.3
0,9,11,10,0,0,17645,7,-177,-308,20.1,1764.5,11,9,11,1,0,17822,7.4,177,308,20.6,1782.2
0,7,6,6,0,0,16523,7,-2692,-2753,21.9,1652.3,6,7,12,1,0,19215,7.6,2692,2753,17.6,1921.5
0,4,7,4,0,0,14630,6.4,-1976,-2992,18.8,1463,7,4,7,1,0,16606,7.4,1976,2992,23,1660.6
0,9,8,9,1,0,17617,7,-642,311,24.5,1761.7,8,9,11,0,0,18259,6.8,642,-311,23.6,1825.9
0,7,11,10,1,0,18142,6.8,1051,-1411,20.9,1814.2,11,7,8,1,0,17091,7.2,-1051,1411,18.3,1709.1
1,4,2,6,0,0,16068,6.6,932,-534,23.5,1606.8,2,4,2,0,0,15136,7,-932,534,24.1,1513.6
0,5,6,5,1,0,18041,7,1197,-947,22.9,1804.1,6,5,7,1,0,16844,7.4,-1197,947,22.4,1684.4
1,11,4,11,1,0,17583,7.2,2858,2734,22.3,1758.3,4,11,2,0,0,14725,6.4,-2858,-2734,19,1472.5
1,4,4,4,1,0,15381,6.8,202,686,19.8,1538.1,4,4,6,0,0,15179,6.6,-202,-686,21.4,1517.9
0,3,4,4,1,0,15929,7,-688,-1113,23.6,1592.9,4,3,4,0,0,16617,7.2,688,1113,26.9,1661.7
1,13,5,13,1,0,16398,7.6,6289,3996,21.7,1639.8,5,13,6,0,0,14843,6.4,-6289,-3996,17.9,1484.3
0,1,8,1,0,0,14022,6.8,-4075,-3154,22.3,1402.2,8,1,7,2,0,18097,7.2,4075,3154,21.1,1809.7
0,8,3,7,1,0,16786,7,651,2427,25,1678.6,3,8,3,1,0,16135,6.4,-651,-2427,20.1,1613.5
0,6,11,8,0,0,17171,6.8,-1882,-1917,25.4,1717.1,11,6,6,2,0,19053,7.6,1882,1917,21.8,1905.3
1,6,6,6,1,0,16004,7,-695,-683,21.6,1600.4,6,6,6,0,0,16699,7,695,683,24,1669.9
0,4,3,4,1,0,16043,7,711,1614,23.7,1604.3,3,4,5,1,0,15332,6.8,-711,-1614,20.9,1533.2
0,7,7,5,1,0,15720,6.8,-325,-231,18.5,1572,7,7,4,0,0,16045,7,325,231,20,1604.5
0,3,4,2,1,0,14451,6.6,-341,-1582,21.3,1445.1,4,3,3,0,0,14792,7.2,341,1582,23.1,1479.2
1,5,4,2,2,0,15551,6.6,-284,-260,20.9,1555.1,4,5,5,0,0,15835,6.8,284,260,22.8,1583.5
0,5,8,5,0,0,16574,6.8,-37,-382,23.1,1657.4,8,5,10,0,0,16611,7,37,382,20.9,1661.1
0,3,8,3,0,0,14264,6.2,-2234,-2021,20.1,1426.4,8,3,6,1,0,16498,6.8,2234,2021,20.4,1649.8
1,3,4,6,0,0,15223,6.8,-299,-238,21.7,1522.3,4,3,7,1,0,15522,6.8,299,238,20.3,1552.2
0,2,9,2,0,0,14366,6.6,-3046,-1990,22.1,1436.6,9,2,15,1,0,17412,7.2,3046,1990,22.2,1741.2
0,6,8,4,1,0,16860,7.2,-259,357,23.9,1686,8,6,6,0,0,17119,7.2,259,-357,23.8,1711.9
1,9,4,10,1,0,17791,7.2,2095,1876,21.9,1779.1,4,9,8,1,0,15696,7,-2095,-1876,21.4,1569.6
1,8,1,8,1,0,18066,7,4597,3583,24.2,1806.6,1,8,1,1,0,13469,6.4,-4597,-3583,18.9,1346.9
1,11,6,13,0,0,20245,7.6,4151,3492,24,2024.5,6,11,9,0,0,16094,7,-4151,-3492,17.1,1609.4
1,5,5,6,0,0,15413,6.4,-3,-765,21,1541.3,5,5,4,0,0,15416,6.6,3,765,22.1,1541.6
1,5,2,1,0,0,15510,7,1215,1170,20.3,1551,2,5,2,1,0,14295,6.6,-1215,-1170,24.4,1429.5
0,5,11,8,1,0,15838,7,-2279,-2155,23.6,1583.8,11,5,7,0,0,18117,7.4,2279,2155,23.5,1811.7
1,4,3,2,1,0,16029,7.4,771,1255,23.6,1602.9,3,4,3,1,0,15258,7,-771,-1255,20.8,1525.8
0,2,3,2,1,0,14506,7.2,-1288,-685,23,1450.6,3,2,5,0,0,15794,7,1288,685,21.7,1579.4
0,5,7,7,0,0,15293,6.4,-4408,-4522,20.2,1529.3,7,5,2,2,0,19701,7.4,4408,4522,25,1970.1
0,3,10,2,0,0,14796,6.4,-3385,-2980,20.4,1479.6,10,3,10,2,0,18181,7.4,3385,2980,22.3,1818.1
0,1,4,1,2,0,14142,6.8,-1691,-1608,22.9,1414.2,4,1,4,0,0,15833,7,1691,1608,23.4,1583.3
0,5,2,2,0,0,15890,7,995,707,23.2,1589,2,5,4,1,0,14895,6.8,-995,-707,21.9,1489.5
1,8,1,15,1,0,17040,6.8,2402,2023,19.1,1704,1,8,1,0,0,14638,6.6,-2402,-2023,22.8,1463.8
0,6,6,5,1,0,16196,7.2,-25,954,21.4,1619.6,6,6,8,0,0,16221,6.8,25,-954,21.7,1622.1
0,8,5,5,1,0,16373,7,1221,494,18.8,1637.3,5,8,4,0,0,15152,7,-1221,-494,20.9,1515.2
0,10,5,11,0,0,17505,6.8,1841,-591,22.4,1750.5,5,10,2,1,0,15664,6.8,-1841,591,19.7,1566.4
1,11,1,8,2,0,18635,7.2,4368,3523,23,1863.5,1,11,0,0,0,14267,6.6,-4368,-3523,20.8,1426.7
0,6,3,5,2,0,16807,7.2,2052,2845,23.2,1680.7,3,6,1,0,0,14755,6.8,-2052,-2845,21.6,1475.5
0,8,11,12,1,0,16842,6.4,-1725,-2264,21,1684.2,11,8,13,1,0,18567,7,1725,2264,19.2,1856.7
1,8,6,8,0,0,16963,6.8,1479,1002,20.3,1696.3,6,8,10,1,0,15484,6.6,-1479,-1002,17.3,1548.4
0,7,6,11,0,0,16587,6.8,-674,909,21.6,1658.7,6,7,8,0,0,17261,6.6,674,-909,21.9,1726.1
1,8,3,8,1,0,18404,7.4,3993,2165,24.5,1840.4,3,8,6,0,0,14411,7.2,-3993,-2165,18.8,1441.1
0,4,8,5,1,0,15901,7,-2522,-1763,24.5,1590.1,8,4,7,0,0,18423,7.6,2522,1763,25,1842.3
1,9,4,11,1,0,17495,7,1858,1429,23.5,1749.5,4,9,3,1,0,15637,6.8,-1858,-1429,21.5,1563.7
0,4,3,7,1,0,14891,6.6,-996,-1894,21,1489.1,3,4,3,0,0,15887,7,996,1894,26.1,1588.7
1,6,6,3,0,0,16072,7,-346,316,22.9,1607.2,6,6,6,1,0,16418,6.8,346,-316,24.1,1641.8
0,5,7,4,0,0,15460,6.6,-1946,-1148,18.4,1546,7,5,8,0,0,17406,7,1946,1148,25,1740.6
0,8,11,9,0,0,16708,7,-775,-412,19.3,1670.8,11,8,8,0,0,17483,7,775,412,17.8,1748.3
1,12,13,15,1,0,18275,6.6,-1963,-1936,17.3,1827.5,13,12,6,1,0,20238,7.2,1963,1936,21.4,2023.8
0,2,9,2,0,0,13785,6.4,-6199,-4997,19.5,1378.5,9,2,6,1,0,19984,7.6,6199,4997,24.9,1998.4
1,11,13,11,0,0,18596,7.6,520,941,19.8,1859.6,13,11,9,0,0,18076,7.2,-520,-941,20.7,1807.6
1,5,6,8,0,0,15964,6.8,-243,860,20.6,1596.4,6,5,8,2,0,16207,6.6,243,-860,20.5,1620.7
1,8,4,11,0,0,18343,6.8,3314,2262,24.6,1834.3,4,8,4,0,0,15029,6.6,-3314,-2262,20.4,1502.9
1,4,4,0,1,0,17079,7.4,1680,2384,25,1707.9,4,4,3,0,0,15399,6.6,-1680,-2384,20,1539.9
1,13,5,11,2,0,19639,7.2,5025,3609,23.9,1963.9,5,13,8,0,0,14614,6.4,-5025,-3609,21.8,1461.4
1,12,6,6,0,0,16398,7.4,4426,2385,21.6,1639.8,6,12,6,0,0,16134,6.6,-4426,-2385,20.6,1613.4
1,4,7,5,0,0,15013,6.6,-1937,-1459,21,1501.3,7,4,10,1,0,16950,6.8,1937,1459,19.7,1695
0,6,3,5,0,0,15846,6.8,1481,996,20.1,1584.6,3,6,2,0,0,14365,7,-1481,-996,20.8,1436.5
0,3,10,6,0,0,15018,6.4,-3643,-3628,19.2,1501.8,10,3,6,1,0,18661,7,3643,3628,22,1866.1
0,6,10,4,0,0,16123,6.6,-2240,-1945,19.4,1612.3,10,6,13,0,0,18363,6.8,2240,1945,22.3,1836.3
1,8,3,8,1,0,17166,7.4,2027,2259,20.8,1716.6,3,8,1,0,0,15139,6.8,-2027,-2259,21.8,1513.9
1,3,9,3,1,0,15431,6.8,-2844,-2533,23.7,1543.1,9,3,11,0,0,18275,7.2,2844,2533,22.1,1827.5
1,2,2,1,0,0,14814,7,500,1220,23.3,1481.4,2,2,5,1,0,14314,6.8,-500,-1220,21.3,1431.4
0,9,12,9,0,0,17554,7.4,-315,-293,24.3,1755.4,12,9,7,0,0,17869,7.4,315,293,17.9,1786.9
0,4,10,4,0,0,14450,6.4,-4625,-3193,19.1,1445,10,4,11,0,0,19075,7.2,4625,3193,23.6,1907.5
0,6,8,8,0,0,15193,6.4,-2162,-1230,19.9,1519.3,8,6,11,1,0,17355,6.6,2162,1230,20.5,1735.5
1,10,5,6,0,0,19140,7.4,4170,4481,25.7,1914,5,10,3,0,0,14970,6.4,-4170,-4481,17.1,1497
1,6,6,8,1,0,16388,6.8,-473,-1354,23.6,1638.8,6,6,9,0,0,16861,7.4,473,1354,23.5,1686.1
1,11,5,9,2,0,18532,7.6,3248,2592,20.2,1853.2,5,11,6,0,0,15284,6.6,-3248,-2592,16.4,1528.4
0,2,14,3,0,0,14332,6.4,-5624,-4155,21.9,1433.2,14,2,6,1,0,19956,7.4,5624,4155,22.6,1995.6
0,2,6,5,1,0,14697,6.8,-1769,-587,23,1469.7,6,2,6,0,0,16466,7,1769,587,25.4,1646.6
0,6,8,9,1,0,15731,6.8,-2238,-1138,23.6,1573.1,8,6,8,0,0,17969,7.2,2238,1138,23.5,1796.9
0,1,10,0,0,0,13881,6.6,-3756,-1406,21.5,1388.1,10,1,10,1,0,17637,7.2,3756,1406,18.4,1763.7
0,7,8,7,0,0,15857,6.6,-2314,-1903,17.7,1585.7,8,7,8,2,0,18171,6.8,2314,1903,20.3,1817.1
1,4,6,4,0,0,16131,7,-207,-1282,24.2,1613.1,6,4,3,1,0,16338,7.2,207,1282,22.3,1633.8
1,11,8,12,1,0,19349,7.2,2445,1807,21.9,1934.9,8,11,10,0,0,16904,6.8,-2445,-1807,19.4,1690.4
1,6,4,11,0,0,16731,7,2073,2090,23.9,1673.1,4,6,4,0,0,14658,6.4,-2073,-2090,20.3,1465.8
1,8,4,10,0,0,18363,7.6,2012,2314,25,1836.3,4,8,4,2,0,16351,7,-2012,-2314,22.1,1635.1
0,5,7,4,0,0,15132,6.6,-1740,-916,19.6,1513.2,7,5,8,1,0,16872,6.8,1740,916,23,1687.2
1,8,5,7,1,0,17393,7.2,1959,2441,21.9,1739.3,5,8,7,0,0,15434,6.6,-1959,-2441,21.2,1543.4
0,3,1,4,0,0,15615,6.8,1471,187,23.7,1561.5,1,3,1,0,0,14144,6.8,-1471,-187,18.7,1414.4
0,4,12,6,0,0,15358,6.6,-3859,-2011,21.3,1535.8,12,4,10,1,0,19217,6.8,3859,2011,21.6,1921.7
0,1,5,1,0,0,13936,6.6,-2566,-1797,23.5,1393.6,5,1,5,1,0,16502,7,2566,1797,26.4,1650.2
1,10,10,7,0,0,17047,7.2,-1518,-1106,20.2,1704.7,10,10,5,1,0,18565,7.4,1518,1106,25.6,1856.5
1,6,3,5,1,0,16350,7.2,1387,702,23.3,1635,3,6,3,0,0,14963,6.8,-1387,-702,21.7,1496.3
1,6,6,5,1,0,16444,7,370,726,20.7,1644.4,6,6,3,0,0,16074,6.8,-370,-726,22.6,1607.4
1,6,4,6,1,0,16398,7.2,14,3993,20.2,1639.8,4,6,2,1,0,14098,6.4,-14,-3993,17.7,1409.8
0,9,9,8,0,0,16526,6.6,-609,-1011,19.4,1652.6,9,9,10,0,0,17135,7,609,1011,22.8,1713.5
0,2,3,2,0,0,14698,6.8,-501,-1154,20.8,1469.8,3,2,2,1,0,15199,7.2,501,1154,22.7,1519.9
1,4,5,5,0,0,15329,6.8,-486,180,21,1532.9,5,4,9,1,0,15815,6.8,486,-180,21.8,1581.5
0,3,6,0,1,0,14746,6.8,-1108,-370,20.6,1474.6,6,3,6,0,0,15854,7,1108,370,21,1585.4
0,4,4,5,0,0,15831,7.2,-152,16,24.7,1583.1,4,4,6,0,0,15983,7,152,-16,24.3,1598.3
1,8,8,8,0,0,18575,7.2,1501,274,22.8,1857.5,8,8,7,0,0,17074,7.2,-1501,-274,21.9,1707.4
1,6,2,9,0,0,16803,7.4,1829,1496,24.2,1680.3,2,6,2,1,0,14974,7,-1829,-1496,23.9,1497.4
0,5,7,4,1,0,16666,7.2,-790,-741,23.6,1666.6,7,5,7,0,0,17456,7.2,790,741,23,1745.6
1,10,9,10,1,0,18616,7.4,1885,1082,21.3,1861.6,9,10,9,0,0,16731,7,-1885,-1082,18.9,1673.1
1,2,5,2,0,0,14939,6.4,-1348,-2082,21.8,1493.9,5,2,4,1,0,16287,7.4,1348,2082,25,1628.7
1,8,6,8,0,0,16828,6.8,-47,-888,22.7,1682.8,6,8,10,1,0,16875,7,47,888,24,1687.5
0,4,7,5,0,0,15398,6.8,-1091,-617,21.3,1539.8,7,4,5,2,0,16489,6.8,1091,617,22.2,1648.9
1,2,6,1,1,0,14087,6.4,-1808,-1818,21.7,1408.7,6,2,7,0,0,15895,7.2,1808,1818,18.3,1589.5
1,6,4,8,1,0,17081,7.2,2061,924,22.6,1708.1,4,6,3,0,0,15020,6.8,-2061,-924,21.8,1502
0,4,7,4,0,0,16216,7,-872,-432,23.3,1621.6,7,4,8,1,0,17088,7,872,432,21.3,1708.8
1,9,11,16,0,0,17174,6.8,-1682,-2102,18.6,1717.4,11,9,15,1,0,18856,7.2,1682,2102,22.1,1885.6
0,8,8,7,0,0,17161,6.8,-262,-1246,22.7,1716.1,8,8,10,1,0,17423,7,262,1246,20.2,1742.3
1,12,4,13,0,0,18119,7,4108,2927,19.8,1811.9,4,12,1,1,0,14011,6.4,-4108,-2927,17.9,1401.1
0,5,11,4,0,0,15332,6.6,-2398,-2326,18.7,1533.2,11,5,8,1,0,17730,7.2,2398,2326,20.2,1773
0,5,4,10,0,0,16386,7.2,-167,309,21.8,1638.6,4,5,3,1,0,16553,7,167,-309,23,1655.3
1,9,4,8,2,0,18591,7.4,3105,2085,26,1859.1,4,9,5,0,0,15486,6.8,-3105,-2085,20.8,1548.6
0,6,8,8,1,0,16138,6.8,-1208,-1365,17.8,1613.8,8,6,7,1,0,17346,7.2,1208,1365,21.5,1734.6
1,7,2,3,1,0,18662,7.4,4088,2662,25.5,1866.2,2,7,2,0,0,14574,6.6,-4088,-2662,20.9,1457.4
1,7,2,9,0,0,16454,7,2042,1127,20.7,1645.4,2,7,1,0,0,14412,6.8,-2042,-1127,19.5,1441.2
0,8,6,9,1,0,15797,6.2,-4801,-28,16.8,1579.7,6,8,14,0,0,16378,7.4,4801,28,21.9,1637.8
1,6,5,7,1,0,16028,6.8,192,-1312,22,1602.8,5,6,3,0,0,15836,7.2,-192,1312,21.1,1583.6
1,6,4,8,1,0,15142,6.2,-566,-3406,17.8,1514.2,4,6,2,0,0,15708,7,566,3406,24.6,1570.8
1,7,4,8,2,0,16849,6.6,1651,402,20.5,1684.9,4,7,7,0,0,15198,6.6,-1651,-402,20.7,1519.8
0,6,7,13,1,0,20066,7.2,4646,3861,20.9,2006.6,7,6,7,0,0,15420,7,-4646,-3861,19.3,1542
0,2,3,0,0,0,14312,6.8,-980,-684,21.6,1431.2,3,2,0,0,0,15292,7,980,684,23.6,1529.2
1,5,1,7,0,0,16786,7.4,2264,1130,26,1678.6,1,5,1,2,0,14522,6.8,-2264,-1130,24.7,1452.2
0,2,5,1,1,0,14299,6.8,-1673,-787,21.1,1429.9,5,2,8,0,0,15972,7,1673,787,22.8,1597.2
0,8,6,14,0,0,15724,6.2,-866,-2133,20.3,1572.4,6,8,5,1,0,16590,7,866,2133,19.8,1659
1,2,5,1,0,0,14828,7.2,-1402,-90,23.4,1482.8,5,2,10,1,0,16230,7.2,1402,90,23,1623
1,8,6,8,2,0,16294,6.6,-445,-293,18.6,1629.4,6,8,6,0,0,16739,6.8,445,293,19.3,1673.9
1,4,5,4,0,0,15761,7,-802,-1243,23,1576.1,5,4,5,0,0,16563,7.4,802,1243,24.7,1656.3
0,4,3,7,0,0,14565,6.4,179,-417,19.2,1456.5,3,4,2,1,0,14386,6.6,-179,417,19.9,1438.6
1,4,3,7,0,0,15711,7,886,706,22.3,1571.1,3,4,4,1,0,14825,6.8,-886,-706,22.5,1482.5
1,7,2,2,1,0,16116,7.2,1409,2205,24.6,1611.6,2,7,2,0,0,14707,6.8,-1409,-2205,20.3,1470.7
1,4,10,8,0,0,14629,6.8,-3259,-1518,18.3,1462.9,10,4,16,2,0,17888,7,3259,1518,21,1788.8
0,4,3,5,1,0,15694,6.8,1074,237,21.9,1569.4,3,4,2,0,0,14620,6.8,-1074,-237,21,1462
0,7,6,6,0,0,17041,7.4,1016,2078,23.2,1704.1,6,7,7,1,0,16025,6.6,-1016,-2078,21.1,1602.5
0,3,5,3,0,0,15478,7,-697,-1133,21.4,1547.8,5,3,4,2,0,16175,7.2,697,1133,24.4,1617.5
0,7,7,9,0,0,16956,7,399,1148,22.9,1695.6,7,7,12,2,0,16557,6.8,-399,-1148,18.7,1655.7
1,4,10,2,0,0,16956,7.2,-387,1466,25.2,1695.6,10,4,11,1,0,17343,7,387,-1466,23.6,1734.3
1,11,5,5,2,0,19172,7,3456,3233,24.2,1917.2,5,11,5,0,0,15716,6.4,-3456,-3233,19.7,1571.6
1,8,5,5,0,0,16979,7.2,1486,991,21.3,1697.9,5,8,3,0,0,15493,7,-1486,-991,20,1549.3
0,2,6,3,0,0,14806,6.8,-2194,-1240,21.1,1480.6,6,2,7,1,0,17000,7,2194,1240,24.7,1700
0,7,10,9,1,0,18244,7,-173,-989,20.5,1824.4,10,7,9,0,0,18417,7,173,989,21,1841.7
1,5,4,7,0,0,16989,7,2000,1065,25.6,1698.9,4,5,7,1,0,14989,6.8,-2000,-1065,20.6,1498.9
0,3,6,3,0,0,14281,6.2,14,-28,18.3,1428.1,6,3,15,1,0,16378,7.2,-14,28,23.1,1637.8
1,2,0,2,0,0,15393,6.8,1875,1361,23,1539.3,0,2,0,0,0,13518,6.4,-1875,-1361,21.5,1351.8
1,8,3,9,1,0,17636,7.4,2578,1160,24.9,1763.6,3,8,1,1,0,15058,7,-2578,-1160,23.2,1505.8
1,6,9,10,0,0,16600,6.8,-629,-1232,21.3,1660,9,6,10,0,0,17229,7,629,1232,20.3,1722.9
0,7,6,10,0,0,15889,7,-1253,17,22.8,1588.9,6,7,7,0,0,17142,7,1253,-17,22.5,1714.2
0,13,8,10,0,0,19657,7,1675,-423,20.4,1965.7,8,13,9,1,0,17982,7.2,-1675,423,20.2,1798.2
1,8,3,5,0,0,16818,7,3138,2806,23.1,1681.8,3,8,0,2,0,13680,6.4,-3138,-2806,19.6,1368
1,8,3,6,2,0,17415,7.2,2148,1502,24.6,1741.5,3,8,1,0,0,15267,6.8,-2148,-1502,21.2,1526.7
1,6,1,7,0,0,16602,7.2,2919,2298,24.6,1660.2,1,6,0,0,0,13683,6.6,-2919,-2298,21.4,1368.3
0,7,6,13,0,0,17181,7,-2692,-1609,18.4,1718.1,6,7,6,1,0,19873,7.4,2692,1609,19.1,1987.3
1,7,7,6,1,0,16492,6.6,-499,-295,20.2,1649.2,7,7,10,1,0,16991,6.8,499,295,22,1699.1
0,4,6,6,1,0,16410,6.8,75,644,23.6,1641,6,4,7,0,0,16335,7,-75,-644,20.1,1633.5
0,3,5,5,0,0,15238,6.8,-1314,-1498,20.9,1523.8,5,3,6,0,0,16552,6.8,1314,1498,22.6,1655.2
1,6,7,6,1,0,20271,7.2,3243,1919,20,2027.1,7,6,8,0,0,17028,6.8,-3243,-1919,23.5,1702.8
0,5,4,2,0,0,15372,7,-443,-732,22.8,1537.2,4,5,3,0,0,15815,7.2,443,732,23.7,1581.5
0,3,9,4,0,0,14930,6.6,-1844,-1368,22.2,1493,9,3,9,1,0,16774,6.8,1844,1368,21.2,1677.4
1,8,7,10,0,0,17450,7.2,270,638,23.6,1745,7,8,5,1,0,17180,6.8,-270,-638,22,1718
1,1,0,1,0,0,14812,6.6,1221,-311,25.4,1481.2,0,1,0,1,0,13591,6.8,-1221,311,21.4,1359.1
0,9,5,10,0,0,17605,7.2,1132,778,24.1,1760.5,5,9,5,0,0,16473,7,-1132,-778,21.9,1647.3
0,5,9,5,0,0,16841,6.8,-1482,-724,23.4,1684.1,9,5,11,1,0,18323,7,1482,724,19.9,1832.3
1,5,3,8,2,0,16321,7,1151,-108,24.9,1632.1,3,5,4,0,0,15170,7,-1151,108,21.8,1517
1,5,8,7,1,0,16270,6.8,-143,708,23,1627,8,5,8,1,0,16413,6.6,143,-708,20.6,1641.3
1,7,5,5,1,0,15954,7,305,-374,19.1,1595.4,5,7,9,0,0,15649,6.8,-305,374,23.4,1564.9
0,5,6,0,1,0,15682,7,-438,-778,24.7,1568.2,6,5,6,0,0,16120,7,438,778,20.6,1612
0,5,11,6,0,0,16190,7,-3531,-1781,21.5,1619,11,5,6,1,0,19721,7.2,3531,1781,23.6,1972.1
1,12,5,16,2,0,19572,7,3987,1169,21.3,1957.2,5,12,6,0,0,15585,6.6,-3987,-1169,19.3,1558.5
0,5,5,5,0,0,15930,6.8,179,-962,23.6,1593,5,5,4,2,0,15751,7.2,-179,962,22.5,1575.1
0,1,10,1,0,0,13785,6.8,-4124,-3090,21.5,1378.5,10,1,13,1,0,17909,7.2,4124,3090,26,1790.9
1,6,2,7,1,0,16898,7.2,2927,3135,24.7,1689.8,2,6,2,0,0,13971,6.6,-2927,-3135,21.2,1397.1
1,7,7,5,2,0,18333,6.8,1665,1578,22.9,1833.3,7,7,15,0,0,16668,6.8,-1665,-1578,18.1,1666.8
0,1,6,1,1,0,14289,6.8,-2946,-2952,22,1428.9,6,1,7,0,0,17235,7.2,2946,2952,22.3,1723.5
1,7,3,13,0,0,16501,7,1440,1148,20.8,1650.1,3,7,2,0,0,15061,6.8,-1440,-1148,25.8,1506.1
1,5,1,5,0,0,16618,7.2,2263,1451,25,1661.8,1,5,1,0,0,14355,6.8,-2263,-1451,24.3,1435.5
0,6,0,6,2,0,16557,7.2,1878,703,26.1,1655.7,0,6,0,0,0,14679,7,-1878,-703,23.3,1467.9
0,11,14,10,0,0,16978,7,-4259,-3503,15.8,1697.8,14,11,6,1,0,16378,7,4259,3503,20.3,1637.8
0,6,10,6,0,0,16577,6.6,-1311,-1472,22.1,1657.7,10,6,12,1,0,17888,7,1311,1472,16.9,1788.8
0,4,9,2,0,0,14706,6.6,-3856,-1959,19.5,1470.6,9,4,14,0,0,18562,7,3856,1959,25,1856.2
0,7,9,8,0,0,16795,6.8,-1317,-816,21.7,1679.5,9,7,14,1,0,18112,7.4,1317,816,24.7,1811.2
0,4,5,3,1,0,15288,7,-1538,-320,24.2,1528.8,5,4,9,0,0,16826,7,1538,320,22.6,1682.6
1,5,6,5,2,0,14875,6.8,-1641,-602,19.4,1487.5,6,5,5,0,0,16516,6.8,1641,602,21.7,1651.6
1,7,10,6,1,0,16861,6.8,-1255,-254,18.4,1686.1,10,7,10,0,0,18116,7.2,1255,254,19.5,1811.6
0,9,10,8,1,0,17136,6.8,-1154,-93,20.3,1713.6,10,9,13,0,0,18290,6.6,1154,93,18.9,1829
1,8,7,10,1,0,17765,7.2,2312,2522,24.2,1776.5,7,8,5,0,0,15453,6.6,-2312,-2522,17,1545.3
0,3,10,1,0,0,14555,6.6,-4431,-4570,20,1455.5,10,3,12,1,0,18986,7.6,4431,4570,25.1,1898.6
0,2,10,2,1,0,14020,6.4,-4215,-1902,20.3,1402,10,2,11,1,0,18235,6.8,4215,1902,22.9,1823.5
1,8,2,13,1,0,17575,7.2,2658,1915,22.8,1757.5,2,8,2,0,0,14917,6.6,-2658,-1915,21.1,1491.7
0,5,8,3,1,0,15307,6.8,-2576,-2182,22.7,1530.7,8,5,5,0,0,17883,7.4,2576,2182,24.9,1788.3
1,5,1,4,0,0,16751,7.2,3029,1278,24.5,1675.1,1,5,1,1,0,13722,6.8,-3029,-1278,18.9,1372.2
1,7,5,10,0,0,16271,7,787,846,21.8,1627.1,5,7,4,1,0,15484,6.8,-787,-846,20.8,1548.4
0,7,6,6,0,0,16420,6.8,-514,-1465,20.9,1642,6,7,9,1,0,16934,7.2,514,1465,23.6,1693.4
1,6,6,4,0,0,15570,7,-227,923,18,1557,6,6,5,1,0,15797,6.6,227,-923,22.7,1579.7
0,3,3,1,0,0,14948,6.8,-347,125,21.8,1494.8,3,3,2,0,0,15295,6.6,347,-125,20.4,1529.5
0,4,8,8,1,0,15167,6.4,-1645,-1268,22,1516.7,8,4,6,0,0,16812,6.4,1645,1268,19.8,1681.2
1,3,2,3,0,0,15484,6.8,239,-709,25,1548.4,2,3,0,2,0,15245,7.2,-239,709,20.9,1524.5
1,8,8,12,0,0,17856,6.8,226,-955,22.1,1785.6,8,8,8,1,0,17630,7.2,-226,955,22.1,1763
0,3,7,5,0,0,14767,7,-2150,-1486,21.2,1476.7,7,3,9,1,0,16917,7.2,2150,1486,22.5,1691.7
1,11,5,11,1,0,18474,7,2680,1517,21.7,1847.4,5,11,4,0,0,15794,6.4,-2680,-1517,21.9,1579.4
0,0,3,0,0,0,14183,6.8,-975,334,24.3,1418.3,3,0,5,1,0,15158,7,975,-334,20.6,1515.8
1,4,4,5,1,0,15971,7.2,484,-614,24.2,1597.1,4,4,1,1,0,15487,7.2,-484,614,24.2,1548.7
0,2,9,0,0,0,14319,6.4,-2914,-1623,21,1431.9,9,2,15,0,0,17233,6.8,2914,1623,19.3,1723.3
0,3,3,4,1,0,16206,7,-795,-1185,26,1620.6,3,3,4,1,0,17001,7.2,795,1185,24.2,1700.1
0,5,3,5,1,0,15704,7.2,1208,1363,21.3,1570.4,3,5,3,0,0,14496,6.8,-1208,-1363,20.9,1449.6
1,9,9,6,1,0,18137,7,201,1596,21.8,1813.7,9,9,14,0,0,17936,6.6,-201,-1596,19.7,1793.6
0,2,9,2,0,0,14944,6.6,-2695,-1275,23.9,1494.4,9,2,9,1,0,17639,7,2695,1275,25.2,1763.9
0,1,14,1,0,0,13172,7,14,-4936,18.7,1317.2,14,1,6,1,0,20251,7.4,-14,4936,22.2,2025.1
0,9,6,11,1,0,18363,7.2,2120,358,22,1836.3,6,9,5,0,0,16243,7,-2120,-358,21.5,1624.3
0,4,8,2,0,0,15200,6.6,-1806,-541,22.8,1520,8,4,10,0,0,17006,7,1806,541,22.4,1700.6
0,7,7,6,0,0,17315,7,297,518,21.8,1731.5,7,7,11,0,0,17018,7,-297,-518,22.1,1701.8
1,4,4,1,1,0,16516,7.4,1234,1855,25.9,1651.6,4,4,5,0,0,15282,6.8,-1234,-1855,22.9,1528.2
0,4,9,2,0,0,14010,6.4,-3956,-2930,17,1401,9,4,9,1,0,17966,7,3956,2930,20.7,1796.6
0,4,7,4,0,0,15580,6.8,-731,-118,20.5,1558,7,4,6,2,0,16311,6.8,731,118,22.9,1631.1
1,7,2,7,1,0,17731,7.6,3339,3179,23.8,1773.1,2,7,2,1,0,14392,6.8,-3339,-3179,23.6,1439.2
1,9,3,13,1,0,19186,7.2,4331,3427,26.1,1918.6,3,9,4,0,0,14855,6.4,-4331,-3427,19.9,1485.5
1,7,3,6,0,0,18135,7,2275,1360,25.2,1813.5,3,7,3,0,0,15860,7,-2275,-1360,21.2,1586
0,7,9,4,0,0,15947,7,-2086,-2017,20.4,1594.7,9,7,10,1,0,18033,7.2,2086,2017,18.8,1803.3
0,10,6,11,1,0,16681,6.4,-3637,-2456,16.8,1668.1,6,10,6,0,0,20318,7.2,3637,2456,21.9,2031.8
1,5,1,4,1,0,16733,7.2,2685,2307,23.2,1673.3,1,5,2,0,0,14048,6.8,-2685,-2307,20.7,1404.8
1,4,9,4,0,0,15233,7,-1121,-858,22,1523.3,9,4,6,1,0,16354,7,1121,858,21,1635.4
1,7,0,7,0,0,18406,7.4,4990,2055,24.7,1840.6,0,7,0,1,0,13416,6.8,-4990,-2055,19.6,1341.6
0,7,6,7,0,0,16711,6.4,-3289,-4291,20.1,1671.1,6,7,6,1,0,20000,7.4,3289,4291,20.1,2000
0,7,8,7,0,0,16093,6.4,-1805,-2047,17.5,1609.3,8,7,9,1,0,17898,6.8,1805,2047,23.8,1789.8
1,3,3,2,0,0,15563,7.2,446,429,25.2,1556.3,3,3,2,0,0,15117,6.8,-446,-429,22.9,1511.7
0,5,5,4,1,0,15745,6.8,-859,361,20.3,1574.5,5,5,8,1,0,16604,6.8,859,-361,22,1660.4
0,8,6,12,0,0,15958,6.6,231,-184,18.5,1595.8,6,8,2,1,0,15727,6.8,-231,184,20.8,1572.7
1,9,5,12,1,0,17501,7,3195,1056,19.5,1750.1,5,9,4,0,0,14306,6.4,-3195,-1056,16.6,1430.6
1,7,3,6,1,0,18038,7.2,3973,3481,24,1803.8,3,7,1,0,0,14065,6.6,-3973,-3481,19.5,1406.5
0,4,10,4,0,0,16256,6.8,-2528,-2509,24.8,1625.6,10,4,15,2,0,18784,7.6,2528,2509,22.1,1878.4
1,6,5,2,0,0,16589,7,636,-419,23.9,1658.9,5,6,3,1,0,15953,7.2,-636,419,21.6,1595.3
0,5,1,6,1,0,15258,7,993,872,22.3,1525.8,1,5,1,0,0,14265,6.8,-993,-872,22.5,1426.5
1,7,9,8,0,0,16481,7,-246,-1064,22.3,1648.1,9,7,6,0,0,16727,7,246,1064,22,1672.7
0,6,5,7,0,0,15913,7,-125,-637,19.5,1591.3,5,6,7,1,0,16038,6.8,125,637,23.2,1603.8
1,4,2,3,1,0,16162,6.8,1766,719,25.7,1616.2,2,4,3,0,0,14396,6.6,-1766,-719,21.5,1439.6
1,8,4,7,0,0,17264,7,1811,875,21.4,1726.4,4,8,5,0,0,15453,6.6,-1811,-875,18.6,1545.3
0,7,7,8,1,0,16700,7,-418,-1320,24.1,1670,7,7,9,0,0,17118,7,418,1320,22.4,1711.8
0,7,8,10,0,0,16337,6.8,-38,281,19.7,1633.7,8,7,4,1,0,16375,6.6,38,-281,19.2,1637.5
1,4,11,7,0,0,15790,6.8,-2878,-1184,20.8,1579,11,4,13,0,0,18668,7,2878,1184,23.4,1866.8
1,4,6,5,0,0,15970,7,-703,-653,21.7,1597,6,4,6,1,0,16673,7.2,703,653,22.1,1667.3
0,2,7,3,0,0,14933,7.2,-1957,-354,21.3,1493.3,7,2,4,2,0,16890,7,1957,354,22,1689
1,9,6,8,2,0,18060,7.4,1982,2243,24.1,1806,6,9,5,0,0,16078,6.6,-1982,-2243,20.6,1607.8
0,4,8,5,0,0,14732,6.6,-2642,-2116,20.8,1473.2,8,4,8,0,0,17374,7,2642,2116,22.7,1737.4
1,7,4,3,1,0,17121,7,2393,725,24.2,1712.1,4,7,3,0,0,14728,7,-2393,-725,19.4,1472.8
1,11,7,9,1,0,18913,6.6,3002,1582,22.9,1891.3,7,11,8,0,0,15911,6.4,-3002,-1582,17,1591.1
1,7,4,6,2,0,17237,7.2,1346,849,19.6,1723.7,4,7,3,0,0,15891,6.8,-1346,-849,24.1,1589.1
0,1,11,1,0,0,13265,6.4,-6200,-3576,19.5,1326.5,11,1,8,1,0,19465,7.2,6200,3576,24.8,1946.5
1,14,3,6,1,0,16398,7.6,14,4491,23.7,1639.8,3,14,6,0,0,13854,6.6,-14,-4491,19.3,1385.4
0,7,3,11,0,0,17320,7,2199,459,21,1732,3,7,4,0,0,15121,6.8,-2199,-459,23.4,1512.1
1,6,8,8,1,0,15586,6.8,-1022,-1301,19.9,1558.6,8,6,7,0,0,16608,6.8,1022,1301,21,1660.8
0,8,6,5,0,0,17208,7.6,931,740,21.8,1720.8,6,8,5,0,0,16277,7.2,-931,-740,20.9,1627.7
0,0,9,0,0,0,13282,6.4,-6225,-3975,19.4,1328.2,9,0,9,1,0,19507,7.4,6225,3975,22.6,1950.7
0,5,12,6,1,0,15555,6.6,-3638,-3337,22.2,1555.5,12,5,13,0,0,19193,7.6,3638,3337,22.7,1919.3
1,4,5,2,1,0,17008,7.2,1903,4023,25.5,1700.8,5,4,12,1,0,15105,6.4,-1903,-4023,18.2,1510.5
0,6,7,7,1,0,16050,6.8,-513,-1056,19.1,1605,7,6,10,0,0,16563,6.8,513,1056,23.5,1656.3
0,8,8,6,1,0,16830,7,257,1183,20.3,1683,8,8,9,1,0,16573,7,-257,-1183,18,1657.3
1,6,8,5,0,0,16370,6.8,-633,-1089,20.9,1637,8,6,12,1,0,17003,7.2,633,1089,19.5,1700.3
0,3,9,3,0,0,14851,6.6,-3151,-3729,18.3,1485.1,9,3,9,0,0,18002,7.4,3151,3729,20.7,1800.2
0,4,8,3,0,0,15325,6.8,-1931,-1572,21.5,1532.5,8,4,16,1,0,17256,7.2,1931,1572,22,1725.6
1,9,8,12,0,0,18385,7.4,607,1293,24.8,1838.5,8,9,8,2,0,17778,7,-607,-1293,24,1777.8
0,2,7,0,0,0,14074,6.4,-3510,-3014,20.3,1407.4,7,2,4,1,0,17584,7.2,3510,3014,26.6,1758.4
0,5,5,2,1,0,16299,7.2,1063,-125,22.5,1629.9,5,5,3,0,0,15236,7,-1063,125,20.2,1523.6
0,7,6,14,1,0,16644,6.8,60,-325,23.8,1664.4,6,7,11,0,0,16584,6.8,-60,325,22.9,1658.4
0,6,5,8,2,0,16997,6.8,639,-401,21.5,1699.7,5,6,6,0,0,16358,6.8,-639,401,22,1635.8
0,3,2,1,0,0,15360,7,960,39,22,1536,2,3,2,0,0,14400,6.8,-960,-39,20.6,1440
1,7,1,6,1,0,17141,7,3332,1330,23,1714.1,1,7,0,1,0,13809,6.8,-3332,-1330,21.8,1380.9
1,7,6,8,1,0,17882,7.2,2689,1875,23.3,1788.2,6,7,5,0,0,15193,6.8,-2689,-1875,21.8,1519.3
0,11,9,10,1,0,18342,7.2,-30,1414,19,1834.2,9,11,10,0,0,18372,7,30,-1414,16.4,1837.2
0,4,6,8,0,0,15251,7,-2343,-2231,19.7,1525.1,6,4,5,2,0,17594,7.4,2343,2231,23.8,1759.4
1,8,6,5,0,0,17693,7,2501,2231,25.1,1769.3,6,8,7,0,0,15192,6.4,-2501,-2231,17.6,1519.2
0,4,8,4,0,0,15385,6.8,-2109,-335,21.9,1538.5,8,4,14,1,0,17494,7,2109,335,22.6,1749.4
1,7,5,7,0,0,17549,7.4,2588,1353,23.9,1754.9,5,7,6,0,0,14961,6.6,-2588,-1353,19.2,1496.1
0,5,10,6,0,0,15148,6.6,-4085,-3256,21.9,1514.8,10,5,14,2,0,19233,7.4,4085,3256,22,1923.3
0,11,11,6,2,0,17558,7,-369,-379,17.4,1755.8,11,11,11,0,0,17927,7.4,369,379,18.8,1792.7
0,6,3,9,1,0,16989,7,1359,132,24.2,1698.9,3,6,2,0,0,15630,7,-1359,-132,23.9,1563
1,11,5,9,0,0,18786,7.4,3559,3296,24.4,1878.6,5,11,5,0,0,15227,6.4,-3559,-3296,18.7,1522.7
0,4,7,2,0,0,15188,6.8,-1269,-1991,19.4,1518.8,7,4,5,1,0,16457,7.2,1269,1991,21.3,1645.7
1,4,7,7,0,0,15520,6.8,-2195,-291,19.9,1552,7,4,8,0,0,17715,7,2195,291,25.5,1771.5
1,13,6,6,1,0,16398,7.6,4988,3720,22.6,1639.8,6,13,6,1,0,15888,6.8,-4988,-3720,21.2,1588.8
1,6,2,5,0,0,17059,7.2,2714,2819,26.8,1705.9,2,6,2,0,0,14345,6.6,-2714,-2819,20.9,1434.5
0,7,6,6,0,0,16760,6.8,-1052,-1064,20.6,1676,6,7,6,1,0,17812,7.2,1052,1064,23.1,1781.2
0,3,9,2,0,0,14660,6.6,-3251,-2143,20.3,1466,9,3,5,1,0,17911,7.2,3251,2143,23.4,1791.1
0,6,5,5,1,0,15510,7,-264,550,20.2,1551,5,6,6,1,0,15774,6.6,264,-550,20.2,1577.4
0,9,14,9,1,0,16897,6.4,-2191,-1391,15.9,1689.7,14,9,6,1,0,19088,6.8,2191,1391,18.5,1908.8
0,8,2,12,0,0,16861,7,1297,564,22.7,1686.1,2,8,3,0,0,15564,7,-1297,-564,23,1556.4
1,11,6,9,1,0,18445,7.2,2691,2052,21.8,1844.5,6,11,5,0,0,15754,6.6,-2691,-2052,20.5,1575.4
0,4,10,2,0,0,15777,6.6,-2713,-1456,22.1,1577.7,10,4,12,1,0,18490,7.4,2713,1456,21.9,1849
0,7,3,7,0,0,18284,7.2,2748,2277,22.4,1828.4,3,7,2,1,0,15536,7,-2748,-2277,21.1,1553.6
0,10,8,9,0,0,17047,6.8,-537,29,19.2,1704.7,8,10,8,0,0,17584,7,537,-29,20.7,1758.4
1,5,0,4,1,0,17606,7.6,4027,3285,22.9,1760.6,0,5,0,0,0,13579,6.6,-4027,-3285,22,1357.9
0,7,9,10,0,0,17447,7,705,1616,21.6,1744.7,9,7,13,0,0,16742,6.6,-705,-1616,19.4,1674.2
0,1,7,0,1,0,13789,6.8,-4038,-2854,21,1378.9,7,1,12,0,0,17827,7.4,4038,2854,25.2,1782.7
0,11,9,16,0,0,18557,7.2,524,478,19.2,1855.7,9,11,7,1,0,18033,7,-524,-478,21.3,1803.3
0,4,3,5,0,0,15568,6.8,40,-731,24.6,1556.8,3,4,6,0,0,15528,6.8,-40,731,21.1,1552.8
0,10,5,9,0,0,17327,7.2,1291,20,22,1732.7,5,10,6,1,0,16036,7.2,-1291,-20,21,1603.6
0,6,5,9,1,0,16110,7,72,-81,20.6,1611,5,6,5,0,0,16038,6.8,-72,81,21.7,1603.8
1,10,9,10,0,0,18209,6.8,1287,440,20,1820.9,9,10,16,0,0,16922,6.2,-1287,-440,19.8,1692.2
1,5,6,5,1,0,16023,6.8,1299,-918,20.7,1602.3,6,5,7,1,0,14724,7,-1299,918,17.3,1472.4
1,8,7,6,1,0,17685,7.2,1218,1150,23.1,1768.5,7,8,4,0,0,16467,7,-1218,-1150,22.6,1646.7
1,4,5,3,1,0,14803,6.8,-1380,326,21.3,1480.3,5,4,10,0,0,16183,7,1380,-326,23.8,1618.3
0,6,7,12,0,0,15656,6.4,-1275,-551,19.5,1565.6,7,6,8,1,0,16931,6.6,1275,551,20.2,1693.1
1,12,3,6,1,0,19154,7.4,5664,-28,25.8,1915.4,3,12,2,1,0,13490,7,-5664,28,17.9,1349
1,9,3,11,1,0,17483,7.2,2186,1698,22.2,1748.3,3,9,3,0,0,15297,6.8,-2186,-1698,23.1,1529.7
0,1,6,1,0,0,14598,6.6,-2286,-2574,21.7,1459.8,6,1,9,1,0,16884,7.2,2286,2574,22.7,1688.4
0,6,7,8,1,0,16088,7.2,-769,-217,20.5,1608.8,7,6,7,1,0,16857,7,769,217,20.2,1685.7
1,4,4,3,0,0,15812,7,650,128,24.1,1581.2,4,4,4,1,0,15162,6.8,-650,-128,19.8,1516.2
1,5,3,5,2,0,16030,7.2,970,748,24,1603,3,5,4,0,0,15060,7,-970,-748,21.8,1506
0,4,7,6,1,0,15787,7.2,-1856,-1804,23,1578.7,7,4,11,0,0,17643,7.4,1856,1804,22.5,1764.3
1,10,4,10,1,0,17870,7.2,1872,1869,17.7,1787,4,10,4,0,0,15998,6.8,-1872,-1869,22.5,1599.8
1,12,6,6,0,0,17875,6.8,1880,1473,20.5,1787.5,6,12,3,0,0,15995,6.4,-1880,-1473,19,1599.5
1,6,2,8,0,0,16523,7,1652,701,19.6,1652.3,2,6,1,0,0,14871,6.4,-1652,-701,23.9,1487.1
1,5,6,4,1,0,16180,7.2,-1348,-407,23.4,1618,6,5,6,0,0,17528,7,1348,407,24.5,1752.8
0,7,10,6,1,0,17448,6.8,-102,363,20.5,1744.8,10,7,11,0,0,17550,6.8,102,-363,18.1,1755
0,4,11,3,0,0,14493,6.6,-4130,-2849,21,1449.3,11,4,14,1,0,18623,7,4130,2849,22.6,1862.3
1,9,7,6,1,0,17807,6.8,1383,1273,21.7,1780.7,7,9,6,1,0,16424,6.6,-1383,-1273,19.2,1642.4
0,3,5,2,0,0,15001,6.8,-1787,-608,20.6,1500.1,5,3,8,1,0,16788,7,1787,608,25.7,1678.8
1,11,5,13,1,0,18984,7.2,3522,1442,24.6,1898.4,5,11,4,0,0,15462,6.6,-3522,-1442,18.6,1546.2
0,6,7,7,0,0,16528,6.8,-449,-1347,21.2,1652.8,7,6,6,0,0,16977,7.2,449,1347,23.5,1697.7
0,2,5,4,0,0,15020,7,-1756,-985,22.4,1502,5,2,8,2,0,16776,7,1756,985,27.5,1677.6
0,1,7,0,0,0,13657,6.4,-3849,-2159,22,1365.7,7,1,7,1,0,17506,7,3849,2159,23.5,1750.6
1,8,6,13,0,0,17672,7.2,1121,933,24.5,1767.2,6,8,8,1,0,16551,6.8,-1121,-933,23.8,1655.1
1,11,2,15,1,0,19508,7.4,4882,2658,23.3,1950.8,2,11,1,0,0,14626,6.8,-4882,-2658,21.9,1462.6
1,11,5,9,0,0,18590,7,2945,2019,21.5,1859,5,11,7,1,0,15645,6.6,-2945,-2019,20.2,1564.5
1,9,6,16,2,0,17260,6.6,1006,820,18.7,1726,6,9,10,0,0,16254,6.4,-1006,-820,20.4,1625.4
1,3,2,3,1,0,16095,7,1287,603,25.4,1609.5,2,3,2,0,0,14808,6.6,-1287,-603,24.1,1480.8
0,4,8,5,1,0,15384,6.8,-1817,-1035,21.1,1538.4,8,4,6,1,0,17201,7,1817,1035,24,1720.1
1,11,11,14,0,0,18795,7.4,733,675,23.1,1879.5,11,11,11,1,0,18062,7,-733,-675,21.3,1806.2
1,8,5,13,1,0,17737,7.2,2413,2163,22.4,1773.7,5,8,7,0,0,15324,6.6,-2413,-2163,17.9,1532.4
0,2,3,2,1,0,14191,6.8,-1093,-1572,20.7,1419.1,3,2,3,0,0,15284,7.2,1093,1572,23.9,1528.4
0,5,8,6,0,0,14557,6.4,-3666,-2993,16.9,1455.7,8,5,8,0,0,18223,7.2,3666,2993,23.5,1822.3
0,7,2,13,1,0,16739,7,1569,664,22.9,1673.9,2,7,2,0,0,15170,6.8,-1569,-664,25,1517
0,6,13,6,1,0,15230,6.6,-4403,-3750,16.5,1523,13,6,14,0,0,19633,7.4,4403,3750,23.8,1963.3
0,5,7,5,0,0,16600,7,-189,-1118,25,1660,7,5,10,1,0,16789,7.4,189,1118,20.7,1678.9
0,6,12,8,0,0,16240,6.6,-2156,-1052,20.9,1624,12,6,12,1,0,18396,7,2156,1052,16.7,1839.6
1,11,2,14,1,0,18722,7.2,4371,3099,21.6,1872.2,2,11,5,0,0,14351,6.6,-4371,-3099,22.8,1435.1
0,3,2,2,0,0,15640,7,77,630,24.6,1564,2,3,4,1,0,15563,7,-77,-630,24.8,1556.3
1,7,5,11,0,0,17940,7.4,1938,738,24.2,1794,5,7,3,1,0,16002,7.2,-1938,-738,22.1,1600.2
0,4,6,5,0,0,16414,6.8,-58,-1047,24.7,1641.4,6,4,2,1,0,16472,7,58,1047,24.4,1647.2
0,2,6,1,0,0,14207,6.6,-2723,-1062,21.1,1420.7,6,2,7,1,0,16930,6.8,2723,1062,20.8,1693
1,7,6,6,1,0,16737,7.2,1411,1163,24,1673.7,6,7,3,0,0,15326,7,-1411,-1163,17.7,1532.6
0,1,9,1,0,0,14672,6.6,-2998,-3331,23.4,1467.2,9,1,10,0,0,17670,7.2,2998,3331,25.1,1767
1,4,4,4,1,0,15360,6.8,97,-1064,22.8,1536,4,4,0,0,0,15263,7,-97,1064,22,1526.3
1,11,6,7,1,0,17795,7.2,1395,1943,21.3,1779.5,6,11,8,0,0,16400,6.8,-1395,-1943,19.8,1640
1,7,2,7,1,0,16896,7,2438,1105,24.6,1689.6,2,7,2,0,0,14458,6.6,-2438,-1105,21.1,1445.8
0,4,7,4,0,0,16182,7,-925,-360,21.6,1618.2,7,4,7,2,0,17107,7,925,360,21.2,1710.7
1,11,9,11,1,0,17729,6.8,679,211,19,1772.9,9,11,7,0,0,17050,6.8,-679,-211,19.2,1705
0,10,8,12,1,0,17552,7.2,1050,-1270,22.2,1755.2,8,10,5,1,0,16502,7.4,-1050,1270,19.2,1650.2
1,6,4,5,2,0,16491,7.6,392,866,21.4,1649.1,4,6,3,0,0,16099,7.4,-392,-866,24.1,1609.9
0,9,11,4,0,0,17643,7.2,24,483,22.1,1764.3,11,9,6,1,0,17619,7,-24,-483,21.8,1761.9
1,6,6,7,0,0,16247,7.4,266,1738,21.8,1624.7,6,6,8,1,0,15981,7,-266,-1738,21.3,1598.1
1,8,6,11,0,0,17072,6.4,1396,89,19.2,1707.2,6,8,15,1,0,15676,6.8,-1396,-89,17.9,1567.6
1,12,5,11,2,0,18882,6.6,3807,1849,20.2,1888.2,5,12,9,0,0,15075,6.8,-3807,-1849,18.7,1507.5
0,3,3,4,0,0,14520,7,-1127,-843,18.2,1452,3,3,1,0,0,15647,7,1127,843,23.4,1564.7
1,10,4,14,1,0,18374,7.6,3823,3324,22.9,1837.4,4,10,4,0,0,14551,6.6,-3823,-3324,17.6,1455.1
0,6,4,5,1,0,16073,6.8,32,822,21.1,1607.3,4,6,8,1,0,16041,6.2,-32,-822,20.7,1604.1
1,4,1,6,1,0,16448,7.2,1306,431,24.8,1644.8,1,4,2,0,0,15142,7,-1306,-431,26.2,1514.2
1,12,8,12,1,0,18821,7,1618,514,20.3,1882.1,8,12,7,1,0,17203,7.2,-1618,-514,18.1,1720.3
0,6,10,6,1,0,15485,6.8,-2854,-2798,19.3,1548.5,10,6,9,0,0,18339,7.4,2854,2798,22.5,1833.9
0,5,9,3,1,0,15129,6.6,-1417,860,20.4,1512.9,9,5,14,0,0,16546,6.6,1417,-860,18.2,1654.6
1,5,3,7,0,0,16329,6.8,1320,-178,20.5,1632.9,3,5,4,0,0,15009,6.8,-1320,178,21.8,1500.9
1,6,1,5,0,0,16807,7.2,2954,3730,26.3,1680.7,1,6,1,1,0,13853,6.6,-2954,-3730,17.7,1385.3
1,11,10,6,0,0,20330,7,2460,498,23.4,2033,10,11,6,1,0,17870,6.8,-2460,-498,20.5,1787
1,6,6,6,1,0,16666,6.8,132,-28,18.5,1666.6,6,6,6,0,0,16534,6.8,-132,28,23.7,1653.4
1,7,5,6,1,0,16946,6.8,2276,1630,24.7,1694.6,5,7,7,0,0,14670,6.4,-2276,-1630,19.4,1467
1,7,4,6,0,0,17028,7.4,1586,2622,24.7,1702.8,4,7,4,1,0,15442,6.6,-1586,-2622,21.4,1544.2
0,5,5,7,1,0,16686,7.4,-418,60,24,1668.6,5,5,3,1,0,17104,7.2,418,-60,27.3,1710.4
1,4,6,2,1,0,14993,6.8,-1449,-539,22.3,1499.3,6,4,6,0,0,16442,6.8,1449,539,25.5,1644.2
1,3,1,4,0,0,14654,7,-663,-413,20.1,1465.4,1,3,2,1,0,15317,6.8,663,413,24.8,1531.7
1,3,3,6,0,0,15570,6.8,-339,-1529,23.2,1557,3,3,1,2,0,15909,7.2,339,1529,24.4,1590.9
1,8,8,11,0,0,17178,7,-597,-1198,21.6,1717.8,8,8,6,0,0,17775,7.4,597,1198,25.3,1777.5
0,1,7,2,0,0,14333,6.8,-2671,-1258,22.2,1433.3,7,1,6,1,0,17004,6.8,2671,1258,22.4,1700.4
0,1,10,1,0,0,14453,6.8,-2889,-2882,24.4,1445.3,10,1,6,1,0,17342,7.2,2889,2882,21.6,1734.2
1,3,7,2,1,0,15932,6.8,-1111,679,23.8,1593.2,7,3,7,1,0,17043,6.8,1111,-679,19.1,1704.3
0,3,6,1,0,0,15101,7,-1972,-717,22.6,1510.1,6,3,4,1,0,17073,7.2,1972,717,26.3,1707.3
0,6,4,9,0,0,16628,7,1457,715,21.6,1662.8,4,6,4,1,0,15171,7.2,-1457,-715,20.8,1517.1
0,4,9,2,2,0,14997,6.6,-2566,-2224,21.7,1499.7,9,4,9,0,0,17563,7.2,2566,2224,21.6,1756.3
1,10,8,7,1,0,17664,7,563,442,23.3,1766.4,8,10,6,0,0,17101,7,-563,-442,21.9,1710.1
1,4,10,4,1,0,15082,6.8,-2924,-1587,21.1,1508.2,10,4,6,0,0,18006,7.4,2924,1587,21.6,1800.6
0,8,12,5,1,0,16964,6.8,-2935,-1462,21.4,1696.4,12,8,15,0,0,19899,7.4,2935,1462,23.5,1989.9
1,7,4,9,0,0,16999,6.8,1671,1072,22.8,1699.9,4,7,6,1,0,15328,6.4,-1671,-1072,20.6,1532.8
1,6,6,6,0,0,16621,6.6,282,399,22,1662.1,6,6,8,0,0,16339,6.8,-282,-399,21.6,1633.9
1,9,11,8,1,0,17060,6.6,-896,-661,17.9,1706,11,9,14,0,0,17956,7,896,661,20,1795.6
0,3,7,5,1,0,14758,6.6,-2993,-2494,20.2,1475.8,7,3,12,1,0,17751,7,2993,2494,21.5,1775.1
1,8,4,11,1,0,17117,7,1810,1012,20.4,1711.7,4,8,6,0,0,15307,6.6,-1810,-1012,21.1,1530.7
1,6,10,6,0,0,16413,7,-2461,-1828,20.4,1641.3,10,6,13,1,0,18874,7.4,2461,1828,22.3,1887.4
0,3,6,5,0,0,14448,6.4,-1620,-1431,20.9,1444.8,6,3,10,1,0,16068,6.8,1620,1431,20.4,1606.8
1,5,1,4,0,0,16778,7.2,2375,2688,24.7,1677.8,1,5,0,0,0,14403,6.6,-2375,-2688,23.5,1440.3
0,2,1,3,1,0,14494,6.8,-618,-413,24.4,1449.4,1,2,2,0,0,15112,6.8,618,413,24.7,1511.2
1,9,6,13,0,0,18267,7.4,2253,2082,22.6,1826.7,6,9,7,0,0,16014,6.8,-2253,-2082,17.8,1601.4
0,6,2,6,1,0,16440,7,2821,2754,20.8,1644,2,6,2,0,0,13619,6.2,-2821,-2754,20.3,1361.9
1,8,5,8,2,0,17390,7.2,1716,1837,21.2,1739,5,8,8,0,0,15674,6.8,-1716,-1837,22.6,1567.4
1,6,7,6,0,0,17035,7.2,501,-495,23.5,1703.5,7,6,4,0,0,16534,7,-501,495,20.7,1653.4
0,11,6,6,0,0,17198,6.4,-2830,-2212,21.8,1719.8,6,11,6,1,0,20028,6.8,2830,2212,17.4,2002.8
1,10,2,10,1,0,17430,6.8,3140,1824,21,1743,2,10,2,0,0,14290,6.8,-3140,-1824,22.8,1429
0,4,6,4,1,0,15320,7,-1152,-1535,21.7,1532,6,4,5,1,0,16472,7,1152,1535,22.5,1647.2
0,3,4,5,0,0,15347,6.8,-704,-193,24.3,1534.7,4,3,3,1,0,16051,6.8,704,193,22,1605.1
1,12,6,11,0,0,18002,7,2621,2483,19.9,1800.2,6,12,5,0,0,15381,6.8,-2621,-2483,19.5,1538.1
0,11,6,10,0,0,17901,6.8,-2529,-1607,17.1,1790.1,6,11,6,1,0,16378,7,2529,1607,20.5,1637.8
0,3,4,1,0,0,14205,7,-1099,-396,19.7,1420.5,4,3,4,1,0,15304,7,1099,396,23.6,1530.4
0,4,6,1,0,0,13772,7,-3147,-3323,17.8,1377.2,6,4,6,1,0,16919,7,3147,3323,22.3,1691.9
1,6,1,7,1,0,17231,7.2,3142,2037,23.7,1723.1,1,6,1,0,0,14089,6.8,-3142,-2037,24.5,1408.9
0,6,8,6,0,0,15983,7.2,-1231,496,23.3,1598.3,8,6,11,0,0,17214,7.4,1231,-496,20.1,1721.4
0,2,4,2,0,0,14651,6.8,-1991,-1055,24.1,1465.1,4,2,4,0,0,16642,7.2,1991,1055,24.8,1664.2
1,11,1,13,1,0,18789,7.4,4250,3916,23.1,1878.9,1,11,1,0,0,14539,6.4,-4250,-3916,22.3,1453.9
0,6,12,3,0,0,15485,6.6,-3683,-3420,21.3,1548.5,12,6,13,2,0,19168,7.4,3683,3420,20.9,1916.8
1,10,3,11,1,0,17992,7,3313,1465,21.2,1799.2,3,10,4,1,0,14679,6.8,-3313,-1465,21.7,1467.9
1,10,8,6,1,0,18828,7.2,2117,180,19.7,1882.8,8,10,8,1,0,16711,6.8,-2117,-180,20.9,1671.1
0,3,9,3,0,0,14797,6.6,-3268,-3888,21.2,1479.7,9,3,6,1,0,18065,7.6,3268,3888,21.8,1806.5
1,4,7,5,1,0,15524,7,-629,-209,22.8,1552.4,7,4,7,0,0,16153,6.8,629,209,19.2,1615.3
1,10,4,6,2,0,18288,7.6,3184,3874,23.4,1828.8,4,10,5,0,0,15104,6.8,-3184,-3874,20.9,1510.4
0,5,8,2,0,0,16304,7,-890,-1261,22.2,1630.4,8,5,5,2,0,17194,7.4,890,1261,21.8,1719.4
0,5,10,8,1,0,14974,6.2,-4646,-3186,20.1,1497.4,10,5,6,0,0,19620,7.2,4646,3186,20.1,1962
0,4,2,4,0,0,16598,7,1937,1019,25.6,1659.8,2,4,1,1,0,14661,6.8,-1937,-1019,23.9,1466.1
1,5,5,7,0,0,15273,6.8,15,-2108,18.9,1527.3,5,5,6,1,0,15258,7,-15,2108,21.6,1525.8
0,4,5,2,0,0,15515,7.2,-44,673,22.2,1551.5,5,4,4,0,0,15559,6.8,44,-673,21.8,1555.9
0,4,0,2,0,0,16024,6.8,3133,2377,22,1602.4,0,4,0,0,0,12891,6.6,-3133,-2377,20.6,1289.1
0,4,8,7,0,0,15667,7,-2450,-2260,22.5,1566.7,8,4,14,1,0,18117,7.6,2450,2260,25.2,1811.7
1,9,7,5,0,0,18451,7.4,1309,657,22.6,1845.1,7,9,5,0,0,17142,6.8,-1309,-657,20.6,1714.2
0,8,9,5,0,0,16355,6.8,-994,266,19.8,1635.5,9,8,9,1,0,17349,6.8,994,-266,20.2,1734.9
0,4,12,3,1,0,15140,6.6,-4199,-3415,19.8,1514,12,4,11,0,0,19339,7.2,4199,3415,22.1,1933.9
0,2,1,4,0,0,15755,7,1684,1773,25.8,1575.5,1,2,1,0,0,14071,6.8,-1684,-1773,21.2,1407.1
1,6,6,7,0,0,16302,7,95,772,21.2,1630.2,6,6,7,1,0,16207,6.8,-95,-772,20.5,1620.7
0,2,7,3,0,0,13825,6.8,-3453,-2582,17.3,1382.5,7,2,4,0,0,17278,7.4,3453,2582,23.7,1727.8
0,5,2,5,1,0,16724,7,2432,1875,22.9,1672.4,2,5,3,0,0,14292,6.6,-2432,-1875,22.1,1429.2
1,9,2,11,0,0,18442,7.4,2680,1700,24.8,1844.2,2,9,1,2,0,15762,7,-2680,-1700,24,1576.2
0,8,13,4,0,0,17008,7.2,-4178,-1302,21.7,1700.8,13,8,13,1,0,16378,7.4,4178,1302,21.9,1637.8
1,5,3,4,1,0,16513,7,897,806,24.9,1651.3,3,5,5,0,0,15616,6.8,-897,-806,20.1,1561.6
0,4,6,5,0,0,15554,7,-1232,-1020,24.2,1555.4,6,4,5,1,0,16786,7.4,1232,1020,23,1678.6
1,5,9,5,0,0,15400,7,-4112,-2493,21.5,1540,9,5,9,0,0,19512,7.4,4112,2493,21.9,1951.2
1,10,7,11,1,0,19052,7,2514,1416,24.2,1905.2,7,10,11,0,0,16538,6.6,-2514,-1416,19.7,1653.8
0,6,12,8,1,0,16039,6.6,-2088,-2153,19.8,1603.9,12,6,15,0,0,18127,7,2088,2153,20.1,1812.7
0,6,8,5,1,0,17093,7,-414,-601,23.3,1709.3,8,6,7,0,0,17507,7.2,414,601,24.3,1750.7
0,4,11,3,0,0,15440,6.8,-3368,-3384,20.7,1544,11,4,6,0,0,18808,7.4,3368,3384,21.6,1880.8
1,4,7,2,0,0,15547,6.8,-539,723,21.4,1554.7,7,4,6,1,0,16086,7,539,-723,20.7,1608.6
0,7,6,10,0,0,16275,6.8,495,21,19,1627.5,6,7,10,0,0,15780,6.8,-495,-21,19.7,1578
1,7,5,9,1,0,17627,7,1794,927,20.4,1762.7,5,7,7,0,0,15833,7,-1794,-927,19.4,1583.3
0,7,4,10,1,0,16641,7,1459,970,22.1,1664.1,4,7,2,0,0,15182,6.8,-1459,-970,21,1518.2
1,6,1,12,1,0,16009,6.8,685,333,19.4,1600.9,1,6,0,0,0,15324,6.6,-685,-333,25.2,1532.4
0,4,3,4,1,0,15010,6.8,-782,-1431,21.1,1501,3,4,3,0,0,15792,7,782,1431,24.8,1579.2
1,4,5,6,1,0,15969,7,-876,389,19.5,1596.9,5,4,9,0,0,16845,7,876,-389,22.8,1684.5
0,2,3,6,0,0,15007,7.2,-302,-646,23.2,1500.7,3,2,3,0,0,15309,6.8,302,646,24.8,1530.9
0,3,8,3,0,0,14494,6.4,-4235,-4926,20.8,1449.4,8,3,4,1,0,18729,7.4,4235,4926,25.4,1872.9
1,6,6,4,1,0,16576,7,-316,63,22,1657.6,6,6,5,0,0,16892,7,316,-63,21.4,1689.2
0,7,10,8,0,0,16575,7,-2362,79,20.4,1657.5,10,7,9,0,0,18937,7,2362,-79,24.7,1893.7
0,12,4,14,2,0,19339,7.2,3708,2901,22.5,1933.9,4,12,3,0,0,15631,6.8,-3708,-2901,20.3,1563.1
1,6,6,7,1,0,16621,7,-258,569,20.6,1662.1,6,6,10,0,0,16879,7.2,258,-569,22.5,1687.9
0,1,6,1,1,0,14308,6.8,-2634,-1282,23.5,1430.8,6,1,9,1,0,16942,7.4,2634,1282,24.7,1694.2
0,6,11,5,0,0,15165,6.6,-3709,-4015,18.8,1516.5,11,6,8,1,0,18874,7.2,3709,4015,22.7,1887.4
0,11,3,14,0,0,18754,7.6,4074,3921,20.2,1875.4,3,11,6,1,0,14680,6.8,-4074,-3921,20,1468
0,7,6,6,1,0,16608,7.2,-26,989,23.3,1660.8,6,7,7,0,0,16634,6.8,26,-989,20.3,1663.4
0,7,4,6,1,0,16375,7,143,713,17.2,1637.5,4,7,3,1,0,16232,6.6,-143,-713,21.7,1623.2
1,5,6,6,1,0,15987,7,-155,-47,20.7,1598.7,6,5,6,0,0,16142,7,155,47,23.1,1614.2
0,8,5,9,1,0,17027,7.4,302,1420,21.7,1702.7,5,8,7,1,0,16725,7,-302,-1420,23.7,1672.5
0,5,8,7,0,0,15885,6.4,-1615,-1393,21.6,1588.5,8,5,10,2,0,17500,6.8,1615,1393,22.1,1750
0,3,2,1,1,0,16238,7,1443,-453,24.1,1623.8,2,3,2,0,0,14795,7.2,-1443,453,21.5,1479.5
0,6,7,9,0,0,16778,7.2,-1446,-965,21.8,1677.8,7,6,10,2,0,18224,7,1446,965,23.4,1822.4
0,7,7,2,0,0,17004,7.2,341,-352,21.6,1700.4,7,7,4,1,0,16663,7.2,-341,352,20.7,1666.3
1,12,8,10,0,0,17668,6.8,-120,-393,18.4,1766.8,8,12,8,0,0,17788,6.8,120,393,19.4,1778.8
1,7,3,8,1,0,16389,7,566,-528,22.5,1638.9,3,7,5,1,0,15823,7.2,-566,528,26.1,1582.3
1,9,7,13,0,0,17252,6.4,166,-1644,18.8,1725.2,7,9,8,1,0,17086,7,-166,1644,19.2,1708.6
1,7,6,12,1,0,17854,6.8,-49,-1803,19.5,1785.4,6,7,6,1,0,17903,6.8,49,1803,23.8,1790.3
0,4,8,6,0,0,15431,6.8,-2661,-3190,21.8,1543.1,8,4,9,2,0,18092,7.2,2661,3190,26,1809.2
0,2,5,2,0,0,14985,7,-1522,-1437,22.4,1498.5,5,2,5,1,0,16507,7.2,1522,1437,25.3,1650.7
1,2,3,4,0,0,16008,6.8,1060,1708,23.7,1600.8,3,2,5,1,0,14948,6.8,-1060,-1708,21.1,1494.8
1,9,4,6,1,0,19663,7.2,4043,1803,24.7,1966.3,4,9,5,0,0,15620,6.8,-4043,-1803,21.4,1562
1,7,1,10,1,0,16932,7.2,2699,2575,23.5,1693.2,1,7,1,0,0,14233,6.8,-2699,-2575,24.2,1423.3
1,8,6,9,0,0,17026,7.2,843,1776,21.2,1702.6,6,8,2,1,0,16183,7,-843,-1776,22,1618.3
1,9,5,7,1,0,17803,7.4,2193,2957,26.7,1780.3,5,9,4,0,0,15610,6.8,-2193,-2957,20.7,1561
1,5,3,5,1,0,15582,7,-18,788,23.4,1558.2,3,5,7,0,0,15600,7,18,-788,20.2,1560
1,2,4,3,0,0,14808,6.8,-1352,-2339,21.9,1480.8,4,2,5,0,0,16160,7.4,1352,2339,25.7,1616
0,7,9,8,1,0,16497,6.6,-1736,-2692,20.7,1649.7,9,7,7,0,0,18233,7.2,1736,2692,24.6,1823.3
1,5,6,7,0,0,16503,7,171,42,24,1650.3,6,5,10,1,0,16332,7,-171,-42,23.2,1633.2
0,4,6,5,0,0,15522,7,-1711,-1406,22,1552.2,6,4,6,1,0,17233,7.4,1711,1406,23.9,1723.3
0,9,6,9,0,0,17371,6.8,-2793,-3416,18.3,1737.1,6,9,12,0,0,20164,7.6,2793,3416,22.8,2016.4
0,8,7,8,1,0,17720,7.2,1549,1179,23.2,1772,7,8,4,1,0,16171,7,-1549,-1179,21.2,1617.1
1,8,5,7,1,0,17981,7.2,2565,1634,24.5,1798.1,5,8,3,0,0,15416,6.6,-2565,-1634,19.9,1541.6
0,5,3,12,2,0,15229,6.8,-174,-70,16,1522.9,3,5,2,0,0,15403,6.6,174,70,23.5,1540.3
0,5,7,5,1,0,16425,7,-1029,754,20.1,1642.5,7,5,11,1,0,17454,6.8,1029,-754,22.5,1745.4
0,4,2,7,1,0,15790,6.8,785,-350,20.9,1579,2,4,3,0,0,15005,7,-785,350,24.1,1500.5
1,4,0,6,0,0,17339,7.2,3652,1943,23.7,1733.9,0,4,0,1,0,13687,6.8,-3652,-1943,21.7,1368.7
0,4,4,7,0,0,16487,7,995,-458,22.9,1648.7,4,4,2,0,0,15492,7,-995,458,23,1549.2
1,9,2,10,0,0,17922,7.2,3703,3118,22.4,1792.2,2,9,4,0,0,14219,6.2,-3703,-3118,20.6,1421.9
0,6,7,3,2,0,16778,6.8,-74,-482,23.6,1677.8,7,6,10,0,0,16852,7,74,482,21.2,1685.2
1,8,8,8,2,0,18068,6.8,719,387,20.4,1806.8,8,8,8,0,0,17349,6.8,-719,-387,20.3,1734.9
1,8,5,11,1,0,17366,7,1074,52,22.9,1736.6,5,8,3,0,0,16292,6.8,-1074,-52,24.5,1629.2
1,2,8,1,1,0,15041,6.8,-3259,-1311,22.9,1504.1,8,2,13,1,0,18300,7,3259,1311,24.9,1830
0,5,10,7,0,0,15135,6.8,-3704,-4361,19.7,1513.5,10,5,12,1,0,18839,7.6,3704,4361,24.4,1883.9
0,6,13,10,1,0,16083,6.6,-2772,-2957,21.8,1608.3,13,6,11,1,0,18855,7.2,2772,2957,20.7,1885.5
1,8,4,7,1,0,17446,7,2322,1048,22.3,1744.6,4,8,1,0,0,15124,6.8,-2322,-1048,22.2,1512.4
0,2,7,1,0,0,14284,7,-3304,-1505,24.3,1428.4,7,2,8,1,0,17588,7.2,3304,1505,23.7,1758.8
1,8,7,9,0,0,17585,7.2,1393,1671,21.3,1758.5,7,8,6,1,0,16192,7,-1393,-1671,20.7,1619.2
1,7,1,7,2,0,16537,7.2,2954,2444,23.2,1653.7,1,7,0,0,0,13583,6.8,-2954,-2444,20.2,1358.3
1,10,6,11,1,0,18895,7.2,3409,1964,24.5,1889.5,6,10,8,0,0,15486,6.8,-3409,-1964,18,1548.6
0,4,12,4,0,0,14370,6.4,-5228,-28,16.7,1437,12,4,9,0,0,19598,7.8,5228,28,25,1959.8
1,9,4,14,0,0,18274,7.2,2422,656,24.2,1827.4,4,9,4,0,0,15852,7,-2422,-656,22.8,1585.2
1,11,10,12,1,0,18286,6.6,149,-1568,18.3,1828.6,10,11,12,1,0,18137,7,-149,1568,20.5,1813.7
0,7,7,7,1,0,16352,6.8,-435,-1431,22.4,1635.2,7,7,7,0,0,16787,7.2,435,1431,23.3,1678.7
0,10,8,10,0,0,17546,7.2,510,921,19.1,1754.6,8,10,7,1,0,17036,7,-510,-921,21.7,1703.6
0,4,12,5,0,0,16433,7,-2203,-2676,22.7,1643.3,12,4,13,1,0,18636,7.4,2203,2676,20.4,1863.6
1,2,3,2,0,0,15414,7.2,-304,-1063,23.2,1541.4,3,2,1,1,0,15718,7.4,304,1063,23.7,1571.8
0,7,8,12,0,0,17737,7,648,617,23.4,1773.7,8,7,10,1,0,17089,7,-648,-617,20.2,1708.9
0,8,6,11,1,0,17570,7.2,1365,1563,22.2,1757,6,8,7,0,0,16205,6.8,-1365,-1563,22,1620.5
0,7,11,12,0,0,17131,7.2,-2550,-1700,24.2,1713.1,11,7,7,0,0,19681,7.2,2550,1700,25.8,1968.1
0,8,6,10,1,0,17237,6.6,1932,168,22.6,1723.7,6,8,3,1,0,15305,6.8,-1932,-168,18.2,1530.5
1,9,7,11,0,0,17814,7,1692,1775,20.6,1781.4,7,9,11,0,0,16122,6.8,-1692,-1775,19.6,1612.2
1,8,6,9,1,0,16738,7.2,624,1208,21.4,1673.8,6,8,3,0,0,16114,7,-624,-1208,22.5,1611.4
1,11,3,10,0,0,18092,7,4024,2465,21.3,1809.2,3,11,1,1,0,14068,6.2,-4024,-2465,21.2,1406.8
0,6,9,7,0,0,16522,6.8,-1128,-2710,22.3,1652.2,9,6,4,1,0,17650,7.4,1128,2710,22.4,1765
1,9,1,15,1,0,18053,6.8,4135,1375,24.7,1805.3,1,9,2,0,0,13918,6.6,-4135,-1375,21.1,1391.8
0,10,3,16,0,0,19475,7.2,4765,3054,23.3,1947.5,3,10,3,1,0,14710,6.6,-4765,-3054,20.2,1471
0,12,7,11,1,0,18693,7.4,1581,1899,20.6,1869.3,7,12,11,0,0,17112,6.6,-1581,-1899,20.7,1711.2
1,5,4,7,1,0,16488,7.2,1603,1827,22,1648.8,4,5,4,1,0,14885,6.6,-1603,-1827,19.7,1488.5
0,8,4,8,0,0,17531,6.8,2236,288,23,1753.1,4,8,2,0,0,15295,6.8,-2236,-288,21.2,1529.5
1,3,2,3,0,0,15422,6.8,1391,214,21.5,1542.2,2,3,3,1,0,14031,6.8,-1391,-214,23.2,1403.1
0,3,6,1,0,0,15276,7.2,-1729,-437,21.4,1527.6,6,3,8,1,0,17005,7,1729,437,25,1700.5
0,9,5,12,2,0,17390,7,614,-322,19.6,1739,5,9,7,0,0,16776,6.6,-614,322,21.3,1677.6
0,10,11,10,0,0,17593,6.8,-1538,-1233,17.8,1759.3,11,10,15,2,0,19131,7,1538,1233,20.1,1913.1
0,6,10,7,0,0,15820,7,-2116,-1407,20.3,1582,10,6,11,1,0,17936,7.2,2116,1407,22.3,1793.6
1,8,4,5,0,0,17198,6.8,2973,1838,22.6,1719.8,4,8,5,1,0,14225,6.2,-2973,-1838,21.8,1422.5
1,8,9,7,1,0,17000,6.8,-149,427,19,1700,9,8,8,0,0,17149,7,149,-427,21.1,1714.9
0,6,6,2,0,0,15196,6.8,-1240,-76,20.9,1519.6,6,6,6,1,0,16436,7,1240,76,21,1643.6
1,5,12,3,0,0,16358,6.8,-2651,-1695,20.6,1635.8,12,5,14,0,0,19009,7.2,2651,1695,21.8,1900.9
1,9,10,13,1,0,17469,6.8,-1022,-1200,19.5,1746.9,10,9,13,0,0,18491,6.8,1022,1200,24.8,1849.1
1,7,2,4,1,0,16031,6.8,1643,882,21.8,1603.1,2,7,0,0,0,14388,6.6,-1643,-882,22.5,1438.8
0,6,5,7,1,0,17070,7.2,760,995,22.3,1707,5,6,6,0,0,16310,6.8,-760,-995,23,1631
0,3,6,3,0,0,14782,6.8,-1454,-1276,23.8,1478.2,6,3,6,1,0,16236,7.2,1454,1276,20.4,1623.6
1,5,3,7,1,0,16610,7.4,1875,2074,24.6,1661,3,5,3,1,0,14735,6.8,-1875,-2074,20.7,1473.5
1,8,4,11,1,0,17255,7,2116,1613,23.7,1725.5,4,8,5,0,0,15139,6.6,-2116,-1613,20.3,1513.9
0,3,3,5,0,0,14259,6.4,-1034,-846,20.2,1425.9,3,3,0,1,0,15293,6.6,1034,846,22.9,1529.3
0,7,6,7,0,0,16100,7,-577,-679,22.3,1610,6,7,3,2,0,16677,7,577,679,23.7,1667.7
1,13,1,6,1,0,19641,7.4,6310,-28,20.7,1964.1,1,13,3,0,0,13331,7,-6310,28,19.9,1333.1
1,8,5,8,1,0,17346,7,1482,1629,20.8,1734.6,5,8,6,0,0,15864,6.8,-1482,-1629,21.1,1586.4
1,3,3,3,0,0,16002,7.2,787,1089,23,1600.2,3,3,2,1,0,15215,7.2,-787,-1089,23.1,1521.5
1,4,0,6,1,0,16070,7.2,2170,2480,23.6,1607,0,4,0,0,0,13900,6.8,-2170,-2480,24,1390
0,2,10,1,0,0,14227,6.6,-2617,-2322,20.5,1422.7,10,2,11,1,0,16844,7.2,2617,2322,20.8,1684.4
1,10,2,13,0,0,18715,7.2,4058,3407,22.6,1871.5,2,10,2,0,0,14657,6.6,-4058,-3407,22.9,1465.7
1,9,8,9,1,0,17375,6.8,238,368,21.7,1737.5,8,9,11,0,0,17137,6.8,-238,-368,20.7,1713.7
0,3,7,3,0,0,15162,6.8,-1980,-973,22.7,1516.2,7,3,5,0,0,17142,7.2,1980,973,25.6,1714.2
0,6,6,6,1,0,15571,6.8,-1137,-982,19,1557.1,6,6,5,1,0,16708,7,1137,982,22.8,1670.8
1,4,5,4,1,0,15070,6.6,-124,253,21.8,1507,5,4,6,0,0,15194,6.8,124,-253,19.8,1519.4
1,12,4,14,2,0,18723,7.2,2246,1265,19,1872.3,4,12,5,0,0,16477,6.8,-2246,-1265,22.7,1647.7
0,8,9,7,1,0,17258,7,-978,78,21.4,1725.8,9,8,8,1,0,18236,7.2,978,-78,20.7,1823.6
0,5,6,4,1,0,16103,7.2,-2659,88,20.8,1610.3,6,5,11,0,0,18762,7.4,2659,-88,24.5,1876.2
0,3,9,1,1,0,14709,6.8,-3224,-1270,20.7,1470.9,9,3,16,1,0,17933,7.2,3224,1270,23.8,1793.3
0,8,7,10,0,0,17122,7,312,-1396,20.4,1712.2,7,8,7,1,0,16810,7,-312,1396,21.1,1681
0,1,5,0,1,0,13696,6.8,-2462,-3352,20,1369.6,5,1,6,1,0,16158,7.6,2462,3352,20.2,1615.8
1,9,3,7,1,0,17764,7.4,2617,2411,23.5,1776.4,3,9,2,0,0,15147,6.6,-2617,-2411,22,1514.7
1,4,3,3,0,0,16275,7.4,846,1138,24.4,1627.5,3,4,1,0,0,15429,7.2,-846,-1138,23.3,1542.9
1,11,2,12,2,0,20124,7.4,14,-28,23,2012.4,2,11,2,0,0,13674,7,-14,28,20.5,1367.4
0,6,11,4,0,0,15775,6.8,-2861,-1651,20.6,1577.5,11,6,14,1,0,18636,7,2861,1651,21,1863.6
1,6,6,2,2,0,15693,6.6,355,818,19.9,1569.3,6,6,5,0,0,15338,6.6,-355,-818,19.2,1533.8
1,7,2,8,0,0,17479,7,2305,482,24.6,1747.9,2,7,0,2,0,15174,7.2,-2305,-482,22.6,1517.4
1,9,10,9,1,0,17840,7.2,-359,784,22.6,1784,10,9,9,1,0,18199,7,359,-784,20.7,1819.9
0,5,6,8,0,0,15259,6.6,-3967,-3114,18,1525.9,6,5,8,0,0,19226,7,3967,3114,24.7,1922.6
0,4,11,3,1,0,15225,6.2,-5182,-3884,18.7,1522.5,11,4,9,1,0,16378,7.4,5182,3884,24.6,1637.8
1,9,4,11,0,0,17312,7,2344,1517,21.7,1731.2,4,9,4,0,0,14968,6.8,-2344,-1517,20.1,1496.8
0,8,4,10,1,0,16696,7,865,1006,20.6,1669.6,4,8,3,0,0,15831,6.6,-865,-1006,22,1583.1
1,6,7,6,0,0,16690,7.2,-516,-3,23.5,1669,7,6,9,1,0,17206,7,516,3,23.5,1720.6
0,5,6,3,0,0,16225,7,-38,1167,21.9,1622.5,6,5,8,0,0,16263,6.8,38,-1167,23.9,1626.3
0,4,8,8,0,0,15720,6.4,-2510,-4246,21.2,1572,8,4,5,2,0,18230,7.2,2510,4246,24.9,1823
0,2,13,2,0,0,13738,6.4,-6260,-3364,16.9,1373.8,13,2,15,0,0,19998,7,6260,3364,23.8,1999.8
1,10,5,7,1,0,18240,7,2953,1980,25.9,1824,5,10,4,0,0,15287,6.8,-2953,-1980,19.7,1528.7
1,6,4,7,1,0,16439,7.2,1603,1799,22,1643.9,4,6,1,1,0,14836,6.6,-1603,-1799,21.3,1483.6
0,4,7,3,0,0,15761,7,-1454,-1205,25.3,1576.1,7,4,6,0,0,17215,7.2,1454,1205,23.3,1721.5
0,9,8,10,1,0,18529,7.2,1550,910,22.7,1852.9,8,9,11,1,0,16979,6.6,-1550,-910,20.6,1697.9
0,8,10,8,0,0,16996,6.8,-1065,626,22.7,1699.6,10,8,13,0,0,18061,6.8,1065,-626,21.6,1806.1
1,10,8,10,0,0,17665,6.8,753,-587,20.7,1766.5,8,10,6,0,0,16912,6.8,-753,587,19.1,1691.2
1,7,10,5,1,0,16969,7,-877,418,19.8,1696.9,10,7,11,0,0,17846,7.2,877,-418,22.9,1784.6
0,2,5,3,1,0,15474,7.4,-902,385,24.4,1547.4,5,2,7,1,0,16376,7.2,902,-385,23.7,1637.6
1,11,5,15,1,0,18204,7,1790,350,18.6,1820.4,5,11,4,0,0,16414,7,-1790,-350,22.9,1641.4
0,6,5,10,0,0,17160,7,1497,717,24.1,1716,5,6,4,1,0,15663,6.8,-1497,-717,21.8,1566.3
1,6,3,4,0,0,16876,7,2717,2815,25.6,1687.6,3,6,4,0,0,14159,6.4,-2717,-2815,20.5,1415.9
1,10,6,7,0,0,18129,7.2,2428,2186,23,1812.9,6,10,9,1,0,15701,6.8,-2428,-2186,21.2,1570.1
1,6,7,4,0,0,17210,7.4,42,1367,24.3,1721,7,6,3,1,0,17168,7,-42,-1367,25.5,1716.8
1,5,10,3,0,0,15067,6.6,-3574,-387,20.3,1506.7,10,5,14,1,0,18641,6.6,3574,387,21.8,1864.1
0,5,5,4,1,0,15013,7,-1008,-717,19.8,1501.3,5,5,6,0,0,16021,7,1008,717,22.5,1602.1
1,7,6,6,0,0,16946,7.4,714,1650,22.1,1694.6,6,7,7,0,0,16232,6.8,-714,-1650,21.5,1623.2
1,11,5,11,0,0,18403,7.4,2239,1539,23.9,1840.3,5,11,4,1,0,16164,6.6,-2239,-1539,23.1,1616.4
0,2,5,2,1,0,14115,6.8,-1909,-1282,19.9,1411.5,5,2,5,1,0,16024,7,1909,1282,22.9,1602.4
1,2,4,0,0,0,15321,7,305,992,25.5,1532.1,4,2,5,1,0,15016,6.8,-305,-992,22.2,1501.6
0,5,5,0,0,0,15850,7,144,312,21.6,1585,5,5,4,1,0,15706,7.2,-144,-312,23.8,1570.6
1,3,1,3,0,0,15704,7,789,-175,24.6,1570.4,1,3,2,1,0,14915,6.8,-789,175,23.2,1491.5
1,5,5,7,1,0,17716,7,8,-625,21.6,1771.6,5,5,4,1,0,17708,7.2,-8,625,24.9,1770.8
0,6,7,8,1,0,16604,7,-754,-157,23.5,1660.4,7,6,9,0,0,17358,6.8,754,157,24.3,1735.8
0,4,8,6,0,0,14808,6.6,-3363,-1920,18,1480.8,8,4,7,0,0,18171,7,3363,1920,21.2,1817.1
1,6,4,8,0,0,15924,6.8,-510,-837,19.1,1592.4,4,6,7,1,0,16434,7,510,837,22.5,1643.4
0,3,5,7,0,0,14994,6.6,-1080,-1664,19.9,1499.4,5,3,3,1,0,16074,7,1080,1664,23.5,1607.4
0,1,5,0,0,0,13533,6.4,-2191,-1498,21.2,1353.3,5,1,9,1,0,15724,6.8,2191,1498,20.7,1572.4
1,6,3,4,0,0,18314,7.6,3274,3262,25.7,1831.4,3,6,3,1,0,15040,7,-3274,-3262,19.5,1504
0,4,7,4,0,0,16387,7.2,149,210,23.5,1638.7,7,4,9,1,0,16238,6.8,-149,-210,20.2,1623.8
0,6,6,4,0,0,15629,6.8,-317,-27,21.2,1562.9,6,6,11,1,0,15946,6.8,317,27,20,1594.6
1,4,1,1,1,0,16070,7,2422,1766,25.1,1607,1,4,3,0,0,13648,6.6,-2422,-1766,19.9,1364.8
0,4,4,5,1,0,15596,6.8,370,-66,22.3,1559.6,4,4,4,0,0,15226,7,-370,66,20,1522.6
1,5,2,8,1,0,17010,7,2312,1175,25,1701,2,5,2,0,0,14698,6.6,-2312,-1175,22,1469.8
0,8,9,10,1,0,17431,7,-96,277,20.8,1743.1,9,8,8,1,0,17527,6.6,96,-277,21.5,1752.7
0,7,11,6,0,0,16664,6.8,-2262,-1763,21.4,1666.4,11,7,16,1,0,18926,7.4,2262,1763,19.5,1892.6
0,4,11,5,0,0,15144,6.4,-4293,-3731,19.7,1514.4,11,4,6,0,0,19437,7.4,4293,3731,24.1,1943.7
0,5,6,8,0,0,15703,6.6,-1085,-1869,19.5,1570.3,6,5,5,2,0,16788,7.2,1085,1869,22.9,1678.8
1,10,5,15,0,0,18062,6.8,2301,667,22,1806.2,5,10,9,1,0,15761,6.6,-2301,-667,20.4,1576.1
0,7,5,8,1,0,16787,6.8,800,-237,20.8,1678.7,5,7,7,0,0,15987,6.8,-800,237,23.6,1598.7
1,12,10,5,1,0,19785,7.4,2510,2517,22.1,1978.5,10,12,10,1,0,17275,7,-2510,-2517,21.3,1727.5
1,10,5,9,2,0,18408,7.4,1917,1186,20.8,1840.8,5,10,4,0,0,16491,7,-1917,-1186,21.1,1649.1
0,11,11,13,1,0,18614,7,-558,-1482,20.8,1861.4,11,11,15,0,0,19172,7.6,558,1482,22.7,1917.2
1,12,10,12,1,0,19704,7,3067,503,20.9,1970.4,10,12,6,1,0,16637,6.8,-3067,-503,17.4,1663.7
0,2,5,2,1,0,15281,6.8,-1201,-919,24.8,1528.1,5,2,11,0,0,16482,6.8,1201,919,24.7,1648.2
0,1,3,1,1,0,13253,6.4,-2310,-2290,19,1325.3,3,1,1,0,0,15563,7.4,2310,2290,24.8,1556.3
0,8,8,15,1,0,17192,7,203,557,19,1719.2,8,8,14,0,0,16989,6.8,-203,-557,23.5,1698.9
0,6,5,9,1,0,16796,6.8,117,248,23.2,1679.6,5,6,9,0,0,16679,6.8,-117,-248,22.1,1667.9
1,11,7,10,1,0,18582,6.8,2419,1118,20.7,1858.2,7,11,8,0,0,16163,7,-2419,-1118,19.3,1616.3
0,6,5,7,1,0,17098,7.4,447,919,24.3,1709.8,5,6,6,0,0,16651,7,-447,-919,22,1665.1
0,5,6,5,1,0,15766,6.8,-1219,-759,20.9,1576.6,6,5,10,1,0,16985,7,1219,759,22.7,1698.5
1,3,5,3,1,0,14767,6.8,-1371,-1951,21.4,1476.7,5,3,4,0,0,16138,7,1371,1951,25.6,1613.8
1,10,3,13,2,0,18929,7,3235,1168,17,1892.9,3,10,6,0,0,15694,7,-3235,-1168,24.1,1569.4
1,10,5,12,1,0,18046,7.4,2299,1804,22.6,1804.6,5,10,5,0,0,15747,7.2,-2299,-1804,22.9,1574.7
0,8,10,6,1,0,17035,7,-1556,-3181,20.4,1703.5,10,8,9,0,0,18591,7.4,1556,3181,21.3,1859.1
0,3,7,3,0,0,15992,6.8,-1323,-1622,25.1,1599.2,7,3,10,2,0,17315,7.2,1323,1622,21.8,1731.5
1,8,6,11,0,0,17791,7,1625,552,21.6,1779.1,6,8,9,1,0,16166,6.8,-1625,-552,21.5,1616.6
1,5,4,3,1,0,16517,6.8,819,-48,24.6,1651.7,4,5,4,0,0,15698,7.2,-819,48,24.5,1569.8
0,7,8,4,1,0,15863,7,-735,-742,17.8,1586.3,8,7,3,0,0,16598,7,735,742,23.1,1659.8
1,5,2,5,0,0,16779,7,2386,395,26.8,1677.9,2,5,4,0,0,14393,7,-2386,-395,20.4,1439.3
0,10,9,8,0,0,17145,6.8,-1281,-525,18,1714.5,9,10,9,0,0,18426,7,1281,525,21.2,1842.6
1,4,5,4,0,0,15161,7,-786,-837,19.4,1516.1,5,4,3,1,0,15947,7.2,786,837,23.1,1594.7
1,6,9,5,1,0,17451,7,-224,-1881,24.9,1745.1,9,6,10,0,0,17675,7.4,224,1881,20.5,1767.5
1,7,4,10,0,0,18342,7.4,2587,2759,22.4,1834.2,4,7,3,1,0,15755,6.6,-2587,-2759,21.3,1575.5
1,5,5,8,1,0,16498,7,460,183,25.9,1649.8,5,5,7,0,0,16038,7,-460,-183,21.3,1603.8
0,3,8,2,0,0,14975,7,-3348,-1795,22.7,1497.5,8,3,10,1,0,18323,7.2,3348,1795,22.4,1832.3
1,9,2,7,1,0,17017,7,2350,2705,20.4,1701.7,2,9,3,1,0,14667,6.6,-2350,-2705,22,1466.7
0,2,10,1,0,0,13872,6.4,-6115,-3209,19.7,1387.2,10,2,9,0,0,19987,7.4,6115,3209,26.4,1998.7
1,8,8,9,2,0,17940,7.4,1340,1826,21.6,1794,8,8,4,0,0,16600,6.8,-1340,-1826,21.9,1660
0,3,8,4,0,0,14037,6.2,-2491,-2521,16.7,1403.7,8,3,6,2,0,16528,7,2491,2521,20.2,1652.8
0,5,7,6,1,0,15534,7,-1109,-1493,20.7,1553.4,7,5,4,0,0,16643,7.2,1109,1493,22.3,1664.3
1,8,6,11,1,0,18074,7.4,1634,1007,25.2,1807.4,6,8,7,0,0,16440,7,-1634,-1007,22.3,1644
1,11,8,15,2,0,17640,6.6,1252,-271,16.4,1764,8,11,11,0,0,16388,6.8,-1252,271,17.6,1638.8
1,3,5,4,1,0,15539,6.8,-244,1250,24.1,1553.9,5,3,3,0,0,15783,6.8,244,-1250,18.5,1578.3
1,9,6,10,1,0,17854,7,2180,462,17,1785.4,6,9,6,1,0,15674,6.8,-2180,-462,20.9,1567.4
1,9,6,10,2,0,18924,7,2660,-730,21.6,1892.4,6,9,3,0,0,16264,7,-2660,730,22.1,1626.4
1,10,2,7,1,0,18828,7.4,4124,3900,24.4,1882.8,2,10,1,0,0,14704,6.8,-4124,-3900,22,1470.4
1,6,6,4,0,0,16192,7,34,985,21.8,1619.2,6,6,7,1,0,16158,6.8,-34,-985,20.9,1615.8
1,9,9,10,0,0,17312,6.6,-674,530,23.1,1731.2,9,9,13,0,0,17986,6.8,674,-530,20,1798.6
0,3,3,4,0,0,14951,6.8,-1036,-942,22.5,1495.1,3,3,3,1,0,15987,7.2,1036,942,25.2,1598.7
0,8,6,11,1,0,17405,7,1059,-338,20.4,1740.5,6,8,9,0,0,16346,7,-1059,338,22.1,1634.6
1,12,13,12,0,0,19201,7,-1398,-26,21.5,1920.1,13,12,13,1,0,16378,7.2,1398,26,21.5,1637.8
1,13,0,14,1,0,20095,7.6,14,4384,21.9,2009.5,0,13,0,0,0,13325,6.6,-14,-4384,19.9,1332.5
0,3,5,3,1,0,14799,6.6,-1302,-611,22.7,1479.9,5,3,6,0,0,16101,6.8,1302,611,20.1,1610.1
1,4,1,3,2,0,17220,7.4,3373,2086,23.3,1722,1,4,0,0,0,13847,7,-3373,-2086,22.5,1384.7
0,5,8,6,2,0,15494,6.4,-3528,-2277,18.7,1549.4,8,5,8,0,0,19022,7,3528,2277,26,1902.2
1,12,9,6,0,0,18722,7.2,941,2107,21.2,1872.2,9,12,7,1,0,17781,6.6,-941,-2107,22.5,1778.1
1,5,8,4,0,0,15440,6.6,-1404,443,20.9,1544,8,5,12,0,0,16844,6.6,1404,-443,18.8,1684.4
1,6,3,6,0,0,16398,7.8,14,-28,24,1639.8,3,6,7,0,0,14611,6.2,-14,28,18.9,1461.1
0,6,9,5,1,0,16525,6.8,-1782,-972,20.4,1652.5,9,6,11,1,0,18307,7.2,1782,972,21.7,1830.7
1,6,3,5,1,0,16638,7.2,1402,1512,21.2,1663.8,3,6,3,0,0,15236,6.8,-1402,-1512,23,1523.6
1,3,3,3,0,0,15562,6.8,472,-797,22.4,1556.2,3,3,3,0,0,15090,7,-472,797,22.2,1509
1,2,0,4,2,0,15919,6.6,1935,411,26.2,1591.9,0,2,0,0,0,13984,6.6,-1935,-411,24.4,1398.4
0,4,6,8,1,0,15922,7,-1185,-1150,24.5,1592.2,6,4,7,1,0,17107,7.2,1185,1150,23.6,1710.7
1,3,5,2,1,0,15213,6.8,-388,-325,25.2,1521.3,5,3,3,0,0,15601,7,388,325,20.9,1560.1
0,7,3,12,2,0,16247,6.6,1768,939,20.5,1624.7,3,7,2,0,0,14479,6.6,-1768,-939,18.9,1447.9
1,10,3,8,2,0,19082,7.2,5391,2596,23.1,1908.2,3,10,2,0,0,13691,6.2,-5391,-2596,17.6,1369.1
1,6,3,8,1,0,17146,7.2,2326,1907,21.9,1714.6,3,6,2,0,0,14820,6.6,-2326,-1907,20.6,1482
1,5,1,7,1,0,17079,7.6,2508,1742,23.8,1707.9,1,5,2,0,0,14571,7.2,-2508,-1742,24.9,1457.1
0,6,7,7,0,0,17330,7,-365,-1278,23.7,1733,7,6,8,1,0,17695,7.2,365,1278,22.7,1769.5
0,7,3,7,0,0,16838,7.2,1828,302,23.9,1683.8,3,7,0,1,0,15010,6.8,-1828,-302,23.5,1501
0,8,9,8,1,0,17424,6.8,-836,-1109,22,1742.4,9,8,14,0,0,18260,7.2,836,1109,21.1,1826
0,5,4,9,0,0,15885,6.8,-350,626,23.3,1588.5,4,5,5,0,0,16235,7,350,-626,22.1,1623.5
0,7,4,10,1,0,16339,7,457,-959,22.4,1633.9,4,7,3,1,0,15882,7,-457,959,25.4,1588.2
1,7,2,10,1,0,17693,7.2,3712,2007,24.1,1769.3,2,7,4,0,0,13981,6.6,-3712,-2007,19.6,1398.1
1,6,5,6,1,0,20032,7.4,3931,4106,16.6,2003.2,5,6,4,0,0,16101,6.6,-3931,-4106,19.8,1610.1
1,4,4,5,1,0,15447,7,63,261,20.1,1544.7,4,4,1,1,0,15384,6.8,-63,-261,22.8,1538.4
0,3,8,4,0,0,14099,6.4,-4496,-4428,20,1409.9,8,3,10,2,0,18595,7.4,4496,4428,22.7,1859.5
1,3,6,6,1,0,15335,6.6,-839,-82,21.9,1533.5,6,3,5,0,0,16174,7,839,82,22.5,1617.4
0,2,13,2,0,0,14198,6.4,-4030,-2539,19.5,1419.8,13,2,15,0,0,18228,7,4030,2539,19.8,1822.8
1,4,6,4,0,0,15298,6.6,-1596,-1269,20.8,1529.8,6,4,10,1,0,16894,6.8,1596,1269,21,1689.4
0,4,11,3,1,0,15564,6.8,-4523,-3174,23.6,1556.4,11,4,9,1,0,20087,7.6,4523,3174,23.1,2008.7
1,8,4,2,2,0,17696,7.2,1786,2804,22.4,1769.6,4,8,7,0,0,15910,6.4,-1786,-2804,20,1591
1,6,8,4,1,0,16047,6.8,-1495,330,21.4,1604.7,8,6,11,0,0,17542,6.8,1495,-330,20.5,1754.2
0,3,8,5,0,0,14112,6.4,-2834,-2773,21.6,1411.2,8,3,8,1,0,16946,7,2834,2773,20.3,1694.6
0,3,5,2,0,0,15314,7,-888,1328,22.6,1531.4,5,3,3,1,0,16202,6.8,888,-1328,22,1620.2
1,7,10,11,1,0,16057,6.8,-2259,-898,18.7,1605.7,10,7,14,0,0,18316,6.8,2259,898,22.7,1831.6
1,6,6,6,0,0,16266,7,1300,127,20.8,1626.6,6,6,4,1,0,14966,7.2,-1300,-127,21.8,1496.6
0,4,11,4,1,0,15168,6.6,-3764,-1700,19.7,1516.8,11,4,12,0,0,18932,6.8,3764,1700,19.8,1893.2
1,9,10,13,1,0,17665,6.8,-1426,-272,21.1,1766.5,10,9,14,1,0,19091,7.2,1426,272,21.4,1909.1
0,4,5,2,1,0,14366,6.8,-1614,15,20.7,1436.6,5,4,9,1,0,15980,7,1614,-15,21.6,1598
1,11,7,14,0,0,19106,6.8,2013,900,18.9,1910.6,7,11,8,0,0,17093,6.6,-2013,-900,18.8,1709.3
0,0,9,0,1,0,13850,6.8,-4513,-2787,21.7,1385,9,0,15,0,0,18363,7.4,4513,2787,24.6,1836.3
0,7,12,4,0,0,15633,6.4,-5271,-4236,18.8,1563.3,12,7,14,2,0,16378,7.6,5271,4236,26.9,1637.8
1,9,8,8,0,0,17208,6.8,-197,919,19.4,1720.8,8,9,10,0,0,17405,6.6,197,-919,21.8,1740.5
0,6,6,6,2,0,15771,6.8,-2842,-1722,18.7,1577.1,6,6,9,0,0,18613,7,2842,1722,26.4,1861.3
0,2,9,2,1,0,14132,6.8,-4668,-3772,21,1413.2,9,2,11,1,0,18800,7.6,4668,3772,22.6,1880
1,14,3,6,1,0,18413,7.2,3994,3953,19.6,1841.3,3,14,2,0,0,14419,6.2,-3994,-3953,21.3,1441.9
0,6,11,6,1,0,15673,6.6,-2420,-2518,19.7,1567.3,11,6,10,0,0,18093,7.4,2420,2518,19.7,1809.3
1,6,1,2,1,0,17091,7.2,2805,2754,22.9,1709.1,1,6,1,0,0,14286,6.6,-2805,-2754,23.5,1428.6
0,8,7,7,0,0,16885,6.6,-11,-1495,22,1688.5,7,8,6,1,0,16896,7.2,11,1495,21.3,1689.6
0,3,10,6,0,0,14836,6.4,-3421,-2836,21.4,1483.6,10,3,9,1,0,18257,7.2,3421,2836,22.9,1825.7
0,11,8,7,0,0,18303,7.2,1142,841,22,1830.3,8,11,7,0,0,17161,7,-1142,-841,20.1,1716.1
0,4,8,8,0,0,15503,6.8,-2892,-2716,20.4,1550.3,8,4,6,2,0,18395,7.6,2892,2716,26.1,1839.5
1,3,3,3,1,0,15398,6.8,324,231,22.7,1539.8,3,3,1,1,0,15074,6.8,-324,-231,23.9,1507.4
0,11,3,15,0,0,18420,7.4,3865,3559,21.4,1842,3,11,3,1,0,14555,6.4,-3865,-3559,20.3,1455.5
0,4,11,5,0,0,14702,6.6,-3191,-1620,19.3,1470.2,11,4,6,1,0,17893,7,3191,1620,21.9,1789.3
1,12,9,8,0,0,19355,7.6,2070,1019,20.8,1935.5,9,12,9,0,0,17285,7.2,-2070,-1019,21.7,1728.5
1,5,9,4,0,0,14980,6.8,-3729,-3285,18.7,1498,9,5,7,1,0,18709,7.6,3729,3285,25.7,1870.9
1,6,10,7,2,0,17520,7.4,-1127,471,23.9,1752,10,6,10,0,0,18647,7.2,1127,-471,23.9,1864.7
1,6,4,6,2,0,16398,7.4,14,-28,22,1639.8,4,6,3,0,0,14544,6.2,-14,28,17,1454.4
1,3,4,5,1,0,15565,6.8,350,-664,22.7,1556.5,4,3,4,1,0,15215,7,-350,664,22.1,1521.5
0,7,4,7,1,0,16723,6.8,2568,3054,19.3,1672.3,4,7,6,0,0,14155,6.2,-2568,-3054,18.3,1415.5
0,3,6,2,0,0,15096,6.8,-1625,-2418,22.2,1509.6,6,3,10,0,0,16721,7,1625,2418,23.6,1672.1
0,4,6,0,0,0,14827,6.6,-2713,-1237,20.7,1482.7,6,4,11,2,0,17540,7.2,2713,1237,24.7,1754
1,10,4,10,1,0,17354,7,1743,2124,21.7,1735.4,4,10,4,0,0,15611,6.8,-1743,-2124,23.6,1561.1
0,5,7,5,1,0,15814,6.8,-1706,-685,22.9,1581.4,7,5,10,1,0,17520,7,1706,685,23.8,1752
0,5,6,4,0,0,15882,6.6,-764,-128,23.1,1588.2,6,5,6,1,0,16646,6.8,764,128,22.5,1664.6
0,3,9,4,0,0,15331,6.6,-2436,-3016,21.2,1533.1,9,3,5,1,0,17767,7.2,2436,3016,23.7,1776.7
0,8,14,11,0,0,17886,6.4,-1988,-1490,21.9,1788.6,14,8,6,2,0,19874,6.8,1988,1490,21.8,1987.4
1,5,5,6,1,0,16897,7.2,942,952,21.8,1689.7,5,5,4,0,0,15955,6.8,-942,-952,22,1595.5
1,4,7,4,0,0,15613,6.6,-1002,-498,24.4,1561.3,7,4,9,2,0,16615,7,1002,498,18.1,1661.5
1,8,3,15,1,0,16902,7.2,1787,1001,18.9,1690.2,3,8,4,1,0,15115,6.8,-1787,-1001,22.2,1511.5
0,9,6,10,0,0,16544,6.6,1239,568,19.1,1654.4,6,9,8,1,0,15305,6.4,-1239,-568,17.9,1530.5
0,8,8,8,0,0,16357,6.6,-232,97,19.3,1635.7,8,8,8,1,0,16589,6.6,232,-97,19.6,1658.9
1,6,3,6,1,0,16255,7,974,748,22.5,1625.5,3,6,4,0,0,15281,7,-974,-748,20.1,1528.1
1,4,6,7,1,0,16685,7,289,-201,23.6,1668.5,6,4,4,1,0,16396,7,-289,201,23.4,1639.6
0,4,12,3,0,0,15036,6.4,-2568,-3931,19.4,1503.6,12,4,8,0,0,17604,7.4,2568,3931,19.8,1760.4
1,9,5,7,1,0,17554,7,2402,2330,24,1755.4,5,9,3,0,0,15152,6.4,-2402,-2330,17.2,1515.2
0,6,2,10,1,0,17066,7,1998,1200,23,1706.6,2,6,2,0,0,15068,6.8,-1998,-1200,25.3,1506.8
0,4,3,7,0,0,15989,6.8,-77,-1515,25.4,1598.9,3,4,3,2,0,16066,7,77,1515,25,1606.6
1,7,5,5,0,0,15984,7,763,1019,20.5,1598.4,5,7,6,1,0,15221,6.8,-763,-1019,17.5,1522.1
0,11,8,12,0,0,17804,6.8,1092,806,21,1780.4,8,11,10,0,0,16712,6.6,-1092,-806,20.8,1671.2
0,7,7,9,1,0,16136,6.4,436,-475,21.2,1613.6,7,7,6,0,0,15700,6.8,-436,475,19,1570
0,3,7,4,0,0,14631,6.8,-2671,-719,22.6,1463.1,7,3,6,1,0,17302,7,2671,719,25.2,1730.2
0,4,8,3,0,0,14668,6.6,-2958,-1446,19.3,1466.8,8,4,9,1,0,17626,7,2958,1446,23.2,1762.6
1,10,1,14,2,0,19263,7.2,4739,2119,23.6,1926.3,1,10,0,0,0,14524,6.8,-4739,-2119,23.1,1452.4
1,2,7,2,0,0,14645,6.8,-1518,-2542,22.4,1464.5,7,2,4,0,0,16163,7.2,1518,2542,20.7,1616.3
1,8,6,7,0,0,17628,7,1458,1753,23.3,1762.8,6,8,5,1,0,16170,7,-1458,-1753,19.6,1617
1,4,7,8,0,0,16002,6.6,98,-786,20.4,1600.2,7,4,8,1,0,15904,6.6,-98,786,19.3,1590.4
0,5,12,6,0,0,15851,6.6,-3248,-2442,18.2,1585.1,12,5,9,1,0,19099,7.2,3248,2442,24.3,1909.9
1,10,1,9,1,0,18484,7,3439,3469,23,1848.4,1,10,1,0,0,15045,6.4,-3439,-3469,21.8,1504.5
0,6,4,8,0,0,15840,6.8,-376,-1118,20.4,1584,4,6,4,0,0,16216,6.8,376,1118,22.8,1621.6
1,9,4,8,1,0,18829,7.2,4141,2833,23.3,1882.9,4,9,3,0,0,14688,6.6,-4141,-2833,19.8,1468.8
0,7,11,8,1,0,16728,7,-2358,-1400,19.1,1672.8,11,7,11,1,0,19086,7.2,2358,1400,21.1,1908.6
0,7,13,5,0,0,15744,6.8,-3762,-1626,20.1,1574.4,13,7,16,2,0,19506,6.8,3762,1626,21.3,1950.6
0,4,7,5,1,0,16640,7,159,-369,22.3,1664,7,4,4,1,0,16481,7.2,-159,369,21.4,1648.1
0,2,6,0,0,0,13744,6.8,-2438,-1929,20.7,1374.4,6,2,5,0,0,16182,6.8,2438,1929,24.1,1618.2
1,8,7,15,0,0,17885,6.8,2071,1096,21.6,1788.5,7,8,10,1,0,15814,6.6,-2071,-1096,18.8,1581.4
1,10,1,8,1,0,18646,7,5148,2922,23.7,1864.6,1,10,0,0,0,13498,6.4,-5148,-2922,21,1349.8
0,2,5,3,0,0,14219,6.6,-2405,-1720,21.3,1421.9,5,2,7,0,0,16624,6.8,2405,1720,23.5,1662.4
1,4,3,4,0,0,15616,6.8,441,379,22.4,1561.6,3,4,2,0,0,15175,6.8,-441,-379,23,1517.5
1,10,10,14,1,0,19177,7,759,-221,19.7,1917.7,10,10,11,1,0,18418,7,-759,221,17.8,1841.8
0,5,4,4,0,0,15977,7,898,732,20.5,1597.7,4,5,2,0,0,15079,7,-898,-732,21.5,1507.9
1,9,6,10,2,0,18302,7.2,2397,958,22.8,1830.2,6,9,8,0,0,15905,7,-2397,-958,20.2,1590.5
1,5,3,9,1,0,15634,6.8,1149,1056,22.3,1563.4,3,5,5,0,0,14485,6.4,-1149,-1056,20.8,1448.5
1,5,5,5,0,0,16165,7.2,857,1040,22.9,1616.5,5,5,3,1,0,15308,7,-857,-1040,19.7,1530.8
0,6,9,5,0,0,15900,6.6,-3237,-2680,20.8,1590,9,6,6,1,0,19137,7,3237,2680,21.9,1913.7
1,8,6,10,1,0,17776,6.8,1072,411,22.4,1777.6,6,8,8,0,0,16704,6.6,-1072,-411,23.8,1670.4
1,9,13,12,1,0,17597,6.6,-1522,-1504,18.8,1759.7,13,9,15,0,0,19119,6.8,1522,1504,18.5,1911.9
1,2,6,2,0,0,14071,6.8,-2633,-1640,23.1,1407.1,6,2,6,1,0,16704,6.8,2633,1640,23.8,1670.4
0,8,9,8,1,0,17380,7.2,-213,399,22,1738,9,8,14,0,0,17593,7,213,-399,21.5,1759.3
0,3,5,2,0,0,14666,6.8,-3315,-2013,21.5,1466.6,5,3,2,2,0,17981,7.2,3315,2013,25.7,1798.1
0,11,4,4,1,0,18232,7.4,3987,3310,23.1,1823.2,4,11,3,0,0,14245,6.4,-3987,-3310,16.8,1424.5
1,7,8,8,0,0,17004,7.2,-417,81,19.3,1700.4,8,7,7,1,0,17421,7.2,417,-81,20.6,1742.1
1,7,6,5,0,0,15664,6.6,-4732,-1805,17.4,1566.4,6,7,6,1,0,20396,7,4732,1805,22.8,2039.6
0,10,8,6,1,0,18432,7,1517,-69,20.3,1843.2,8,10,16,1,0,16915,6.8,-1517,69,19.3,1691.5
0,3,11,3,0,0,15495,7,-2609,-2248,23.1,1549.5,11,3,7,1,0,18104,7,2609,2248,23.7,1810.4
1,5,7,4,1,0,16318,7.2,-67,-481,23.4,1631.8,7,5,4,0,0,16385,7.2,67,481,20,1638.5
1,5,3,9,1,0,16123,6.6,593,-702,20.4,1612.3,3,5,2,0,0,15530,7,-593,702,23.8,1553
1,2,8,2,0,0,14079,7,-3388,-1882,20.7,1407.9,8,2,6,1,0,17467,7.2,3388,1882,23.9,1746.7
1,9,2,13,1,0,18081,7.2,4233,3106,21.4,1808.1,2,9,2,0,0,13848,6.6,-4233,-3106,19.3,1384.8
1,6,8,7,0,0,16449,6.6,-167,-395,23.2,1644.9,8,6,9,0,0,16616,7,167,395,19.6,1661.6
0,2,4,1,0,0,14947,7,-2088,-2417,24.1,1494.7,4,2,4,1,0,17035,7.2,2088,2417,21.8,1703.5
0,5,7,8,1,0,15457,6.6,-1647,-3035,19.1,1545.7,7,5,7,1,0,17104,7.4,1647,3035,25.1,1710.4
0,5,4,6,1,0,17129,7.2,1004,211,25.6,1712.9,4,5,4,0,0,16125,6.8,-1004,-211,23.4,1612.5
1,8,6,7,2,0,17527,7.2,1625,1945,23.6,1752.7,6,8,2,0,0,15902,6.8,-1625,-1945,20.8,1590.2
0,4,10,3,0,0,14396,6.6,-4339,-2857,20.3,1439.6,10,4,4,0,0,18735,7,4339,2857,23.4,1873.5
1,5,8,6,1,0,16131,7,-1142,229,20.6,1613.1,8,5,6,1,0,17273,6.8,1142,-229,22.1,1727.3
1,10,3,10,0,0,19476,7.8,4774,3524,26.2,1947.6,3,10,3,1,0,14702,6.8,-4774,-3524,21.1,1470.2
0,3,6,5,0,0,14316,6.2,-5219,-4005,19.5,1431.6,6,3,6,1,0,19535,7.2,5219,4005,18.3,1953.5
1,3,7,3,0,0,15159,6.6,-1984,-1530,23.5,1515.9,7,3,16,1,0,17143,6.8,1984,1530,23.8,1714.3
1,5,3,2,0,0,15800,7,697,700,23.6,1580,3,5,6,1,0,15103,6.8,-697,-700,20.9,1510.3
0,5,5,6,0,0,16780,7,774,1187,25.3,1678,5,5,7,1,0,16006,7,-774,-1187,23.3,1600.6
0,7,5,7,1,0,16424,7,427,479,20.5,1642.4,5,7,4,0,0,15997,7,-427,-479,23.7,1599.7
1,3,4,2,1,0,17035,7.2,1487,617,25.7,1703.5,4,3,6,1,0,15548,7,-1487,-617,22.3,1554.8
0,3,5,4,0,0,14776,6.8,-1960,-1464,20.3,1477.6,5,3,5,1,0,16736,7.2,1960,1464,25.2,1673.6
1,10,1,15,0,0,18697,7.2,4695,2313,23.7,1869.7,1,10,1,0,0,14002,6.4,-4695,-2313,23.5,1400.2
0,3,2,7,0,0,14452,6.8,47,-264,20.2,1445.2,2,3,2,1,0,14405,6.6,-47,264,22.6,1440.5
0,6,13,6,1,0,16540,7,-2145,-917,23.5,1654,13,6,15,1,0,18685,7.2,2145,917,19.3,1868.5
0,8,6,5,2,0,16650,6.8,907,-411,23.3,1665,6,8,3,0,0,15743,6.6,-907,411,19.5,1574.3
1,7,5,6,1,0,16887,7,1564,1214,21.2,1688.7,5,7,5,1,0,15323,6.6,-1564,-1214,20,1532.3
0,11,7,12,1,0,18096,7.2,686,350,22.2,1809.6,7,11,7,1,0,17410,7,-686,-350,19.3,1741
1,6,4,7,2,0,16199,7,531,947,21.3,1619.9,4,6,4,0,0,15668,6.8,-531,-947,23.4,1566.8
1,6,8,8,1,0,16956,7,-506,-228,19.7,1695.6,8,6,9,0,0,17462,7,506,228,23.4,1746.2
1,7,8,5,0,0,15646,7,-1528,-1421,19.2,1564.6,8,7,8,1,0,17174,7.2,1528,1421,22.5,1717.4
1,4,6,5,1,0,15426,7,-2376,-894,20.7,1542.6,6,4,9,1,0,17802,7,2376,894,22.7,1780.2
0,6,7,8,0,0,16308,7,-313,-1056,21.7,1630.8,7,6,10,1,0,16621,7,313,1056,20.7,1662.1
0,4,6,2,0,0,15293,6.8,-1306,-998,20.4,1529.3,6,4,9,2,0,16599,7,1306,998,22.1,1659.9
0,4,4,4,1,0,16389,6.6,997,-1143,21,1638.9,4,4,4,1,0,15392,7.2,-997,1143,20.4,1539.2
1,10,7,9,2,0,18572,7.2,1923,734,20.8,1857.2,7,10,4,0,0,16649,7,-1923,-734,20.5,1664.9
1,8,6,8,2,0,18250,7,2518,860,23.5,1825,6,8,6,0,0,15732,6.6,-2518,-860,21.6,1573.2
1,4,12,7,0,0,15123,6.6,-4949,-3427,16.9,1512.3,12,4,14,2,0,20072,7.2,4949,3427,22.1,2007.2
0,8,6,7,0,0,16793,6.8,115,-80,21,1679.3,6,8,6,1,0,16678,6.8,-115,80,23.8,1667.8
1,2,9,1,0,0,14259,6.4,-4814,-3701,21.6,1425.9,9,2,14,2,0,19073,7.4,4814,3701,24,1907.3
1,4,2,4,1,0,16607,7,2261,1906,26.1,1660.7,2,4,0,0,0,14346,6.6,-2261,-1906,22.1,1434.6
0,5,14,3,0,0,15425,6.6,-2904,-3121,20.4,1542.5,14,5,10,0,0,18329,7.2,2904,3121,21.2,1832.9
1,9,2,9,2,0,20464,7.4,14,4613,25.1,2046.4,2,9,2,0,0,13867,6.2,-14,-4613,21.5,1386.7
0,3,7,2,1,0,14344,6.6,-4269,-3208,19.3,1434.4,7,3,5,0,0,18613,7.2,4269,3208,23.2,1861.3
1,4,4,3,0,0,15936,6.8,218,-1933,22.9,1593.6,4,4,5,1,0,15718,7,-218,1933,24.3,1571.8
1,8,2,9,1,0,18188,7,3263,1440,20.8,1818.8,2,8,2,1,0,14925,6.8,-3263,-1440,20,1492.5
0,3,6,0,0,0,14686,6.8,-3597,-862,23.8,1468.6,6,3,8,1,0,18283,7,3597,862,24.3,1828.3
0,0,4,0,0,0,14211,7,-1725,-1169,22.7,1421.1,4,0,7,1,0,15936,7,1725,1169,23,1593.6
0,4,2,3,0,0,15995,7.2,500,64,22,1599.5,2,4,1,2,0,15495,7,-500,-64,23.4,1549.5
0,3,12,0,0,0,14798,6.8,-5533,-2481,22.5,1479.8,12,3,13,0,0,20331,7.6,5533,2481,23.3,2033.1
1,5,1,4,1,0,15823,7,2028,1165,19.7,1582.3,1,5,1,0,0,13795,6.8,-2028,-1165,20.5,1379.5
0,2,6,3,0,0,14874,6.8,-3131,-1768,23.2,1487.4,6,2,5,2,0,18005,7.2,3131,1768,22.1,1800.5
1,11,6,10,1,0,19517,7,3304,-85,21.6,1951.7,6,11,7,0,0,16213,7,-3304,85,20.8,1621.3
1,8,6,6,0,0,16691,6.8,-1421,-1364,19.1,1669.1,6,8,7,0,0,18112,7,1421,1364,23.7,1811.2
0,5,7,8,0,0,15328,6.4,-1980,-3337,19.1,1532.8,7,5,9,1,0,17308,7,1980,3337,22.7,1730.8
1,7,4,5,1,0,17052,7.2,1648,1881,23.4,1705.2,4,7,4,0,0,15404,6.6,-1648,-1881,22.3,1540.4
1,9,6,6,0,0,16749,6.6,239,285,17.7,1674.9,6,9,5,0,0,16510,6.6,-239,-285,21.9,1651
1,13,7,13,1,0,18022,6.8,1643,2462,18.2,1802.2,7,13,6,1,0,16379,6.2,-1643,-2462,21.8,1637.9
1,5,1,9,0,0,15675,6.8,994,-85,19.8,1567.5,1,5,1,1,0,14681,7,-994,85,24.3,1468.1
1,12,12,13,1,0,19131,7,-1025,-1860,20.9,1913.1,12,12,9,1,0,20156,7.6,1025,1860,22,2015.6
0,2,6,2,1,0,14294,6.6,-2820,-2226,22,1429.4,6,2,5,1,0,17114,7.4,2820,2226,23.6,1711.4
0,3,12,3,0,0,14232,6.6,-5617,-4035,21.6,1423.2,12,3,6,1,0,19849,7.6,5617,4035,23.8,1984.9
0,4,8,4,0,0,15715,6.8,-2733,-2104,22.9,1571.5,8,4,9,2,0,18448,7.4,2733,2104,23.7,1844.8
0,5,8,2,0,0,16003,7,5,185,22.1,1600.3,8,5,7,1,0,15998,6.8,-5,-185,18.9,1599.8
0,4,8,2,0,0,15901,6.8,-1333,284,23.3,1590.1,8,4,13,1,0,17234,7,1333,-284,21.4,1723.4
1,8,2,9,1,0,16699,7,1718,1073,23.8,1669.9,2,8,3,0,0,14981,6.8,-1718,-1073,22.5,1498.1
0,6,7,9,1,0,16269,7,-2132,-2887,22.2,1626.9,7,6,5,1,0,18401,7.4,2132,2887,25.5,1840.1
1,6,5,6,1,0,16398,7.2,14,4362,22.1,1639.8,5,6,7,1,0,14858,6.2,-14,-4362,16.5,1485.8
0,3,7,3,2,0,14618,6.6,-2564,-2469,19.9,1461.8,7,3,6,0,0,17182,7,2564,2469,24.4,1718.2
0,4,10,3,1,0,15571,6.8,-3481,-1919,22.8,1557.1,10,4,13,1,0,19052,7.4,3481,1919,25.8,1905.2
0,9,7,8,0,0,19087,7.2,2350,1981,25,1908.7,7,9,7,1,0,16737,7,-2350,-1981,21.6,1673.7
0,3,11,3,0,0,14731,6.6,-3804,-2878,19.3,1473.1,11,3,6,1,0,18535,7.4,3804,2878,21.7,1853.5
1,8,2,11,1,0,17375,7,2804,2924,24.1,1737.5,2,8,3,0,0,14571,6.6,-2804,-2924,22.6,1457.1
1,7,4,3,0,0,17116,7.2,951,-101,24.5,1711.6,4,7,3,1,0,16165,7.2,-951,101,25.2,1616.5
1,7,7,8,2,0,19435,7.4,2831,1855,24.8,1943.5,7,7,6,0,0,16604,6.8,-2831,-1855,19.7,1660.4
1,7,14,5,0,0,16467,6.6,-4264,-4127,19,1646.7,14,7,6,1,0,16378,7.4,4264,4127,24.5,1637.8
1,8,7,10,0,0,17409,6.8,2006,617,25.9,1740.9,7,8,4,1,0,15403,7,-2006,-617,18.3,1540.3
0,5,3,8,2,0,17492,7.4,1708,419,24.4,1749.2,3,5,3,0,0,15784,7.2,-1708,-419,23.7,1578.4
0,6,11,8,0,0,16536,6.8,-2018,-2401,23.2,1653.6,11,6,12,1,0,18554,7,2018,2401,23.2,1855.4
1,3,2,3,1,0,15298,7,383,-759,23.2,1529.8,2,3,0,0,0,14915,7.2,-383,759,23.3,1491.5
0,5,12,1,0,0,15217,6.4,-4199,-3576,19.3,1521.7,12,5,10,1,0,19416,7.2,4199,3576,27,1941.6
1,3,6,4,0,0,15930,7,-1240,-793,24.1,1593,6,3,6,1,0,17170,7.2,1240,793,25.2,1717
1,6,6,7,1,0,16521,6.8,90,-1069,21.4,1652.1,6,6,3,1,0,16431,7.2,-90,1069,24.3,1643.1
1,9,11,14,0,0,18306,6.8,737,50,20.7,1830.6,11,9,12,1,0,17569,7,-737,-50,18.3,1756.9
1,6,7,4,1,0,17248,7,993,1759,24.2,1724.8,7,6,7,1,0,16255,6.8,-993,-1759,19.2,1625.5
1,7,5,6,0,0,17327,7,2281,292,21.5,1732.7,5,7,2,0,0,15046,7,-2281,-292,20.5,1504.6
1,9,9,16,0,0,17561,6.8,-778,-1358,20.8,1756.1,9,9,10,1,0,18339,7.2,778,1358,23.1,1833.9
0,3,7,2,0,0,13964,6.6,-4178,-3371,19.6,1396.4,7,3,7,1,0,18142,7.4,4178,3371,23.1,1814.2
0,4,13,2,0,0,13337,7,-6092,-4820,21.8,1333.7,13,4,9,1,0,19429,7.2,6092,4820,21.6,1942.9
0,8,6,16,1,0,17252,7,-22,-801,19.7,1725.2,6,8,10,1,0,17274,7.2,22,801,22.8,1727.4
1,8,11,9,0,0,17735,7.4,-1421,-1547,20.3,1773.5,11,8,11,0,0,19156,7.4,1421,1547,24.6,1915.6
1,10,4,12,0,0,19621,7.6,4091,2830,26.1,1962.1,4,10,6,1,0,15530,6.8,-4091,-2830,20.2,1553
1,8,2,13,1,0,17226,7.2,3923,3613,22.4,1722.6,2,8,3,0,0,13303,7,-3923,-3613,18.3,1330.3
1,14,5,6,0,0,19551,7.2,2896,2001,19.8,1955.1,5,14,6,0,0,16655,6.6,-2896,-2001,22.8,1665.5
0,5,10,4,1,0,16107,6.8,-2534,-1019,22.9,1610.7,10,5,14,1,0,18641,7.2,2534,1019,20.4,1864.1
0,10,10,10,1,0,17418,6.2,774,-188,17.5,1741.8,10,10,12,0,0,16644,7,-774,188,21.8,1664.4
0,13,8,12,0,0,18116,6.8,838,914,18.7,1811.6,8,13,9,2,0,17278,7.2,-838,-914,20.4,1727.8
0,7,5,7,2,0,16058,6.6,-683,-2098,15.8,1605.8,5,7,3,0,0,16741,7.4,683,2098,21.4,1674.1
0,3,7,4,1,0,15418,7,-1540,-313,23.2,1541.8,7,3,10,0,0,16958,6.8,1540,313,21.4,1695.8
1,4,3,3,1,0,15988,7,623,640,25.1,1598.8,3,4,2,1,0,15365,7,-623,-640,23.4,1536.5
0,1,8,2,0,0,14012,6.4,-2447,-1476,21.1,1401.2,8,1,10,0,0,16459,6.6,2447,1476,19.8,1645.9
1,5,14,9,1,0,15423,6.8,-6324,-3885,17.5,1542.3,14,5,14,1,0,16378,7.6,6324,3885,23.3,1637.8
1,5,8,7,1,0,16250,6.8,-964,-202,23.3,1625,8,5,7,1,0,17214,6.8,964,202,22.1,1721.4
1,6,8,6,0,0,16398,7.4,3825,2747,22.6,1639.8,8,6,15,0,0,17838,6.4,-3825,-2747,21.6,1783.8
0,8,9,8,1,0,17770,7.2,-379,-662,22.3,1777,9,8,9,1,0,18149,7,379,662,22.8,1814.9
0,7,10,5,1,0,17119,6.8,-977,271,21.6,1711.9,10,7,12,1,0,18096,7,977,-271,21.5,1809.6
1,7,5,12,1,0,17042,7,1004,559,22.3,1704.2,5,7,9,0,0,16038,6.8,-1004,-559,18.2,1603.8
0,11,8,9,0,0,19627,7.4,2760,3641,23.7,1962.7,8,11,11,1,0,16867,6.6,-2760,-3641,16.7,1686.7
1,5,5,3,2,0,16344,7.2,1168,2292,22.7,1634.4,5,5,3,0,0,15176,6.8,-1168,-2292,20.6,1517.6
1,4,1,2,1,0,17378,7.2,3046,442,26.2,1737.8,1,4,2,0,0,14332,6.8,-3046,-442,21.1,1433.2
1,7,6,9,0,0,17537,7,1752,830,23.2,1753.7,6,7,4,1,0,15785,6.8,-1752,-830,20.1,1578.5
0,3,5,2,0,0,15195,7,-713,-653,22.6,1519.5,5,3,6,1,0,15908,7,713,653,23.2,1590.8
0,5,9,4,0,0,14987,6.6,-1913,-1233,19.9,1498.7,9,5,16,1,0,16900,6.6,1913,1233,20.2,1690
0,6,8,5,0,0,15476,6.8,-2403,-2787,18.7,1547.6,8,6,9,1,0,17879,7.4,2403,2787,24.3,1787.9
0,2,2,3,1,0,15714,7,821,2119,24.3,1571.4,2,2,3,1,0,14893,6.8,-821,-2119,22.6,1489.3
1,9,7,7,1,0,18026,7.2,1805,941,22.9,1802.6,7,9,8,1,0,16221,7,-1805,-941,21,1622.1
0,8,10,8,0,0,17180,6.8,-1249,-1518,21.6,1718,10,8,10,1,0,18429,7.4,1249,1518,18.3,1842.9
1,4,4,7,1,0,15550,7,-44,73,22.1,1555,4,4,5,0,0,15594,7,44,-73,21.6,1559.4
1,1,4,1,1,0,15710,6.8,1151,1870,24.7,1571,4,1,3,0,0,14559,7,-1151,-1870,17,1455.9
0,4,9,6,0,0,14902,6.8,-2168,-2144,19.8,1490.2,9,4,9,1,0,17070,7.2,2168,2144,20.4,1707
1,3,2,4,1,0,16099,7,348,-662,22.7,1609.9,2,3,1,0,0,15751,7.2,-348,662,24.7,1575.1
1,3,3,8,0,0,15667,7,644,427,21.2,1566.7,3,3,5,1,0,15023,7,-644,-427,19.4,1502.3
0,2,10,1,0,0,15239,7,-3449,-1995,23.2,1523.9,10,2,13,1,0,18688,7.6,3449,1995,23.1,1868.8
1,12,7,13,0,0,19049,7.6,2900,2308,22.5,1904.9,7,12,5,1,0,16149,6.8,-2900,-2308,17.2,1614.9
1,10,12,6,1,0,17872,7,-2696,70,20.6,1787.2,12,10,6,1,0,16378,7.2,2696,-70,24.5,1637.8
1,6,2,15,2,0,16398,7.4,14,-28,24.1,1639.8,2,6,2,0,0,13096,7,-14,28,21.8,1309.6
0,1,6,0,0,0,13167,7,-3400,-3115,21.3,1316.7,6,1,7,2,0,16567,7,3400,3115,22.9,1656.7
0,2,5,1,1,0,14653,6.6,-1387,-1802,21.8,1465.3,5,2,8,1,0,16040,6.8,1387,1802,18.8,1604
1,6,6,3,0,0,16780,6.8,253,-529,24.4,1678,6,6,6,2,0,16527,7.2,-253,529,22.2,1652.7
0,4,5,5,1,0,15453,6.8,-839,-623,19.1,1545.3,5,4,6,0,0,16292,6.8,839,623,20.1,1629.2
1,9,6,10,2,0,18768,7,2945,2977,20,1876.8,6,9,8,0,0,15823,6.6,-2945,-2977,21.5,1582.3
0,4,6,6,0,0,15246,6.6,-1346,-2280,22.4,1524.6,6,4,10,1,0,16592,7,1346,2280,22.1,1659.2
0,6,3,3,1,0,16658,7,1951,1640,25.1,1665.8,3,6,3,0,0,14707,6.6,-1951,-1640,20.3,1470.7
0,5,7,7,1,0,15399,6.4,-2164,-2554,19.6,1539.9,7,5,8,0,0,17563,7,2164,2554,21.4,1756.3
1,7,6,9,0,0,15685,6.6,-817,-968,17.9,1568.5,6,7,9,0,0,16502,6.6,817,968,20.9,1650.2
1,6,2,6,1,0,17303,7,3643,3695,23.4,1730.3,2,6,3,0,0,13660,6.2,-3643,-3695,17.9,1366
1,10,3,8,1,0,17555,7.2,3066,2297,24.2,1755.5,3,10,5,0,0,14489,6.8,-3066,-2297,20.3,1448.9
1,11,9,14,0,0,19645,7,2241,1219,24.6,1964.5,9,11,9,1,0,17404,6.6,-2241,-1219,20.3,1740.4
0,5,5,5,0,0,15068,6.6,-1933,-1659,20.8,1506.8,5,5,10,1,0,17001,7.2,1933,1659,21.2,1700.1
1,5,1,7,0,0,16025,7.4,1886,2653,20.8,1602.5,1,5,1,1,0,14139,6.6,-1886,-2653,21.9,1413.9
1,10,12,5,0,0,17849,7.2,-287,255,18.4,1784.9,12,10,9,0,0,18136,6.8,287,-255,21,1813.6
1,10,8,12,1,0,17756,7,-145,-28,20.1,1775.6,8,10,5,0,0,17901,7,145,28,21.9,1790.1
1,10,2,11,0,0,19151,7.4,5241,3129,22,1915.1,2,10,3,2,0,13910,6.4,-5241,-3129,19.6,1391
0,8,2,7,2,0,17298,7.2,2975,2627,22.5,1729.8,2,8,3,0,0,14323,6.4,-2975,-2627,21.1,1432.3
0,7,6,9,0,0,17740,7,1419,1036,25.2,1774,6,7,7,2,0,16321,6.8,-1419,-1036,21.5,1632.1
0,4,6,3,1,0,14826,6.8,-2286,-926,20.6,1482.6,6,4,6,0,0,17112,6.8,2286,926,23.2,1711.2
0,5,3,6,1,0,16695,7.2,1551,1481,25.7,1669.5,3,5,3,0,0,15144,6.8,-1551,-1481,22.4,1514.4
0,3,8,5,0,0,15259,6.6,-2738,-1759,20.6,1525.9,8,3,10,1,0,17997,7.2,2738,1759,25.1,1799.7
1,7,8,5,1,0,16294,6.8,-1318,-627,18.2,1629.4,8,7,7,0,0,17612,6.8,1318,627,23.7,1761.2
1,9,4,8,1,0,19484,7.2,3538,2904,26.7,1948.4,4,9,4,1,0,15946,6.6,-3538,-2904,23,1594.6
0,3,10,3,0,0,14983,7,-3217,-1601,20.3,1498.3,10,3,12,2,0,18200,7,3217,1601,22.3,1820
1,14,7,11,1,0,20433,7.4,4836,2713,21.9,2043.3,7,14,7,0,0,15597,6.4,-4836,-2713,16.5,1559.7
1,10,7,11,2,0,18256,7,1489,-192,18.6,1825.6,7,10,7,0,0,16767,7,-1489,192,24.7,1676.7
1,10,4,7,0,0,18402,7.4,3311,3166,25.8,1840.2,4,10,5,1,0,15091,6.6,-3311,-3166,19.7,1509.1
1,8,6,10,2,0,17537,7.2,2008,2714,23.6,1753.7,6,8,5,0,0,15529,6.8,-2008,-2714,21,1552.9
1,4,7,3,1,0,16359,6.8,-1112,-41,22.9,1635.9,7,4,7,1,0,17471,6.8,1112,41,20.8,1747.1
1,10,6,13,2,0,19263,7.4,3840,3165,19.7,1926.3,6,10,8,0,0,15423,6.4,-3840,-3165,20.4,1542.3
0,3,12,2,0,0,15140,6.8,-5458,-3613,21.7,1514,12,3,13,1,0,16378,7.4,5458,3613,21.5,1637.8
1,5,2,9,1,0,15574,6.8,506,-142,20.6,1557.4,2,5,2,1,0,15068,6.6,-506,142,22.9,1506.8
0,9,9,6,0,0,17299,7,176,789,20,1729.9,9,9,8,0,0,17123,7,-176,-789,22.1,1712.3
1,9,5,13,0,0,18402,7.4,2582,2732,22.3,1840.2,5,9,5,2,0,15820,6.8,-2582,-2732,20.2,1582
1,6,5,6,0,0,16896,7.2,459,1326,25.8,1689.6,5,6,5,1,0,16437,7,-459,-1326,24.4,1643.7
0,13,4,6,0,0,19145,7.2,4947,3211,21.8,1914.5,4,13,2,1,0,14198,6.2,-4947,-3211,20.3,1419.8
1,8,2,8,1,0,18433,7.2,4759,3279,23.7,1843.3,2,8,3,1,0,13674,6.6,-4759,-3279,18.3,1367.4
0,7,8,7,0,0,15707,6.8,-968,-1029,20.6,1570.7,8,7,7,2,0,16675,6.8,968,1029,21.8,1667.5
1,6,7,16,1,0,16398,7.4,4294,2560,23.1,1639.8,7,6,7,1,0,16586,7,-4294,-2560,21.6,1658.6
1,8,9,8,1,0,17800,7.2,-95,194,22.3,1780,9,8,9,0,0,17895,7,95,-194,23.2,1789.5
0,9,6,8,1,0,19585,7.2,3781,1033,24.4,1958.5,6,9,7,0,0,15804,7,-3781,-1033,20.1,1580.4
1,2,6,2,0,0,14836,6.8,-1704,-1787,21,1483.6,6,2,5,0,0,16540,7.4,1704,1787,22.6,1654
1,8,9,9,0,0,17334,6.8,-729,-192,21.3,1733.4,9,8,12,1,0,18063,6.8,729,192,21.9,1806.3
1,2,5,2,0,0,14981,7.2,-274,-192,24.7,1498.1,5,2,7,0,0,15255,6.8,274,192,21.4,1525.5
1,8,6,7,0,0,16684,6.6,277,252,20.5,1668.4,6,8,9,1,0,16407,6.8,-277,-252,20.2,1640.7
0,7,5,2,0,0,15533,7,147,582,18.6,1553.3,5,7,9,2,0,15386,6.6,-147,-582,18,1538.6
0,6,9,7,0,0,16288,6.8,-1162,-1007,20.9,1628.8,9,6,7,1,0,17450,7,1162,1007,20.4,1745
1,10,6,9,1,0,19276,7.2,3942,2820,21.8,1927.6,6,10,6,0,0,15334,6.6,-3942,-2820,18.9,1533.4
1,8,9,15,0,0,16730,6.6,-810,-1226,22.1,1673,9,8,10,0,0,17540,7.2,810,1226,20.4,1754
1,4,4,4,0,0,15184,6.8,-825,-616,20.1,1518.4,4,4,4,0,0,16009,7.2,825,616,21,1600.9
1,4,5,2,0,0,15523,7,-2472,174,22.8,1552.3,5,4,5,1,0,17995,7,2472,-174,24.3,1799.5
1,6,4,6,0,0,18072,7.2,3018,1320,21.8,1807.2,4,6,2,1,0,15054,7,-3018,-1320,22.3,1505.4
0,9,8,11,2,0,16839,7,-125,-962,19.2,1683.9,8,9,5,0,0,16964,7,125,962,21.1,1696.4
1,6,6,2,0,0,16047,6.8,-132,-330,21.8,1604.7,6,6,4,2,0,16179,6.6,132,330,21.8,1617.9
0,1,2,1,1,0,13840,6.8,-2131,-2173,22.5,1384,2,1,1,1,0,15971,7.2,2131,2173,26.4,1597.1
1,10,11,6,1,0,18588,7.4,432,1389,20.5,1858.8,11,10,12,0,0,18156,6.8,-432,-1389,18.6,1815.6
1,7,5,5,1,0,17301,7.4,1000,885,25.1,1730.1,5,7,9,0,0,16301,7.2,-1000,-885,22,1630.1
0,7,3,9,2,0,17669,7,2925,1304,22.1,1766.9,3,7,5,0,0,14744,6.6,-2925,-1304,21.9,1474.4
0,8,7,9,1,0,16786,7.2,-117,815,24.4,1678.6,7,8,13,1,0,16903,6.8,117,-815,22.3,1690.3
0,1,9,0,0,0,13806,6.4,-4145,-3714,21.6,1380.6,9,1,12,2,0,17951,7.6,4145,3714,23.2,1795.1
1,3,7,1,0,0,14735,7,-2483,-1356,21.3,1473.5,7,3,10,1,0,17218,7.4,2483,1356,22.8,1721.8
1,10,0,16,0,0,18059,7,5224,2715,21.8,1805.9,0,10,0,1,0,12835,6.4,-5224,-2715,20,1283.5
0,3,4,4,1,0,14759,6.6,-929,-1819,22.9,1475.9,4,3,4,1,0,15688,7,929,1819,22.3,1568.8
1,4,1,4,0,0,15809,7,1219,1641,24.5,1580.9,1,4,0,1,0,14590,7,-1219,-1641,24.4,1459
1,6,7,6,0,0,16889,6.6,533,1451,19.4,1688.9,7,6,10,1,0,16356,6.6,-533,-1451,22,1635.6
1,12,8,11,0,0,18713,7.2,1355,1403,22.6,1871.3,8,12,7,1,0,17358,7.2,-1355,-1403,19.6,1735.8
0,5,12,4,0,0,15819,7,-3176,-2235,19.9,1581.9,12,5,6,1,0,18995,7.6,3176,2235,22.2,1899.5
1,13,4,15,1,0,19547,6.6,3967,593,20.7,1954.7,4,13,5,0,0,15580,6.8,-3967,-593,21.2,1558
1,6,4,7,0,0,16827,7,2091,2537,25.2,1682.7,4,6,5,1,0,14736,6.4,-2091,-2537,20.1,1473.6
0,12,3,15,2,0,16398,7.6,5767,3366,23.4,1639.8,3,12,6,0,0,14901,6.8,-5767,-3366,18.3,1490.1
1,12,6,16,0,0,18460,7,2974,2777,22.9,1846,6,12,11,0,0,15486,6.4,-2974,-2777,18.5,1548.6
1,5,10,5,1,0,16063,6.8,-2368,-1240,19.5,1606.3,10,5,9,1,0,18431,7.2,2368,1240,23.3,1843.1
1,8,5,8,1,0,19558,7.6,3438,2418,22.3,1955.8,5,8,4,1,0,16120,6.8,-3438,-2418,19.7,1612
1,10,5,13,1,0,18868,7.2,2461,956,25.9,1886.8,5,10,5,1,0,16407,6.8,-2461,-956,23.7,1640.7
1,6,4,6,1,0,18625,7.4,3163,1231,24,1862.5,4,6,6,1,0,15462,7,-3163,-1231,23,1546.2
0,5,5,8,0,0,15930,6.4,-95,-1474,21,1593,5,5,9,1,0,16025,6.8,95,1474,19.5,1602.5
0,1,9,0,0,0,13401,6.4,-5654,-2236,22.2,1340.1,9,1,11,2,0,19055,7.2,5654,2236,25.3,1905.5
0,8,9,6,1,0,16889,6.6,-696,-1472,19.8,1688.9,9,8,6,0,0,17585,7,696,1472,20.1,1758.5
1,5,3,6,1,0,16871,7.4,1308,1371,21.3,1687.1,3,5,5,0,0,15563,7,-1308,-1371,21,1556.3
0,4,8,5,0,0,15470,7,-2376,-1482,22.6,1547,8,4,13,1,0,17846,7.4,2376,1482,24.8,1784.6
1,6,7,8,0,0,15909,6.8,-3179,-2074,20.3,1590.9,7,6,9,1,0,19088,7,3179,2074,25.3,1908.8
0,3,4,7,1,0,14996,6.6,-444,240,22.1,1499.6,4,3,8,1,0,15440,6.6,444,-240,19.7,1544
1,8,6,7,1,0,18791,6.8,2989,1250,25.4,1879.1,6,8,10,0,0,15802,6.8,-2989,-1250,18.8,1580.2
0,6,6,7,0,0,15805,7.2,-1134,940,21.6,1580.5,6,6,9,1,0,16939,7,1134,-940,23.9,1693.9
1,8,10,11,1,0,17541,7,-862,931,21.6,1754.1,10,8,16,0,0,18403,7,862,-931,21.9,1840.3
1,0,6,0,1,0,14439,6.8,-2696,-2455,26.4,1443.9,6,0,9,0,0,17135,7.4,2696,2455,25,1713.5
0,4,9,1,0,0,14939,6.8,-4843,-2306,19.5,1493.9,9,4,6,2,0,19782,7,4843,2306,22.7,1978.2
1,13,8,15,1,0,19399,6.8,2348,2115,22.6,1939.9,8,13,4,1,0,17051,6.4,-2348,-2115,19.2,1705.1
0,2,6,2,0,0,14667,6.6,-2939,-2323,23,1466.7,6,2,7,0,0,17606,7.2,2939,2323,24.6,1760.6
1,10,3,8,1,0,17802,7.2,3168,2910,22.2,1780.2,3,10,5,0,0,14634,6.6,-3168,-2910,19.8,1463.4
0,9,6,7,0,0,18446,7.4,2200,1607,21.6,1844.6,6,9,8,1,0,16246,6.8,-2200,-1607,21.8,1624.6
0,6,7,8,0,0,15779,6.8,-1219,-737,18.6,1577.9,7,6,10,2,0,16998,7.2,1219,737,24.2,1699.8
0,2,7,3,0,0,14695,6.8,-2240,-4314,22.2,1469.5,7,2,2,1,0,16935,7.4,2240,4314,24.9,1693.5
1,1,8,0,1,0,14206,7,-2855,-1603,21.8,1420.6,8,1,8,1,0,17061,7,2855,1603,22.8,1706.1
1,11,2,12,1,0,19967,7,5887,4222,24.6,1996.7,2,11,2,0,0,14080,6.2,-5887,-4222,20.9,1408
1,5,4,5,2,0,17284,6.4,2115,-207,18.5,1728.4,4,5,4,0,0,15169,6.4,-2115,207,21.5,1516.9
1,5,8,2,1,0,15424,6.6,-1668,-866,21.8,1542.4,8,5,10,0,0,17092,7.2,1668,866,19.1,1709.2
0,8,12,3,0,0,16729,6.4,-1829,-1132,19.8,1672.9,12,8,16,1,0,18558,7,1829,1132,20.2,1855.8
0,6,9,3,0,0,15450,6.8,-1989,-1299,20.7,1545,9,6,9,0,0,17439,7.2,1989,1299,21.3,1743.9
1,6,2,8,2,0,16814,7.2,1519,1104,23.1,1681.4,2,6,2,0,0,15295,7,-1519,-1104,23.4,1529.5
1,8,4,8,2,0,18230,7.4,2627,1759,24.6,1823,4,8,4,0,0,15603,7,-2627,-1759,24.1,1560.3
1,8,4,8,1,0,16843,6.6,2198,10,20.4,1684.3,4,8,3,1,0,14645,6.8,-2198,-10,20.6,1464.5
0,10,14,7,1,0,17916,6.8,-2437,-1355,18.2,1791.6,14,10,16,0,0,20353,7.4,2437,1355,17.5,2035.3
0,10,6,11,0,0,17318,7,-3075,-2008,21.2,1731.8,6,10,16,2,0,20393,7.4,3075,2008,21.4,2039.3
1,12,7,6,1,0,18608,7.4,1824,1556,21.5,1860.8,7,12,6,0,0,16784,7,-1824,-1556,22.2,1678.4
1,6,3,8,0,0,16240,6.6,2171,960,20,1624,3,6,5,0,0,14069,6.2,-2171,-960,19.3,1406.9
1,11,8,6,1,0,20109,7.2,2700,1463,21.1,2010.9,8,11,9,0,0,17409,6.8,-2700,-1463,23.1,1740.9
0,6,8,8,1,0,15977,6.8,-588,-1142,20.6,1597.7,8,6,10,0,0,16565,7,588,1142,22,1656.5
0,3,6,5,1,0,14511,6.2,14,-28,15.8,1451.1,6,3,6,1,0,16378,7.4,-14,28,24.8,1637.8
1,5,4,5,1,0,16250,7.2,1170,1415,20.8,1625,4,5,5,0,0,15080,6.6,-1170,-1415,20.5,1508
0,4,5,5,2,0,16427,7,-342,-623,25,1642.7,5,4,5,0,0,16769,7.2,342,623,24.7,1676.9
1,9,11,16,0,0,18398,6.8,1235,-270,20.2,1839.8,11,9,15,1,0,17163,7,-1235,270,19.7,1716.3
1,4,7,7,1,0,15240,6.8,-1080,-1362,19.6,1524,7,4,6,0,0,16320,7,1080,1362,22,1632
1,6,6,5,0,0,17262,7,1371,2221,22.2,1726.2,6,6,7,1,0,15891,6.6,-1371,-2221,19.5,1589.1
1,2,4,1,1,0,14804,7,-944,-1054,23.3,1480.4,4,2,5,0,0,15748,7,944,1054,22.2,1574.8
0,3,12,2,0,0,14921,6.4,-3640,-3482,19.6,1492.1,12,3,16,1,0,18561,7.2,3640,3482,21,1856.1
0,7,12,8,1,0,15523,6.6,-3825,-1386,17.9,1552.3,12,7,16,1,0,19348,7.2,3825,1386,21.7,1934.8
1,6,4,8,1,0,16623,7,598,-456,24.3,1662.3,4,6,1,1,0,16025,7,-598,456,22.4,1602.5
1,14,8,6,1,0,16398,7.2,4266,2076,21.9,1639.8,8,14,10,1,0,16804,7,-4266,-2076,19.1,1680.4
0,7,8,8,1,0,16907,7.2,-28,-28,21.3,1690.7,8,7,10,0,0,16935,7,28,28,22.7,1693.5
1,11,6,16,1,0,18003,7,2647,2948,21.3,1800.3,6,11,7,0,0,15356,6.6,-2647,-2948,18.7,1535.6
0,7,11,10,1,0,17124,6.8,-1565,-173,22.8,1712.4,11,7,6,0,0,18689,7,1565,173,17.3,1868.9
1,6,5,6,2,0,19099,7,3667,1610,18.3,1909.9,5,6,6,0,0,15432,6.4,-3667,-1610,20,1543.2
1,4,5,2,0,0,15538,6.8,-450,-849,22.3,1553.8,5,4,6,0,0,15988,7.2,450,849,18.9,1598.8
0,4,7,3,1,0,15583,7,-1108,-570,21,1558.3,7,4,13,1,0,16691,7,1108,570,21.5,1669.1
1,10,6,6,0,0,16982,6.8,1093,770,18.7,1698.2,6,10,4,0,0,15889,6.6,-1093,-770,22.2,1588.9
0,7,8,10,0,0,16238,6.8,-982,1441,20.2,1623.8,8,7,10,1,0,17220,6.6,982,-1441,18.5,1722
0,6,5,9,0,0,16641,7.2,109,1368,20.2,1664.1,5,6,7,1,0,16532,6.8,-109,-1368,21.7,1653.2
1,9,5,11,0,0,17318,7.4,1166,1899,22.1,1731.8,5,9,4,0,0,16152,7,-1166,-1899,22.5,1615.2
0,7,6,7,1,0,16438,7,-370,-1681,21.4,1643.8,6,7,7,1,0,16808,7.4,370,1681,23.4,1680.8
1,6,4,3,1,0,16081,7,656,553,23.2,1608.1,4,6,5,0,0,15425,7,-656,-553,20.5,1542.5
1,5,2,8,0,0,16385,7,1421,1097,22.2,1638.5,2,5,4,1,0,14964,7,-1421,-1097,21.5,1496.4
0,8,5,7,0,0,17113,7.4,1176,1300,24.5,1711.3,5,8,6,1,0,15937,7,-1176,-1300,22.5,1593.7
0,2,7,3,0,0,13016,7,14,-28,16.7,1301.6,7,2,6,2,0,19885,7.2,-14,28,24.3,1988.5
0,5,9,6,0,0,15863,7,-1117,-764,22.8,1586.3,9,5,13,1,0,16980,7,1117,764,21.3,1698
1,5,6,6,2,0,17843,7,1895,-224,24.3,1784.3,6,5,6,0,0,15948,7,-1895,224,20.7,1594.8
1,6,3,7,1,0,16421,6.4,936,-497,20.7,1642.1,3,6,3,1,0,15485,7.2,-936,497,23.1,1548.5
0,2,7,2,0,0,15739,7,-1257,-91,25.6,1573.9,7,2,10,1,0,16996,6.8,1257,91,23.4,1699.6
0,7,7,8,0,0,17181,6.8,267,162,23.1,1718.1,7,7,9,2,0,16914,6.8,-267,-162,22,1691.4
0,5,4,6,1,0,16534,7.2,131,-613,26,1653.4,4,5,5,0,0,16403,7,-131,613,23.3,1640.3
0,6,6,7,1,0,18084,7.2,2139,547,22.8,1808.4,6,6,5,1,0,15945,7,-2139,-547,20.1,1594.5
1,7,6,11,1,0,17094,6.8,525,44,20.5,1709.4,6,7,6,0,0,16569,7,-525,-44,22.5,1656.9
0,10,3,14,1,0,18911,6.8,4335,1377,20.5,1891.1,3,10,4,1,0,14576,6.6,-4335,-1377,19.2,1457.6
1,13,3,13,1,0,18928,7.4,4184,3694,22.7,1892.8,3,13,2,0,0,14744,6.6,-4184,-3694,18,1474.4
1,12,5,13,1,0,19266,7.4,3362,2634,23.6,1926.6,5,12,6,0,0,15904,6.8,-3362,-2634,20.4,1590.4
0,1,7,1,0,0,14415,6.8,-2534,-3031,23.8,1441.5,7,1,7,0,0,16949,7.4,2534,3031,23.3,1694.9
1,6,4,12,1,0,19987,7.2,4805,3808,19.4,1998.7,4,6,4,1,0,15182,6.4,-4805,-3808,19.4,1518.2
1,11,9,11,1,0,18464,7,1259,1454,23.4,1846.4,9,11,10,0,0,17205,6.8,-1259,-1454,19.2,1720.5
0,7,5,11,0,0,17467,7.2,1299,879,24.4,1746.7,5,7,5,0,0,16168,7,-1299,-879,24.1,1616.8
0,3,5,2,1,0,14686,7,-1592,-2117,22.8,1468.6,5,3,3,1,0,16278,7.2,1592,2117,24.7,1627.8
1,6,3,6,1,0,17202,7.4,1360,2274,22.9,1720.2,3,6,3,0,0,15842,7,-1360,-2274,22,1584.2
1,5,5,5,0,0,15810,7.2,-866,388,20.8,1581,5,5,3,1,0,16676,6.8,866,-388,25.3,1667.6
1,8,5,9,0,0,18886,7.2,3634,3559,24,1888.6,5,8,7,0,0,15252,6.8,-3634,-3559,17.5,1525.2
1,4,3,5,0,0,16668,7.2,1401,85,26.1,1666.8,3,4,4,0,0,15267,7.2,-1401,-85,20.3,1526.7
0,2,11,2,0,0,13794,6.4,-4192,-3984,19,1379.4,11,2,9,1,0,17986,7.2,4192,3984,22,1798.6
1,12,5,13,0,0,19292,7.2,4641,2291,21,1929.2,5,12,5,1,0,14651,6.6,-4641,-2291,17.2,1465.1
0,9,6,9,1,0,17004,6.4,2253,772,18.5,1700.4,6,9,3,0,0,14751,6.6,-2253,-772,16.3,1475.1
1,7,2,9,2,0,17231,6.6,3203,1830,24,1723.1,2,7,2,0,0,14028,6.2,-3203,-1830,18.6,1402.8
1,8,1,5,2,0,19383,7.6,4656,3776,27.1,1938.3,1,8,0,0,0,14727,6.8,-4656,-3776,24.9,1472.7
1,7,6,8,1,0,16417,6.8,161,130,20.5,1641.7,6,7,11,0,0,16256,6.8,-161,-130,20.9,1625.6
1,6,6,10,0,0,17281,7.2,-65,-433,22.8,1728.1,6,6,6,1,0,17346,7.2,65,433,24.6,1734.6
0,5,7,5,0,0,15195,6.6,-2539,-1637,18.7,1519.5,7,5,5,0,0,17734,6.6,2539,1637,22.3,1773.4
1,6,10,8,0,0,15091,6.2,-2623,-3436,17.2,1509.1,10,6,15,1,0,17714,6.8,2623,3436,21.1,1771.4
1,11,4,6,1,0,18456,7.2,2724,2170,21.4,1845.6,4,11,7,0,0,15732,6.6,-2724,-2170,21.8,1573.2
1,7,2,12,1,0,17196,7,2177,186,20.4,1719.6,2,7,0,0,0,15019,7,-2177,-186,23.7,1501.9
0,5,11,4,0,0,15534,6.2,-2840,-1360,20.9,1553.4,11,5,11,0,0,18374,7,2840,1360,19.8,1837.4
0,5,6,6,1,0,15067,6.8,-2718,-1000,20.1,1506.7,6,5,8,1,0,17785,7,2718,1000,23.8,1778.5
0,6,8,6,1,0,15295,6.4,-2783,-2017,15.7,1529.5,8,6,5,1,0,18078,6.6,2783,2017,21.3,1807.8
0,8,12,12,0,0,18501,6.8,-939,-2597,20.7,1850.1,12,8,15,1,0,19440,7.2,939,2597,21.4,1944
0,4,10,3,0,0,15119,6.4,-3770,-2959,20.1,1511.9,10,4,12,0,0,18889,7,3770,2959,21.3,1888.9
0,4,11,3,0,0,15294,6.4,-3442,-2915,20.2,1529.4,11,4,16,0,0,18736,7.2,3442,2915,22.1,1873.6
1,10,6,10,1,0,18099,7.4,3236,3464,20.3,1809.9,6,10,3,0,0,14863,6.2,-3236,-3464,16.3,1486.3
1,7,8,9,0,0,16790,7,382,-64,19.3,1679,8,7,12,0,0,16408,7,-382,64,20.8,1640.8
1,6,5,6,0,0,17467,7,2135,1898,23.8,1746.7,5,6,6,0,0,15332,6.8,-2135,-1898,19.4,1533.2
0,6,7,0,1,0,16338,7,-524,468,22.3,1633.8,7,6,11,1,0,16862,7,524,-468,20.9,1686.2
1,4,10,7,1,0,15471,6.4,-3033,-3775,19.2,1547.1,10,4,13,0,0,18504,7.4,3033,3775,20.7,1850.4
0,3,7,3,1,0,14322,6.4,-3441,-1732,18.6,1432.2,7,3,9,1,0,17763,7,3441,1732,22.7,1776.3
1,9,3,10,1,0,18266,7.2,3360,1693,25.4,1826.6,3,9,2,0,0,14906,6.8,-3360,-1693,23.5,1490.6
1,6,3,15,1,0,16398,7.6,14,4873,25.4,1639.8,3,6,2,0,0,14144,6.4,-14,-4873,16.6,1414.4
1,7,9,9,0,0,16538,6.8,-571,-401,20.4,1653.8,9,7,12,1,0,17109,6.8,571,401,22.2,1710.9
0,6,8,5,0,0,16373,7.2,-2027,-114,22.1,1637.3,8,6,9,2,0,18400,7,2027,114,23.5,1840
1,3,4,7,0,0,15029,6.6,-29,-781,24.4,1502.9,4,3,4,1,0,15058,6.8,29,781,20.7,1505.8
0,5,5,6,1,0,15412,6.6,-709,-658,18,1541.2,5,5,3,1,0,16121,6.8,709,658,23.1,1612.1
1,7,5,4,0,0,16478,7,707,-788,22.4,1647.8,5,7,3,1,0,15771,7.2,-707,788,22.5,1577.1
0,6,3,4,0,0,17488,7.2,2435,1239,24.3,1748.8,3,6,3,0,0,15053,7,-2435,-1239,23.7,1505.3
0,9,4,12,0,0,18105,7,2627,1326,25.4,1810.5,4,9,2,0,0,15478,6.8,-2627,-1326,21.6,1547.8
1,12,5,11,1,0,17465,7.2,1968,1173,17.6,1746.5,5,12,3,0,0,15497,6.8,-1968,-1173,19.7,1549.7
0,1,3,1,0,0,14735,7,-665,-337,23.4,1473.5,3,1,3,1,0,15400,7,665,337,22.7,1540
1,1,10,1,1,0,14529,6.6,-2930,-1894,21.8,1452.9,10,1,6,0,0,17459,7.2,2930,1894,20.7,1745.9
0,2,10,0,1,0,14311,6.8,-5821,-3230,21.7,1431.1,10,2,11,1,0,20132,7.2,5821,3230,25.1,2013.2
1,2,7,4,2,0,14820,7,-2497,-2400,21.1,1482,7,2,12,0,0,17317,7.6,2497,2400,26,1731.7
1,6,3,6,2,0,16398,7.8,14,-28,23.9,1639.8,3,6,2,0,0,14838,6.4,-14,28,19.7,1483.8
0,3,7,1,0,0,15078,7,-1823,-810,21.9,1507.8,7,3,9,1,0,16901,7,1823,810,22.5,1690.1
1,4,3,3,1,0,15844,6.8,1147,254,22.5,1584.4,3,4,3,1,0,14697,6.8,-1147,-254,18.6,1469.7
0,4,11,2,2,0,14285,6.6,-4177,-1640,18.2,1428.5,11,4,6,0,0,18462,7,4177,1640,20.9,1846.2
1,6,9,7,1,0,15596,6.2,-2600,-2112,19.7,1559.6,9,6,7,1,0,18196,6.6,2600,2112,18.5,1819.6
1,10,4,7,1,0,18089,7,2696,2452,23.5,1808.9,4,10,4,0,0,15393,6.6,-2696,-2452,19.6,1539.3
1,8,5,2,2,0,18320,7,3413,2303,26.8,1832,5,8,7,0,0,14907,6.6,-3413,-2303,21.8,1490.7
0,0,10,0,0,0,12837,6.2,-5369,-28,19.6,1283.7,10,0,10,2,0,18206,7.2,5369,28,24.2,1820.6
0,7,6,11,1,0,16135,6.6,-153,-1105,21.6,1613.5,6,7,7,0,0,16288,7,153,1105,24.1,1628.8
0,1,9,1,0,0,13599,6.4,-5031,-28,22.9,1359.9,9,1,6,0,0,18630,7.6,5031,28,24.1,1863
1,2,5,3,0,0,14732,6.8,-1461,-799,21,1473.2,5,2,6,1,0,16193,7.2,1461,799,24,1619.3
0,3,5,5,0,0,15529,6.6,-522,-1373,23.7,1552.9,5,3,2,1,0,16051,7,522,1373,22.2,1605.1
0,6,3,6,1,0,15909,6.8,257,-1125,20.8,1590.9,3,6,0,0,0,15652,6.8,-257,1125,23.3,1565.2
0,6,2,6,0,0,15953,6.8,1496,1458,20.7,1595.3,2,6,5,1,0,14457,6.8,-1496,-1458,20.1,1445.7
0,9,12,13,0,0,17867,6.6,-1354,-798,21.8,1786.7,12,9,6,0,0,19221,7.2,1354,798,21.4,1922.1
0,5,6,8,0,0,16324,7,-683,-676,21.6,1632.4,6,5,5,0,0,17007,7,683,676,24.8,1700.7
0,1,8,1,0,0,13006,7,14,-28,20.1,1300.6,8,1,12,2,0,19898,7.2,-14,28,23.3,1989.8
0,4,9,7,0,0,16165,6.6,-2163,-739,22,1616.5,9,4,6,1,0,18328,7,2163,739,21.3,1832.8
0,4,7,5,1,0,14205,6.4,-4462,-3453,20.4,1420.5,7,4,7,0,0,18667,7,4462,3453,26.9,1866.7
1,6,11,8,0,0,16882,6.8,-2059,-2345,20.4,1688.2,11,6,14,0,0,18941,7.4,2059,2345,22,1894.1
1,5,7,2,0,0,14871,6.8,-1682,-563,18,1487.1,7,5,9,1,0,16553,6.8,1682,563,19.1,1655.3
1,12,2,10,2,0,16398,7.4,14,-28,26.8,1639.8,2,12,3,0,0,12833,7,-14,28,16.5,1283.3
1,2,1,4,0,0,15379,7,995,1649,23.8,1537.9,1,2,1,0,0,14384,6.6,-995,-1649,23.2,1438.4
1,5,2,6,1,0,15814,7,1012,191,24,1581.4,2,5,1,0,0,14802,6.8,-1012,-191,22.9,1480.2
0,9,10,12,0,0,17252,7,-1287,-6,20.5,1725.2,10,9,9,0,0,18539,7.2,1287,6,21.7,1853.9
0,8,6,7,0,0,16451,6.6,359,-772,19.1,1645.1,6,8,6,0,0,16092,7,-359,772,19.5,1609.2
1,10,8,13,0,0,16991,6.6,803,490,18,1699.1,8,10,13,0,0,16188,6.4,-803,-490,17.7,1618.8
0,2,9,2,1,0,14695,6.8,-3426,-2539,22.3,1469.5,9,2,10,0,0,18121,7.4,3426,2539,23.6,1812.1
1,4,4,4,0,0,16333,7.2,1315,1402,24.4,1633.3,4,4,4,1,0,15018,7,-1315,-1402,20.6,1501.8
1,9,8,10,0,0,17875,6.8,1171,-841,21.2,1787.5,8,9,11,0,0,16704,7.2,-1171,841,19,1670.4
1,9,5,6,1,0,18912,7.4,3970,2818,24.4,1891.2,5,9,5,0,0,14942,6.6,-3970,-2818,21,1494.2
1,5,7,4,0,0,16791,7,482,617,22.5,1679.1,7,5,5,1,0,16309,6.8,-482,-617,20.7,1630.9
0,4,7,1,1,0,15198,6.8,-2090,-2188,21.4,1519.8,7,4,7,1,0,17288,7.2,2090,2188,22.2,1728.8
1,10,6,11,0,0,18156,7.4,2052,1084,23.8,1815.6,6,10,4,0,0,16104,6.8,-2052,-1084,24,1610.4
1,8,3,9,0,0,18334,7,3770,1556,23.2,1833.4,3,8,2,1,0,14564,6.8,-3770,-1556,19.5,1456.4
0,6,7,9,0,0,16054,6.6,-849,-603,20.2,1605.4,7,6,7,1,0,16903,6.8,849,603,21.5,1690.3
1,8,7,6,1,0,18271,6.8,1656,95,22.3,1827.1,7,8,6,1,0,16615,7,-1656,-95,22.6,1661.5
0,5,11,3,0,0,15645,6.8,-2328,-1524,20.3,1564.5,11,5,13,1,0,17973,6.8,2328,1524,20.9,1797.3
1,6,0,3,1,0,17816,7.2,4677,4588,24.4,1781.6,0,6,0,0,0,13139,6.6,-4677,-4588,21.6,1313.9
1,4,3,4,1,0,15237,7,724,2025,20.5,1523.7,3,4,4,1,0,14513,6.2,-724,-2025,20.6,1451.3
1,5,3,5,1,0,15740,7,1154,971,22,1574,3,5,3,1,0,14586,6.8,-1154,-971,22.5,1458.6
0,6,2,7,1,0,15949,6.6,919,-36,19.8,1594.9,2,6,2,0,0,15030,6.8,-919,36,21.1,1503
1,7,7,7,0,0,17250,7.2,160,999,25.5,1725,7,7,5,0,0,17090,6.8,-160,-999,23.1,1709
0,7,7,8,1,0,17191,6.8,-347,-2753,20.6,1719.1,7,7,11,0,0,17538,7.6,347,2753,21.2,1753.8
1,5,1,5,0,0,17512,7.4,3122,3276,21.8,1751.2,1,5,1,1,0,14390,6.6,-3122,-3276,24.4,1439
0,3,4,1,0,0,15336,7,-761,-10,25.3,1533.6,4,3,5,1,0,16097,6.8,761,10,21.9,1609.7
0,3,14,1,1,0,14143,6.2,14,-4329,20.5,1414.3,14,3,14,1,0,16378,7.4,-14,4329,20.9,1637.8
1,5,5,4,0,0,16092,6.8,262,611,22.2,1609.2,5,5,7,1,0,15830,6.8,-262,-611,19.1,1583
1,8,7,4,1,0,17505,7.2,1014,850,23.6,1750.5,7,8,5,1,0,16491,7,-1014,-850,20.1,1649.1
0,4,6,4,0,0,15005,6.8,-1022,-1253,21.3,1500.5,6,4,7,2,0,16027,7,1022,1253,23,1602.7
0,5,11,5,0,0,15189,7,-4907,-2701,19.5,1518.9,11,5,8,1,0,20096,7.4,4907,2701,25,2009.6
0,8,5,8,0,0,16945,7.4,1978,1936,21.8,1694.5,5,8,7,0,0,14967,6.6,-1978,-1936,18.8,1496.7
0,12,10,6,0,0,18269,6.4,1032,-617,19.8,1826.9,10,12,9,0,0,17237,6.8,-1032,617,20.2,1723.7
1,4,2,3,1,0,16697,7.4,2799,2965,23.5,1669.7,2,4,3,1,0,13898,6.8,-2799,-2965,20,1389.8
0,4,8,5,1,0,15179,6.8,-2967,-4209,22,1517.9,8,4,7,0,0,18146,7.6,2967,4209,26.6,1814.6
0,3,4,1,1,0,14664,6.8,-1770,-1276,21.8,1466.4,4,3,4,1,0,16434,7,1770,1276,21.9,1643.4
1,6,5,5,1,0,17375,7,1825,243,22.5,1737.5,5,6,8,0,0,15550,7,-1825,-243,19.9,1555
1,9,4,8,1,0,17524,7,2764,2121,25.8,1752.4,4,9,3,0,0,14760,6.4,-2764,-2121,20.8,1476
1,10,8,9,0,0,18033,7.2,1324,1692,20.1,1803.3,8,10,8,1,0,16709,6.8,-1324,-1692,18.5,1670.9
1,9,7,9,0,0,18880,7,2690,2514,23.5,1888,7,9,9,1,0,16190,6.6,-2690,-2514,19.3,1619
1,10,6,6,1,0,18751,7.2,1520,1168,23.2,1875.1,6,10,8,0,0,17231,6.8,-1520,-1168,23.2,1723.1
1,6,7,4,1,0,16150,6.8,-830,-448,21.3,1615,7,6,5,0,0,16980,7,830,448,22.6,1698
0,3,9,2,1,0,13769,6.2,-4147,-3023,17.4,1376.9,9,3,7,0,0,17916,7,4147,3023,21.7,1791.6
1,4,5,1,1,0,15202,7,-947,1016,24,1520.2,5,4,7,0,0,16149,6.8,947,-1016,23.1,1614.9
0,5,10,7,1,0,14885,6.4,-3695,-4018,17,1488.5,10,5,8,1,0,18580,7.2,3695,4018,24.1,1858
0,7,6,6,0,0,15847,6.6,-1252,-1190,19.9,1584.7,6,7,6,1,0,17099,6.6,1252,1190,23.1,1709.9
1,7,4,8,0,0,16708,7.2,1371,1179,21.2,1670.8,4,7,4,0,0,15337,6.8,-1371,-1179,23.8,1533.7
1,7,5,8,2,0,17788,7,1767,1408,24.8,1778.8,5,7,4,0,0,16021,7,-1767,-1408,22.1,1602.1
1,9,5,9,0,0,16988,6.6,1605,755,21.3,1698.8,5,9,4,2,0,15383,6.6,-1605,-755,20.3,1538.3
1,13,3,13,1,0,16398,7.4,14,-28,24.3,1639.8,3,13,2,0,0,13517,7,-14,28,16.5,1351.7
1,7,9,11,0,0,16752,7,-753,-299,22.6,1675.2,9,7,6,0,0,17505,7,753,299,22.5,1750.5
1,9,2,8,2,0,18318,7.2,4446,3448,22.8,1831.8,2,9,4,0,0,13872,6.4,-4446,-3448,18.8,1387.2
0,4,8,7,0,0,14655,6.6,-3142,-2633,20.8,1465.5,8,4,6,1,0,17797,7.2,3142,2633,21.6,1779.7
1,5,8,4,0,0,14321,7,-2695,-2572,16.7,1432.1,8,5,10,0,0,17016,7,2695,2572,18.1,1701.6
0,4,8,4,0,0,14434,6.6,-4603,-2667,18.3,1443.4,8,4,11,2,0,19037,7,4603,2667,21.2,1903.7
0,12,9,10,1,0,18910,7.2,1454,1187,20.3,1891,9,12,14,0,0,17456,7,-1454,-1187,18.5,1745.6
0,5,4,5,1,0,15740,7,-312,-473,20.6,1574,4,5,5,0,0,16052,6.8,312,473,22.9,1605.2
0,6,5,5,0,0,15428,6.8,-491,-1417,20.1,1542.8,5,6,4,1,0,15919,6.8,491,1417,21.1,1591.9
0,5,4,7,0,0,15577,6.8,124,-46,20.7,1557.7,4,5,5,2,0,15453,6.8,-124,46,22,1545.3
0,8,11,10,1,0,17282,7,-1008,-810,22.2,1728.2,11,8,7,1,0,18290,7,1008,810,22,1829
1,7,5,10,1,0,17009,6.8,1121,836,22.2,1700.9,5,7,4,0,0,15888,6.8,-1121,-836,22.8,1588.8
0,6,13,5,0,0,16345,6.8,-2154,-2348,20.9,1634.5,13,6,13,0,0,18499,7.4,2154,2348,22.5,1849.9
1,5,9,7,0,0,16142,7.2,-1711,-1086,23.7,1614.2,9,5,12,2,0,17853,7.2,1711,1086,19.5,1785.3
0,13,7,14,1,0,18839,7.2,1144,944,18.9,1883.9,7,13,7,0,0,17695,7,-1144,-944,22.8,1769.5
1,11,4,10,1,0,17570,7.2,2414,2407,22.6,1757,4,11,5,0,0,15156,6.4,-2414,-2407,21.9,1515.6
0,7,10,8,0,0,15265,7,-2627,-2458,16.1,1526.5,10,7,16,0,0,17892,6.6,2627,2458,21.8,1789.2
1,3,5,2,2,0,15581,7,-353,-280,23.3,1558.1,5,3,4,0,0,15934,7.4,353,280,22.8,1593.4
0,7,5,7,0,0,16514,7.2,1232,1358,21.1,1651.4,5,7,3,1,0,15282,6.6,-1232,-1358,21.5,1528.2
1,4,4,3,2,0,16127,6.8,1071,644,23.5,1612.7,4,4,4,0,0,15056,6.6,-1071,-644,21.2,1505.6
1,10,6,10,1,0,17831,7.2,2233,3109,19.8,1783.1,6,10,9,0,0,15598,6.6,-2233,-3109,20.4,1559.8
1,6,0,5,1,0,17002,7.2,4376,4106,22.7,1700.2,0,6,0,0,0,12626,6.2,-4376,-4106,18.4,1262.6
1,6,1,4,0,0,16931,7.2,1931,2084,22.2,1693.1,1,6,1,0,0,15000,6.8,-1931,-2084,22.2,1500
1,11,5,11,0,0,19267,7.2,2669,2743,25.7,1926.7,5,11,4,2,0,16598,6.6,-2669,-2743,20.5,1659.8
1,10,4,11,1,0,17593,7,2596,1052,19,1759.3,4,10,5,0,0,14997,6.6,-2596,-1052,20.7,1499.7
1,9,6,6,0,0,16950,7,1081,1757,21.8,1695,6,9,8,1,0,15869,6.4,-1081,-1757,18.3,1586.9
0,4,6,2,0,0,13829,6.4,-2523,-2080,17.1,1382.9,6,4,6,1,0,16352,6.8,2523,2080,22.2,1635.2
0,5,3,6,0,0,16478,6.8,1207,-488,25.4,1647.8,3,5,6,2,0,15271,7.2,-1207,488,21.2,1527.1
1,5,3,4,1,0,16338,7.2,1106,1309,23.4,1633.8,3,5,1,0,0,15232,6.8,-1106,-1309,22.8,1523.2
1,4,3,6,1,0,14972,6.8,-266,-613,20.1,1497.2,3,4,4,1,0,15238,7,266,613,23.3,1523.8
1,6,2,6,1,0,16152,7,1069,1104,22.8,1615.2,2,6,2,0,0,15083,6.8,-1069,-1104,23.8,1508.3
0,7,8,4,1,0,17209,6.8,1710,1298,22.9,1720.9,8,7,5,0,0,15499,6.4,-1710,-1298,16.6,1549.9
0,7,8,7,0,0,17084,7,-100,-120,22.4,1708.4,8,7,10,1,0,17184,7,100,120,20.7,1718.4
1,3,5,2,0,0,15073,7.2,-556,-442,19.8,1507.3,5,3,3,1,0,15629,7.2,556,442,22.6,1562.9
1,11,9,9,0,0,17795,7.4,-274,304,16.4,1779.5,9,11,9,0,0,18069,7,274,-304,23.7,1806.9
0,6,9,3,0,0,16404,6.8,-554,174,23.1,1640.4,9,6,9,2,0,16958,6.8,554,-174,20.4,1695.8
0,4,6,3,0,0,15119,6.8,-542,-1235,21.1,1511.9,6,4,4,1,0,15661,7.4,542,1235,22.4,1566.1
1,8,5,11,0,0,17770,7,1753,963,22.8,1777,5,8,6,0,0,16017,6.8,-1753,-963,23.3,1601.7
0,3,6,2,0,0,15212,6.8,-1718,-1922,20.2,1521.2,6,3,8,1,0,16930,7,1718,1922,20.1,1693
0,5,9,3,1,0,15781,6.8,-1980,-1595,20.3,1578.1,9,5,11,0,0,17761,7.2,1980,1595,22.8,1776.1
0,3,6,2,1,0,15524,6.6,-645,-1495,21.7,1552.4,6,3,5,1,0,16169,7.2,645,1495,20,1616.9
1,7,6,4,0,0,15473,6.8,-1174,-778,19.5,1547.3,6,7,5,0,0,16647,7.2,1174,778,22.1,1664.7
0,10,9,10,0,0,18034,6.8,1179,-675,21.1,1803.4,9,10,11,0,0,16855,7,-1179,675,22.2,1685.5
1,8,5,9,1,0,16646,7,1308,1296,18.8,1664.6,5,8,7,1,0,15338,6.4,-1308,-1296,22.7,1533.8
0,10,7,7,1,0,18185,7,1340,1318,21.3,1818.5,7,10,4,0,0,16845,6.8,-1340,-1318,21.6,1684.5
0,3,6,3,0,0,15761,7,-983,-1574,23.9,1576.1,6,3,11,1,0,16744,7.2,983,1574,21.8,1674.4
1,5,3,2,2,0,16243,7.4,855,2880,24.5,1624.3,3,5,4,0,0,15388,6.4,-855,-2880,20.4,1538.8
0,8,6,10,1,0,18909,7.2,3023,2115,23.7,1890.9,6,8,7,1,0,15886,6.6,-3023,-2115,21.1,1588.6
0,8,8,8,0,0,17014,6.6,-426,-1055,22.1,1701.4,8,8,8,0,0,17440,6.8,426,1055,20.4,1744
1,12,7,10,2,0,18820,7.4,1991,2474,20.7,1882,7,12,7,0,0,16829,6.8,-1991,-2474,20.7,1682.9
1,8,4,7,1,0,18257,7,3149,1513,24.6,1825.7,4,8,1,0,0,15108,6.8,-3149,-1513,22.7,1510.8
0,1,9,0,0,0,13860,6.4,-5214,-3160,20.3,1386,9,1,10,1,0,19074,7.2,5214,3160,23.3,1907.4
1,4,4,4,0,0,14942,6.6,-763,395,20,1494.2,4,4,9,1,0,15705,6.8,763,-395,24.1,1570.5
0,3,7,3,0,0,14056,6.6,-2129,-1542,19.3,1405.6,7,3,12,1,0,16185,7,2129,1542,21.7,1618.5
1,11,4,10,1,0,18534,7.2,2361,2489,20.8,1853.4,4,11,6,0,0,16173,6.8,-2361,-2489,23.3,1617.3
0,6,8,4,1,0,16118,6.8,-1209,-1556,20,1611.8,8,6,7,0,0,17327,7.4,1209,1556,25.1,1732.7
1,5,5,7,1,0,17135,7.4,1046,815,24.2,1713.5,5,5,6,1,0,16089,7,-1046,-815,23.3,1608.9
0,4,7,4,1,0,15293,6.8,-1809,-1431,19.2,1529.3,7,4,11,1,0,17102,7,1809,1431,21.5,1710.2
0,5,9,5,0,0,15555,6.4,-2286,-3935,20,1555.5,9,5,7,1,0,17841,7.6,2286,3935,22,1784.1
1,13,7,11,0,0,19907,7.6,3079,2098,23.1,1990.7,7,13,7,1,0,16828,7,-3079,-2098,18.6,1682.8
1,4,10,4,1,0,15593,6.8,-3101,-2897,20.4,1559.3,10,4,8,0,0,18694,7,3101,2897,22.3,1869.4
1,5,3,7,1,0,16305,7,713,851,19.1,1630.5,3,5,2,0,0,15592,6.8,-713,-851,22.9,1559.2
1,5,3,7,0,0,16344,7.2,1108,19,23.8,1634.4,3,5,1,2,0,15236,7,-1108,-19,24.4,1523.6
1,10,3,5,1,0,18863,7.2,4747,2924,22.8,1886.3,3,10,5,0,0,14116,6.6,-4747,-2924,18.9,1411.6
1,10,4,11,1,0,18266,7.2,3160,2461,23.9,1826.6,4,10,6,0,0,15106,6.8,-3160,-2461,20.6,1510.6
0,2,6,2,0,0,14528,6.8,-2377,-2338,20.3,1452.8,6,2,5,1,0,16905,7.2,2377,2338,25.1,1690.5
1,7,6,6,1,0,17131,6.6,1254,-81,22.9,1713.1,6,7,3,1,0,15877,6.8,-1254,81,19.9,1587.7
1,12,2,6,1,0,19273,7.2,5784,4755,22.6,1927.3,2,12,2,0,0,13489,7,-5784,-4755,16.8,1348.9
1,4,2,1,0,0,15555,7.2,1019,1368,25.4,1555.5,2,4,2,1,0,14536,7,-1019,-1368,21.7,1453.6
1,10,8,9,1,0,18265,7.2,2520,3200,20.4,1826.5,8,10,7,1,0,15745,6.4,-2520,-3200,16.3,1574.5
1,5,3,6,1,0,15343,7,1184,848,21,1534.3,3,5,3,0,0,14159,6.4,-1184,-848,21.3,1415.9
1,12,3,14,0,0,18631,7.4,4089,3372,24.5,1863.1,3,12,4,1,0,14542,6.4,-4089,-3372,19.3,1454.2
0,8,8,9,0,0,17245,6.8,-1300,-1355,20.7,1724.5,8,8,8,1,0,18545,7,1300,1355,24.4,1854.5
1,9,8,7,0,0,17670,7,32,-952,20.1,1767,8,9,9,0,0,17638,7.4,-32,952,24.7,1763.8
1,7,3,6,0,0,18100,7,2690,236,19.7,1810,3,7,3,1,0,15410,6.8,-2690,-236,21.1,1541
1,8,2,11,1,0,17499,7.4,2282,1265,21.7,1749.9,2,8,2,0,0,15217,7,-2282,-1265,23.7,1521.7
0,9,8,11,1,0,16940,7,-896,-393,19.1,1694,8,9,8,0,0,17836,7,896,393,23.5,1783.6
1,7,5,9,0,0,17960,7,2873,1850,22.6,1796,5,7,9,1,0,15087,6.4,-2873,-1850,19.3,1508.7
0,5,7,4,0,0,15637,6.6,-1960,-709,20.5,1563.7,7,5,8,1,0,17597,6.8,1960,709,22.3,1759.7
1,9,6,4,1,0,18726,7.4,2673,2723,25.7,1872.6,6,9,11,0,0,16053,6.8,-2673,-2723,19.6,1605.3
1,6,6,11,0,0,17244,7.2,1091,1084,22.1,1724.4,6,6,12,2,0,16153,6.8,-1091,-1084,23.5,1615.3
1,5,9,2,1,0,15038,6.8,-2755,-869,19.4,1503.8,9,5,11,0,0,17793,6.8,2755,869,21.8,1779.3
0,8,10,8,0,0,17490,7.2,-905,-29,19.8,1749,10,8,12,1,0,18395,7.2,905,29,19.6,1839.5
0,7,10,4,0,0,15970,6.8,-2046,-691,19.6,1597,10,7,10,0,0,18016,7,2046,691,22.6,1801.6
1,4,1,3,1,0,16435,7.4,1527,1629,25,1643.5,1,4,0,0,0,14908,7,-1527,-1629,22.8,1490.8
1,9,5,8,0,0,17562,6.6,1975,812,20.3,1756.2,5,9,5,1,0,15587,6.6,-1975,-812,20.8,1558.7
0,7,11,8,0,0,16786,6.6,-1739,-838,18.9,1678.6,11,7,16,1,0,18525,7,1739,838,19.6,1852.5
0,7,1,5,0,0,18193,7,4939,2073,22.5,1819.3,1,7,0,0,0,13254,6.6,-4939,-2073,17.5,1325.4
0,4,7,2,0,0,16061,7,-717,-997,23,1606.1,7,4,8,1,0,16778,7,717,997,23.6,1677.8
0,10,12,10,0,0,17517,7.4,-1567,505,17.9,1751.7,12,10,13,0,0,19084,7,1567,-505,21.9,1908.4
1,7,1,12,1,0,17696,7.2,3650,2712,22.3,1769.6,1,7,1,0,0,14046,6.2,-3650,-2712,23.7,1404.6
0,6,11,5,0,0,15777,7,-2930,136,21.5,1577.7,11,6,8,1,0,18707,6.8,2930,-136,21.5,1870.7
0,5,6,3,0,0,14494,6.6,-5290,-3110,18.1,1449.4,6,5,14,1,0,19784,7.2,5290,3110,19.2,1978.4
0,8,4,8,1,0,18385,7.2,2957,1677,24.4,1838.5,4,8,6,0,0,15428,6.8,-2957,-1677,21,1542.8
0,3,3,3,0,0,15081,6.8,-66,815,20.6,1508.1,3,3,6,0,0,15147,7,66,-815,21.5,1514.7
1,7,3,8,0,0,16702,6.8,1713,1391,20.3,1670.2,3,7,6,0,0,14989,6.6,-1713,-1391,22.8,1498.9
1,6,4,5,1,0,17481,7.4,1784,1193,24.8,1748.1,4,6,3,1,0,15697,7,-1784,-1193,21.6,1569.7
1,7,6,7,0,0,16445,7,214,1568,22.4,1644.5,6,7,5,0,0,16231,6.8,-214,-1568,21.5,1623.1
0,5,7,4,0,0,14387,6.4,-3214,-2195,15.8,1438.7,7,5,10,2,0,17601,7,3214,2195,22.6,1760.1
1,5,0,5,2,0,18261,7.4,4062,2618,24.8,1826.1,0,5,0,0,0,14199,6.8,-4062,-2618,22.8,1419.9
1,11,5,6,2,0,20151,7.4,4296,3034,26.1,2015.1,5,11,9,0,0,15855,6.8,-4296,-3034,17.3,1585.5
1,7,5,7,1,0,16232,7,319,1559,20,1623.2,5,7,4,1,0,15913,6.8,-319,-1559,22.4,1591.3
1,1,6,0,0,0,13775,7,-2217,-715,20.6,1377.5,6,1,6,1,0,15992,6.8,2217,715,24.2,1599.2
0,3,3,4,1,0,14771,6.8,-916,190,23.4,1477.1,3,3,5,0,0,15687,6.8,916,-190,24.2,1568.7
1,2,1,2,1,0,15538,6.8,982,682,26.4,1553.8,1,2,1,1,0,14556,6.8,-982,-682,25.8,1455.6
0,12,10,6,0,0,19390,7.2,993,425,20,1939,10,12,12,0,0,18397,7,-993,-425,19,1839.7
1,6,6,8,1,0,16474,6.8,-912,-739,20.9,1647.4,6,6,12,1,0,17386,7,912,739,24.4,1738.6
1,11,3,13,1,0,19267,7.6,4538,3583,23,1926.7,3,11,3,0,0,14729,6.4,-4538,-3583,20.1,1472.9
0,6,6,5,0,0,16367,7,-1761,-226,21.8,1636.7,6,6,4,2,0,18128,7,1761,226,23.3,1812.8
1,7,9,8,1,0,16066,6.8,-1826,-3,19.5,1606.6,9,7,11,1,0,17892,7,1826,3,18.3,1789.2
0,3,8,3,0,0,14790,6.4,-1967,-1292,21.7,1479,8,3,11,1,0,16757,7,1967,1292,20.4,1675.7
0,1,6,1,0,0,14417,7,-2984,-1466,23.7,1441.7,6,1,10,1,0,17401,7,2984,1466,24.8,1740.1
0,6,8,3,0,0,16365,6.8,94,1896,19.5,1636.5,8,6,8,1,0,16271,6.6,-94,-1896,19.1,1627.1
1,7,6,9,1,0,16647,6.6,-206,-363,21.4,1664.7,6,7,10,1,0,16853,7,206,363,23.8,1685.3
0,3,7,3,1,0,15058,6.8,-2588,-497,22.3,1505.8,7,3,3,0,0,17646,6.8,2588,497,22.3,1764.6
0,10,5,9,1,0,20419,7.6,5113,4028,24.6,2041.9,5,10,5,1,0,15306,6.6,-5113,-4028,18.6,1530.6
0,5,3,6,1,0,16224,6.8,586,348,25.4,1622.4,3,5,3,0,0,15638,6.8,-586,-348,24.5,1563.8
0,8,6,9,1,0,16338,6.4,-577,-2221,19.1,1633.8,6,8,5,0,0,16915,7.2,577,2221,20.4,1691.5
1,10,2,7,2,0,19557,7,4380,3242,19.1,1955.7,2,10,4,0,0,15177,7,-4380,-3242,18.4,1517.7
0,4,7,1,0,0,14125,6.6,-2858,-520,17,1412.5,7,4,9,1,0,16983,7,2858,520,22.4,1698.3
1,3,5,2,0,0,15125,6.6,-712,977,19.7,1512.5,5,3,9,1,0,15837,6.8,712,-977,21.6,1583.7
0,7,10,11,0,0,17297,7,-2526,-1811,22.8,1729.7,10,7,11,2,0,19823,7.4,2526,1811,22.1,1982.3
1,7,9,6,1,0,16437,6.8,-222,17,19.5,1643.7,9,7,12,0,0,16659,6.8,222,-17,20.8,1665.9
1,5,7,5,0,0,15689,6.6,-1544,-792,18.7,1568.9,7,5,6,1,0,17233,6.6,1544,792,18,1723.3
1,5,7,7,0,0,16281,6.8,127,-941,21.6,1628.1,7,5,10,2,0,16154,7,-127,941,19.4,1615.4
1,10,4,11,0,0,17464,7,1579,-171,21.7,1746.4,4,10,5,1,0,15885,6.8,-1579,171,20.5,1588.5
1,9,4,8,1,0,19978,7.4,5201,1656,25.1,1997.8,4,9,2,1,0,14777,7,-5201,-1656,17.9,1477.7
1,10,2,15,1,0,18142,7.2,3680,2530,22.4,1814.2,2,10,1,0,0,14462,6.6,-3680,-2530,19,1446.2
1,8,1,6,2,0,18375,7.2,4941,3427,22.2,1837.5,1,8,2,0,0,13434,6.6,-4941,-3427,20,1343.4
1,6,6,5,0,0,16507,7,479,350,21.6,1650.7,6,6,6,0,0,16028,7.2,-479,-350,21.2,1602.8
1,3,4,6,1,0,14988,6.4,-1093,-1958,21.4,1498.8,4,3,4,0,0,16081,6.8,1093,1958,23.7,1608.1
0,5,5,4,1,0,16203,7,2,-365,22.8,1620.3,5,5,6,0,0,16201,7,-2,365,22.8,1620.1
1,5,4,5,0,0,16522,7,1958,2380,23.6,1652.2,4,5,5,0,0,14564,6.6,-1958,-2380,19.5,1456.4
0,12,7,11,0,0,18306,6.6,1898,274,21.4,1830.6,7,12,10,1,0,16408,6.4,-1898,-274,19.7,1640.8
0,10,8,10,0,0,17573,7,-81,-1466,20.5,1757.3,8,10,6,1,0,17654,7,81,1466,22.7,1765.4
1,8,3,4,2,0,17827,7.2,3073,1928,22.9,1782.7,3,8,2,0,0,14754,6.8,-3073,-1928,18.2,1475.4
0,5,9,3,1,0,16182,7,-320,-120,20.4,1618.2,9,5,11,0,0,16502,7,320,120,19.5,1650.2
0,3,5,3,1,0,15309,6.8,-1069,-298,24.5,1530.9,5,3,5,0,0,16378,6.8,1069,298,24.1,1637.8
0,4,5,8,0,0,15594,7,366,1230,23.3,1559.4,5,4,4,1,0,15228,6.8,-366,-1230,20.5,1522.8
1,10,9,12,0,0,18340,7,1899,896,20.1,1834,9,10,9,0,0,16441,6.8,-1899,-896,19.8,1644.1
1,6,5,7,2,0,17486,7.2,1389,490,21.5,1748.6,5,6,5,0,0,16097,6.8,-1389,-490,19.8,1609.7
1,8,9,8,0,0,16911,6.6,-1165,729,20.7,1691.1,9,8,11,0,0,18076,6.6,1165,-729,20.1,1807.6
0,7,5,5,1,0,18107,7,2002,301,23.6,1810.7,5,7,6,0,0,16105,6.6,-2002,-301,21.7,1610.5
0,7,9,4,0,0,16649,7.2,-360,658,23,1664.9,9,7,13,0,0,17009,6.8,360,-658,20.3,1700.9
1,9,3,7,0,0,18322,7.4,4100,4903,25.8,1832.2,3,9,1,0,0,14222,6.4,-4100,-4903,20.4,1422.2
0,9,5,6,1,0,17366,6.8,629,-887,21.3,1736.6,5,9,4,0,0,16737,7,-629,887,22.3,1673.7
0,3,6,0,1,0,14984,7,-1287,-746,23.5,1498.4,6,3,3,1,0,16271,7,1287,746,23.7,1627.1
1,11,5,15,0,0,18945,7,3107,2132,24.1,1894.5,5,11,9,0,0,15838,6.8,-3107,-2132,19.9,1583.8
0,8,5,6,0,0,17851,7.4,1051,1224,25.7,1785.1,5,8,4,1,0,16800,7.2,-1051,-1224,24.7,1680
0,7,10,8,0,0,16900,6.8,-1920,-3055,16.1,1690,10,7,8,1,0,18820,7.2,1920,3055,22.5,1882
0,3,4,4,0,0,14923,7,-1899,-2290,22.9,1492.3,4,3,4,0,0,16822,7.2,1899,2290,24.4,1682.2
0,5,11,3,0,0,14790,6.6,-3951,-2608,18.5,1479,11,5,15,1,0,18741,7.2,3951,2608,22.5,1874.1
1,7,6,7,0,0,18035,7,1977,1635,25,1803.5,6,7,13,0,0,16058,6.8,-1977,-1635,18.3,1605.8
1,6,7,7,1,0,17193,7.4,577,1371,25.7,1719.3,7,6,8,0,0,16616,6.8,-577,-1371,22.8,1661.6
1,13,3,11,0,0,19536,7.6,5452,4510,21.7,1953.6,3,13,3,0,0,14084,6.4,-5452,-4510,17.8,1408.4
0,5,2,7,2,0,16444,7.4,1415,1951,22.9,1644.4,2,5,3,0,0,15029,6.8,-1415,-1951,22.5,1502.9
0,1,11,2,0,0,13177,6.2,14,-28,17.7,1317.7,11,1,13,1,0,16378,7.8,-14,28,25.8,1637.8
1,13,8,6,1,0,17564,6.6,2032,1193,16.7,1756.4,8,13,10,0,0,15532,7,-2032,-1193,17,1553.2
0,10,8,12,1,0,17281,7,-1125,-1326,20.3,1728.1,8,10,6,1,0,18406,7,1125,1326,22.9,1840.6
0,4,7,7,0,0,15818,6.8,-60,1347,23.3,1581.8,7,4,13,1,0,15878,6.6,60,-1347,18.6,1587.8
0,5,7,8,0,0,16208,7,-1656,-1363,21.8,1620.8,7,5,7,1,0,17864,7.2,1656,1363,24.2,1786.4
0,6,5,3,1,0,17174,7,507,510,23.1,1717.4,5,6,5,1,0,16667,7,-507,-510,23.3,1666.7
1,10,5,11,1,0,17920,7,2536,746,22.4,1792,5,10,5,0,0,15384,7,-2536,-746,22,1538.4
1,6,7,5,1,0,15882,7.2,-1019,-361,19.8,1588.2,7,6,5,0,0,16901,7,1019,361,24,1690.1
0,6,11,6,0,0,15801,6.6,-1603,-809,20.9,1580.1,11,6,12,2,0,17404,7,1603,809,20.4,1740.4
0,10,5,13,0,0,18866,7.4,3412,2086,25.2,1886.6,5,10,8,0,0,15454,7,-3412,-2086,20.7,1545.4
0,1,4,1,2,0,14056,6.6,-1903,-2537,22.3,1405.6,4,1,3,0,0,15959,7,1903,2537,23.1,1595.9
0,5,10,4,1,0,15876,6.8,-2266,-2047,22.4,1587.6,10,5,9,1,0,18142,7.2,2266,2047,22.1,1814.2
0,3,3,2,1,0,15567,7,62,1348,23.2,1556.7,3,3,5,0,0,15505,7,-62,-1348,23.7,1550.5
0,5,11,8,0,0,15979,6.8,-3456,-1429,19,1597.9,11,5,15,2,0,19435,7,3456,1429,18.9,1943.5
0,6,5,4,1,0,16398,6.6,768,505,23.6,1639.8,5,6,5,0,0,15630,7,-768,-505,21.8,1563
0,4,4,3,1,0,15721,7.2,-1050,89,21.3,1572.1,4,4,6,1,0,16771,7.2,1050,-89,23.8,1677.1
0,2,8,1,0,0,14206,6.6,-3427,-1792,20,1420.6,8,2,7,1,0,17633,7,3427,1792,25.3,1763.3
1,6,5,6,1,0,16398,7.2,14,3761,25,1639.8,5,6,4,1,0,14172,7,-14,-3761,17.1,1417.2
1,8,3,9,1,0,17428,7.2,2087,2578,22,1742.8,3,8,2,0,0,15341,6.8,-2087,-2578,22.9,1534.1
1,7,2,10,0,0,16879,7.2,2053,1126,21.1,1687.9,2,7,3,1,0,14826,6.8,-2053,-1126,23.2,1482.6
1,8,2,9,1,0,17422,6.8,2394,-1292,21.1,1742.2,2,8,3,0,0,15028,7,-2394,1292,21,1502.8
0,3,3,3,0,0,15255,7,-112,233,22.8,1525.5,3,3,3,0,0,15367,7,112,-233,23.4,1536.7
0,6,9,8,1,0,16978,7.2,-1712,-394,20.5,1697.8,9,6,16,0,0,18690,7.4,1712,394,20.8,1869
0,6,9,9,1,0,15738,6.6,-2550,-1985,18.8,1573.8,9,6,6,0,0,18288,7,2550,1985,22.4,1828.8
0,9,6,8,0,0,17079,7,899,295,20.3,1707.9,6,9,7,1,0,16180,7,-899,-295,22.5,1618
1,1,4,1,0,0,14761,7,-294,-1277,23,1476.1,4,1,4,0,0,15055,7.2,294,1277,19.3,1505.5
1,12,4,10,1,0,19724,7.8,4999,3308,26.3,1972.4,4,12,4,1,0,14725,6.6,-4999,-3308,21.8,1472.5
0,8,3,12,1,0,17479,7.2,2143,1315,24.3,1747.9,3,8,4,0,0,15336,7,-2143,-1315,20.3,1533.6
1,6,10,6,2,0,20344,7,3175,1975,19.3,2034.4,10,6,11,0,0,17169,6.6,-3175,-1975,16.2,1716.9
0,2,6,2,0,0,15141,7.2,-2506,-1979,23,1514.1,6,2,9,1,0,17647,7.6,2506,1979,25,1764.7
0,4,3,5,0,0,15793,6.8,848,463,24.6,1579.3,3,4,3,1,0,14945,7,-848,-463,21,1494.5
1,6,9,4,0,0,15653,6.6,-2026,-1235,20.3,1565.3,9,6,14,1,0,17679,7,2026,1235,21.6,1767.9
1,5,3,4,1,0,15836,7,813,487,22.3,1583.6,3,5,3,0,0,15023,6.8,-813,-487,21.9,1502.3
1,4,2,4,0,0,14673,6.4,-110,-1469,18.3,1467.3,2,4,3,2,0,14783,6.8,110,1469,21.4,1478.3
1,10,4,11,0,0,18270,7,3134,1069,24.9,1827,4,10,1,1,0,15136,7,-3134,-1069,21.7,1513.6
0,13,12,6,0,0,19362,6.6,965,1856,19.5,1936.2,12,13,6,1,0,18397,6.4,-965,-1856,18,1839.7
0,5,6,6,1,0,15820,6.8,40,1340,20,1582,6,5,8,0,0,15780,6.6,-40,-1340,21.2,1578
1,5,3,5,1,0,16583,6.8,961,-900,21.9,1658.3,3,5,2,1,0,15622,7,-961,900,23.4,1562.2
1,9,3,6,1,0,18558,7.2,3958,3881,26.9,1855.8,3,9,4,1,0,14600,6.4,-3958,-3881,19.4,1460
1,6,4,7,0,0,17477,7,1814,73,23.2,1747.7,4,6,4,1,0,15663,7,-1814,-73,21,1566.3
1,3,7,2,0,0,14935,7,-3469,-1687,19.8,1493.5,7,3,9,2,0,18404,7.2,3469,1687,26.3,1840.4
1,14,6,10,1,0,19203,7.4,3548,3559,22,1920.3,6,14,7,1,0,15655,6.6,-3548,-3559,20.4,1565.5
1,6,6,3,0,0,16701,6.8,882,450,23.7,1670.1,6,6,5,0,0,15819,6.8,-882,-450,19.2,1581.9
0,13,3,6,1,0,17529,6.8,1530,-1195,21.8,1752.9,3,13,2,1,0,15999,6.8,-1530,1195,24.3,1599.9
0,4,8,5,0,0,15264,6.4,-3212,-1661,20.8,1526.4,8,4,10,0,0,18476,7,3212,1661,21.7,1847.6
0,8,6,7,1,0,17403,7.4,1518,1874,21.5,1740.3,6,8,9,0,0,15885,6.6,-1518,-1874,19.2,1588.5
1,4,6,2,1,0,15500,6.8,-1006,-1606,21.8,1550,6,4,5,1,0,16506,7.2,1006,1606,22.1,1650.6
0,2,5,5,0,0,12886,7,-3117,-3799,16.5,1288.6,5,2,4,1,0,16003,6.8,3117,3799,20.6,1600.3
1,6,3,7,1,0,17780,7.2,3170,2080,22.1,1778,3,6,4,0,0,14610,6.4,-3170,-2080,21.3,1461
1,3,7,2,0,0,15632,7,-1822,-1467,23.2,1563.2,7,3,6,2,0,17454,7.4,1822,1467,24.4,1745.4
1,6,7,5,1,0,16230,6.8,-726,-1249,19,1623,7,6,12,0,0,16956,7.2,726,1249,23,1695.6
1,4,2,4,1,0,15346,7,1342,1886,23.2,1534.6,2,4,2,0,0,14004,6.6,-1342,-1886,20.6,1400.4
0,3,2,4,1,0,15718,7,1464,925,25,1571.8,2,3,4,0,0,14254,6.6,-1464,-925,21.5,1425.4
1,6,4,9,1,0,17620,7,2387,1411,23.3,1762,4,6,7,0,0,15233,6.8,-2387,-1411,20.1,1523.3
0,4,13,4,0,0,14958,6.8,-4629,-3393,20.7,1495.8,13,4,16,1,0,19587,7.4,4629,3393,23.9,1958.7
0,2,6,2,0,0,14025,6.6,-2846,-1964,20.5,1402.5,6,2,4,1,0,16871,6.8,2846,1964,21.8,1687.1
1,4,3,3,2,0,15656,7,85,-706,22.7,1565.6,3,4,3,0,0,15571,7,-85,706,21.7,1557.1
0,9,14,10,0,0,17155,6.6,-4473,-2976,18.3,1715.5,14,9,16,2,0,16378,7,4473,2976,21.4,1637.8
1,8,3,7,1,0,16595,7.2,859,2681,21,1659.5,3,8,7,0,0,15736,6.4,-859,-2681,20.3,1573.6
1,9,8,13,1,0,17283,6.6,-428,5,20.5,1728.3,8,9,7,1,0,17711,6.6,428,-5,21.3,1771.1
0,5,8,9,0,0,15388,6.4,-4104,-3458,17.9,1538.8,8,5,8,0,0,19492,7.2,4104,3458,26.4,1949.2
0,11,10,9,1,0,17797,7,354,248,19.1,1779.7,10,11,11,0,0,17443,6.8,-354,-248,19.8,1744.3
1,6,7,6,0,0,17170,7,959,2183,24.3,1717,7,6,10,0,0,16211,6.4,-959,-2183,19.4,1621.1
1,4,2,5,0,0,16729,7,1970,804,22.7,1672.9,2,4,2,0,0,14759,6.8,-1970,-804,22.8,1475.9
0,8,9,6,0,0,17424,7.2,-618,-669,22.4,1742.4,9,8,8,0,0,18042,7,618,669,22.3,1804.2
0,8,7,12,2,0,16912,6.8,106,-1098,21.3,1691.2,7,8,6,0,0,16806,7,-106,1098,17.9,1680.6
0,12,6,6,1,0,19426,6.8,4146,3141,21.8,1942.6,6,12,8,1,0,15280,6.4,-4146,-3141,19.1,1528
0,5,4,5,0,0,16062,6.8,39,-1075,19.5,1606.2,4,5,3,1,0,16023,7.2,-39,1075,23.7,1602.3
1,7,4,4,1,0,17440,7,2367,1946,19.7,1744,4,7,3,1,0,15073,6.6,-2367,-1946,17.8,1507.3
0,3,11,3,0,0,15273,6.6,-2111,-1607,22.7,1527.3,11,3,11,1,0,17384,6.8,2111,1607,21.8,1738.4
1,5,6,5,0,0,16571,7.2,-528,1756,21.2,1657.1,6,5,7,2,0,17099,6.6,528,-1756,21,1709.9
1,10,5,9,1,0,19204,7.2,4424,-28,22.8,1920.4,5,10,8,1,0,14780,6.4,-4424,28,18.7,1478
0,2,4,2,0,0,15210,6.8,262,-414,22.2,1521,4,2,5,2,0,14948,7,-262,414,21.6,1494.8
0,6,8,7,0,0,17190,6.8,777,576,22.6,1719,8,6,9,0,0,16413,6.6,-777,-576,19,1641.3
0,6,6,4,0,0,16839,7,468,370,22.2,1683.9,6,6,8,1,0,16371,6.8,-468,-370,21.1,1637.1
0,3,7,2,0,0,14552,6.6,-3408,-1490,22.2,1455.2,7,3,5,2,0,17960,7,3408,1490,22.8,1796
1,10,4,13,1,0,19359,7.2,4424,2663,24.3,1935.9,4,10,5,0,0,14935,6.8,-4424,-2663,18.9,1493.5
1,6,6,4,2,0,16043,7,-76,1720,21.3,1604.3,6,6,8,0,0,16119,6.6,76,-1720,20.6,1611.9
0,5,6,4,0,0,15723,6.4,-5601,-4942,19.6,1572.3,6,5,6,1,0,16378,7.6,5601,4942,21,1637.8
0,6,6,9,0,0,17924,7,870,703,24.8,1792.4,6,6,9,0,0,17054,6.8,-870,-703,24.1,1705.4
1,4,3,2,1,0,15833,7.2,904,1043,25,1583.3,3,4,3,1,0,14929,6.8,-904,-1043,21.3,1492.9
1,6,3,7,1,0,16691,7.4,1814,1762,22.6,1669.1,3,6,3,0,0,14877,6.8,-1814,-1762,21.4,1487.7
0,1,1,3,0,0,15301,7,166,-436,24.9,1530.1,1,1,0,1,0,15135,6.8,-166,436,23,1513.5
0,7,8,6,0,0,16132,7,-1211,-2257,20.7,1613.2,8,7,9,1,0,17343,7.2,1211,2257,24.4,1734.3
0,7,6,7,0,0,17513,7.2,1941,846,22.8,1751.3,6,7,5,1,0,15572,6.6,-1941,-846,18.8,1557.2
1,7,6,9,1,0,17108,7,990,1798,23,1710.8,6,7,6,0,0,16118,6.6,-990,-1798,21.8,1611.8
1,6,5,8,2,0,17178,7,2614,2285,23.4,1717.8,5,6,2,0,0,14564,6.4,-2614,-2285,17,1456.4
0,3,4,3,0,0,14511,6.6,-342,-2245,21.2,1451.1,4,3,1,1,0,14853,7.4,342,2245,21.2,1485.3
0,1,11,1,1,0,13199,6.2,-6134,-4660,17.3,1319.9,11,1,13,0,0,19333,7.6,6134,4660,25.5,1933.3
1,6,5,12,0,0,17107,6.8,-1661,-1259,21.5,1710.7,5,6,4,2,0,18768,7,1661,1259,23.9,1876.8
0,6,6,3,0,0,14731,6.2,-6086,-3112,21.8,1473.1,6,6,6,0,0,16378,7,6086,3112,23.7,1637.8
0,4,7,6,0,0,14937,6.8,-2601,-3694,21.1,1493.7,7,4,8,2,0,17538,7.4,2601,3694,23.2,1753.8
0,1,10,1,0,0,13340,6.2,-3586,-2271,22.3,1334,10,1,16,1,0,16926,6.8,3586,2271,18.9,1692.6
1,9,4,11,1,0,19684,7.4,3920,3302,21.7,1968.4,4,9,3,1,0,15764,6.6,-3920,-3302,21.9,1576.4
0,2,7,2,0,0,15461,6.8,-1912,-2257,20.6,1546.1,7,2,7,2,0,17373,7.2,1912,2257,24.3,1737.3
1,3,2,1,1,0,14700,6.8,203,411,23.4,1470,2,3,0,0,0,14497,6.8,-203,-411,25.3,1449.7
0,5,7,5,1,0,17026,7,17,-403,21.3,1702.6,7,5,6,1,0,17009,7,-17,403,21.8,1700.9
1,4,1,9,1,0,15357,6.8,1273,1061,20,1535.7,1,4,2,0,0,14084,6.4,-1273,-1061,23.9,1408.4
1,9,7,9,0,0,17498,7,1023,19,20,1749.8,7,9,6,1,0,16475,6.8,-1023,-19,19.6,1647.5
0,5,12,3,0,0,15140,6.4,-3371,-2094,19.8,1514,12,5,15,1,0,18511,7,3371,2094,21.7,1851.1
1,5,5,7,1,0,16398,7,455,524,21.8,1639.8,5,5,10,0,0,15943,6.6,-455,-524,18.4,1594.3
1,8,7,7,1,0,16972,7,891,1054,18.4,1697.2,7,8,7,0,0,16081,6.6,-891,-1054,19.6,1608.1
1,9,2,5,0,0,17777,7.4,3361,3545,23.8,1777.7,2,9,1,0,0,14416,6.4,-3361,-3545,20.8,1441.6
1,5,0,4,1,0,16184,7,2813,1222,22.3,1618.4,0,5,0,0,0,13371,6.6,-2813,-1222,21,1337.1
0,2,9,2,0,0,14085,6.4,-3803,-4020,22,1408.5,9,2,4,2,0,17888,7.2,3803,4020,24.5,1788.8
0,3,8,7,0,0,13944,6.6,-3179,-2574,18.5,1394.4,8,3,7,1,0,17123,7,3179,2574,23,1712.3
1,5,5,9,1,0,16730,7,913,14,24.6,1673,5,5,6,0,0,15817,6.8,-913,-14,20.5,1581.7
0,2,7,4,1,0,14507,6.4,-2328,-1153,21.5,1450.7,7,2,7,1,0,16835,6.8,2328,1153,18.9,1683.5
0,4,8,6,0,0,14327,6.6,-3392,-2116,19.4,1432.7,8,4,7,1,0,17719,6.8,3392,2116,22.3,1771.9
0,8,10,8,1,0,17048,7,171,1158,23,1704.8,10,8,10,0,0,16877,6.8,-171,-1158,18.5,1687.7
0,4,2,4,0,0,16103,7,1119,-12,23.8,1610.3,2,4,0,0,0,14984,6.8,-1119,12,24.5,1498.4
1,5,10,6,0,0,16413,6.8,-3036,-2088,22.5,1641.3,10,5,8,1,0,19449,7.4,3036,2088,25.1,1944.9
1,9,5,6,1,0,18122,7.2,2195,554,23.3,1812.2,5,9,4,0,0,15927,7.2,-2195,-554,20,1592.7
1,11,13,11,0,0,17166,6.8,-1030,-319,16.5,1716.6,13,11,8,1,0,18196,6.6,1030,319,20.3,1819.6
0,3,3,5,1,0,15079,6.6,607,-1168,21.2,1507.9,3,3,5,1,0,14472,6.8,-607,1168,21,1447.2
1,8,7,6,1,0,18766,6.8,2343,-1514,21.6,1876.6,7,8,13,1,0,16423,7.2,-2343,1514,20.2,1642.3
0,1,8,3,0,0,13802,6.4,-4177,-2986,21.2,1380.2,8,1,9,1,0,17979,7,4177,2986,24.7,1797.9
1,4,3,3,1,0,16044,7,1223,2123,23.7,1604.4,3,4,3,1,0,14821,6.6,-1223,-2123,23.1,1482.1
0,2,14,3,0,0,14535,6.6,-6147,-1215,19.5,1453.5,14,2,6,2,0,16378,7,6147,1215,18.9,1637.8
0,8,11,7,2,0,16936,6.6,-865,-480,20.9,1693.6,11,8,12,0,0,17801,7,865,480,18.8,1780.1
0,5,7,4,0,0,16082,6.6,-974,-1306,22,1608.2,7,5,9,0,0,17056,6.8,974,1306,22.8,1705.6
1,10,4,11,0,0,18346,7,3454,1882,22.8,1834.6,4,10,5,2,0,14892,6.6,-3454,-1882,19.2,1489.2
1,6,13,16,2,0,19437,7,546,680,18.8,1943.7,13,6,10,0,0,18891,7,-546,-680,19.1,1889.1
0,8,8,8,1,0,16145,7.2,-1580,358,19.2,1614.5,8,8,7,1,0,17725,7.2,1580,-358,22.4,1772.5
1,6,3,7,1,0,16600,7.2,1825,996,23.8,1660,3,6,4,0,0,14775,6.8,-1825,-996,22.8,1477.5
0,11,6,12,0,0,17944,7,901,144,21.4,1794.4,6,11,5,0,0,17043,6.8,-901,-144,23,1704.3
1,5,7,3,0,0,14439,6.4,-3435,-1632,17.1,1443.9,7,5,6,1,0,17874,6.8,3435,1632,23,1787.4
1,3,7,3,0,0,15008,6.8,-3688,-2808,21.4,1500.8,7,3,9,1,0,18696,7.4,3688,2808,25.8,1869.6
0,2,7,4,0,0,15262,6.6,-1033,-104,23.2,1526.2,7,2,10,1,0,16295,7,1033,104,21.1,1629.5
1,7,3,4,1,0,16305,7,1947,1867,21.7,1630.5,3,7,2,0,0,14358,6.6,-1947,-1867,18,1435.8
0,3,13,4,0,0,13908,7,-4561,-5031,16.7,1390.8,13,3,6,1,0,18469,7,4561,5031,18.7,1846.9
0,8,2,11,1,0,17554,7.2,3255,1724,20.4,1755.4,2,8,1,0,0,14299,6.8,-3255,-1724,21.1,1429.9
0,7,10,8,0,0,15543,6.4,-3333,-2568,19.3,1554.3,10,7,12,0,0,18876,7,3333,2568,23.4,1887.6
1,8,0,12,1,0,17519,7.2,3272,1914,22.2,1751.9,0,8,0,0,0,14247,6.6,-3272,-1914,23.2,1424.7
1,11,7,11,2,0,17788,7,1655,2014,17.8,1778.8,7,11,12,0,0,16133,6.4,-1655,-2014,19.5,1613.3
1,8,7,14,0,0,17261,6.8,-112,-198,21.9,1726.1,7,8,8,1,0,17373,7,112,198,22.1,1737.3
0,5,4,5,1,0,16313,6.8,-220,67,23.4,1631.3,4,5,5,1,0,16533,7.2,220,-67,23.2,1653.3
0,0,7,0,0,0,12774,6.6,-4538,-2876,19.9,1277.4,7,0,13,1,0,17312,6.8,4538,2876,25,1731.2
0,4,9,3,0,0,16003,7.2,-1515,-4,22.9,1600.3,9,4,11,2,0,17518,7.2,1515,4,21.9,1751.8
0,7,7,6,1,0,15472,6.8,-1851,-1875,18.1,1547.2,7,7,4,0,0,17323,7.2,1851,1875,21.1,1732.3
1,4,6,5,1,0,16697,7,601,-303,23.3,1669.7,6,4,9,1,0,16096,7.2,-601,303,23,1609.6
1,8,7,12,1,0,17065,7,878,460,22.9,1706.5,7,8,8,0,0,16187,6.8,-878,-460,20.4,1618.7
0,4,4,5,0,0,15374,7,405,11,22.1,1537.4,4,4,3,0,0,14969,6.8,-405,-11,20.5,1496.9
1,8,8,9,2,0,17882,6.8,1667,1183,20.5,1788.2,8,8,9,0,0,16215,6.8,-1667,-1183,19.4,1621.5
1,5,5,5,0,0,17803,7,2197,1516,24.2,1780.3,5,5,8,0,0,15606,6.8,-2197,-1516,22.8,1560.6
0,7,12,12,1,0,16548,6.8,-2775,-2872,19.2,1654.8,12,7,10,1,0,19323,7.4,2775,2872,22,1932.3
1,14,5,9,1,0,19433,7,4483,3132,21.3,1943.3,5,14,5,0,0,14950,6.4,-4483,-3132,17.6,1495
1,8,4,7,1,0,17790,6.8,1837,458,19,1779,4,8,4,1,0,15953,6.8,-1837,-458,17.6,1595.3
0,4,10,7,1,0,14719,6.6,-2317,-1800,20,1471.9,10,4,10,1,0,17036,7,2317,1800,19.4,1703.6
0,7,10,3,0,0,16418,6.8,-1517,-62,19.9,1641.8,10,7,14,1,0,17935,6.8,1517,62,21.1,1793.5
0,5,7,9,0,0,16566,7.2,-418,-611,21.6,1656.6,7,5,4,1,0,16984,7.2,418,611,20.8,1698.4
1,9,5,13,1,0,20356,7,5305,382,22.5,2035.6,5,9,10,1,0,15051,7,-5305,-382,18.4,1505.1
0,10,10,8,1,0,18524,7,85,1243,19.4,1852.4,10,10,14,1,0,18439,6.6,-85,-1243,18.2,1843.9
1,7,3,8,2,0,17507,7.2,2790,3073,25,1750.7,3,7,3,0,0,14717,6.6,-2790,-3073,20.9,1471.7
0,8,4,6,2,0,16774,7.2,300,-568,24,1677.4,4,8,5,0,0,16474,7.4,-300,568,23.1,1647.4
0,3,4,2,1,0,15527,6.8,-564,-298,22.3,1552.7,4,3,7,1,0,16091,7,564,298,24.6,1609.1
0,2,8,1,1,0,14154,6.8,-3597,-2757,20.6,1415.4,8,2,5,1,0,17751,7.2,3597,2757,24.3,1775.1
1,1,4,2,0,0,14783,7,-2003,-1370,24.8,1478.3,4,1,6,0,0,16786,7,2003,1370,26.4,1678.6
1,8,6,7,1,0,18070,7.2,1263,590,23.7,1807,6,8,9,0,0,16807,7.4,-1263,-590,20.5,1680.7
0,6,7,9,1,0,15689,6.6,-808,-266,17.1,1568.9,7,6,9,0,0,16497,6.8,808,266,21.1,1649.7
0,9,6,10,1,0,17090,7.2,989,755,21.6,1709,6,9,5,0,0,16101,6.8,-989,-755,21.3,1610.1
0,1,5,0,1,0,14524,6.4,-2527,-1697,23.4,1452.4,5,1,7,1,0,17051,7,2527,1697,23.8,1705.1
0,3,2,4,1,0,15496,6.6,1559,131,23.8,1549.6,2,3,3,1,0,13937,6.6,-1559,-131,19.7,1393.7
1,8,4,7,0,0,17972,7.4,2455,2080,25.4,1797.2,4,8,3,0,0,15517,6.8,-2455,-2080,21.4,1551.7
0,4,8,5,0,0,15124,6.6,-2588,-1355,18.5,1512.4,8,4,9,0,0,17712,6.8,2588,1355,21.7,1771.2
1,4,4,7,0,0,16784,7.2,992,-861,26.7,1678.4,4,4,5,1,0,15792,7.2,-992,861,22.4,1579.2
0,4,13,3,1,0,14157,7,-3948,-4655,15.8,1415.7,13,4,5,1,0,18105,7.4,3948,4655,24.3,1810.5
1,12,5,10,1,0,19296,7.4,3611,2136,22.2,1929.6,5,12,7,0,0,15685,6.8,-3611,-2136,18,1568.5
1,6,4,6,1,0,16398,7.6,14,-28,23.4,1639.8,4,6,6,0,0,13983,6.2,-14,28,17.6,1398.3
1,13,9,12,0,0,18734,7.2,2355,884,18.7,1873.4,9,13,8,1,0,16379,6.8,-2355,-884,20,1637.9
1,7,4,6,1,0,17914,7,3410,2524,24,1791.4,4,7,7,0,0,14504,6.4,-3410,-2524,18.7,1450.4
1,10,7,12,0,0,17892,7,1017,547,19.7,1789.2,7,10,7,1,0,16875,7,-1017,-547,20.1,1687.5
1,13,2,13,1,0,19969,7.2,14,-28,25.5,1996.9,2,13,2,0,0,13206,7,-14,28,19.2,1320.6
0,4,8,4,1,0,16250,6.8,-1497,-1252,23.6,1625,8,4,13,0,0,17747,7.2,1497,1252,22.5,1774.7
0,5,6,7,1,0,15850,6.2,29,-1552,21,1585,6,5,8,0,0,15821,6.6,-29,1552,22.2,1582.1
0,6,4,4,1,0,16505,6.8,1110,-225,24.5,1650.5,4,6,3,0,0,15395,7.4,-1110,225,21.2,1539.5
0,9,3,16,1,0,18741,7.2,3447,1976,24.3,1874.1,3,9,6,1,0,15294,6.8,-3447,-1976,21,1529.4
0,8,10,10,0,0,17051,7,-530,485,20.8,1705.1,10,8,9,1,0,17581,6.8,530,-485,19.1,1758.1
1,10,5,12,1,0,18936,7.2,4798,-28,25.3,1893.6,5,10,5,0,0,14138,7,-4798,28,17.6,1413.8
0,7,6,7,0,0,15551,6.4,-259,-576,17.6,1555.1,6,7,6,0,0,15810,6.6,259,576,17.3,1581
0,6,8,4,1,0,16455,7.2,-411,374,21.7,1645.5,8,6,14,0,0,16866,7.2,411,-374,21.5,1686.6
0,10,8,12,1,0,17357,7,-310,570,19.1,1735.7,8,10,9,1,0,17667,7.2,310,-570,19.4,1766.7
0,6,4,5,1,0,16293,7,929,1008,22.9,1629.3,4,6,5,0,0,15364,7,-929,-1008,22.7,1536.4
1,6,4,5,1,0,16541,6.8,1568,2039,21.1,1654.1,4,6,5,0,0,14973,6.6,-1568,-2039,20.8,1497.3
1,9,4,11,0,0,19477,7.2,5099,2567,22.4,1947.7,4,9,3,1,0,14378,6.2,-5099,-2567,17.6,1437.8
1,4,5,5,1,0,16331,7.2,-462,542,24.6,1633.1,5,4,8,0,0,16793,6.8,462,-542,27.3,1679.3
0,7,12,4,0,0,16115,7,-3032,-1859,19.3,1611.5,12,7,7,0,0,19147,7.2,3032,1859,24.3,1914.7
0,6,5,6,0,0,16575,7,-134,-146,23.3,1657.5,5,6,6,1,0,16709,7.2,134,146,24.2,1670.9
0,5,5,5,0,0,15161,6.6,-106,-827,17.4,1516.1,5,5,5,1,0,15267,6.8,106,827,20.7,1526.7
0,3,2,6,2,0,15097,7,-971,-1447,22.6,1509.7,2,3,2,0,0,16068,7.2,971,1447,25.3,1606.8
0,7,6,8,2,0,16514,6.8,-594,-1344,21.6,1651.4,6,7,11,0,0,17108,7,594,1344,24.2,1710.8
1,11,2,16,0,0,19770,7.2,5120,3137,23.2,1977,2,11,2,2,0,14650,6.4,-5120,-3137,19.1,1465
1,9,4,8,1,0,17915,7,1963,781,22.5,1791.5,4,9,1,0,0,15952,7.2,-1963,-781,25.8,1595.2
1,5,5,4,0,0,16450,7.2,296,1046,22.2,1645,5,5,8,2,0,16154,7,-296,-1046,22,1615.4
0,6,3,5,0,0,16007,6.8,1201,695,22.1,1600.7,3,6,3,1,0,14806,6.8,-1201,-695,20.9,1480.6
0,4,5,4,2,0,16552,7.2,334,145,22.7,1655.2,5,4,9,0,0,16218,6.8,-334,-145,22.5,1621.8
0,5,5,4,0,0,15750,6.8,259,473,21.6,1575,5,5,6,0,0,15491,6.6,-259,-473,20,1549.1
1,7,4,6,2,0,17162,7.6,3035,3792,24.9,1716.2,4,7,3,0,0,14127,6.6,-3035,-3792,17,1412.7
0,10,13,9,2,0,17743,7,-1223,-1046,19.4,1774.3,13,10,10,0,0,18966,7.2,1223,1046,19.8,1896.6
0,5,4,5,1,0,15527,6.4,625,-873,18.5,1552.7,4,5,2,0,0,14902,7,-625,873,22.6,1490.2
0,4,9,4,0,0,15585,7.2,-2017,-659,21.6,1558.5,9,4,12,0,0,17602,7.2,2017,659,22,1760.2
1,7,2,5,1,0,17026,6.8,2439,2360,25.4,1702.6,2,7,2,0,0,14587,6.6,-2439,-2360,23,1458.7
1,6,5,7,1,0,16149,7,-549,-323,21.7,1614.9,5,6,5,0,0,16698,6.8,549,323,23.3,1669.8
0,1,6,2,0,0,13728,6.8,-3675,-2454,20.4,1372.8,6,1,5,0,0,17403,7.2,3675,2454,24,1740.3
1,8,3,7,1,0,18003,7.4,3034,1983,24.8,1800.3,3,8,2,0,0,14969,7,-3034,-1983,21.1,1496.9
1,7,6,10,1,0,16497,7,787,-575,20.1,1649.7,6,7,2,0,0,15710,7,-787,575,23.2,1571
0,9,6,10,0,0,17666,6.4,846,-28,19.5,1766.6,6,9,8,0,0,16820,6.8,-846,28,24.7,1682
1,6,9,8,1,0,16711,7,-927,-200,21.7,1671.1,9,6,10,1,0,17638,6.8,927,200,22.9,1763.8
0,5,6,5,1,0,15414,6.8,-599,-288,20.8,1541.4,6,5,5,0,0,16013,6.8,599,288,21.8,1601.3
0,13,10,6,0,0,19372,7,1734,1173,20.1,1937.2,10,13,6,1,0,17638,6.6,-1734,-1173,19.5,1763.8
0,4,12,6,0,0,15207,6.6,-5324,-2914,21.3,1520.7,12,4,12,2,0,16378,7.2,5324,2914,20.5,1637.8
1,7,6,11,0,0,16378,6.4,-4552,-4208,18.9,1637.8,6,7,6,1,0,16378,7.4,4552,4208,23.4,1637.8
1,7,2,9,1,0,16683,7.2,1828,2134,22.3,1668.3,2,7,4,0,0,14855,6.8,-1828,-2134,22.4,1485.5
1,7,7,7,1,0,17215,7,324,2076,25.6,1721.5,7,7,13,0,0,16891,6.6,-324,-2076,23.4,1689.1
0,7,9,7,0,0,17177,6.8,-1885,-210,22.8,1717.7,9,7,10,1,0,19062,7.2,1885,210,23.6,1906.2
0,9,7,13,1,0,17682,6.6,724,241,19.5,1768.2,7,9,9,0,0,16958,6.6,-724,-241,22.9,1695.8
0,10,6,10,0,0,16744,7,-645,426,18.3,1674.4,6,10,3,0,0,17389,7,645,-426,22.4,1738.9
0,8,5,10,1,0,17812,7,2554,2046,23.4,1781.2,5,8,4,1,0,15258,6.6,-2554,-2046,21.2,1525.8
0,1,6,1,0,0,14971,6.6,-1390,-446,25.5,1497.1,6,1,4,2,0,16361,6.8,1390,446,22.6,1636.1
0,7,9,13,1,0,17432,7,-399,-1348,20,1743.2,9,7,11,0,0,17831,7,399,1348,20.3,1783.1
1,3,5,3,1,0,15341,6.8,-85,1665,21.5,1534.1,5,3,9,1,0,15426,6.6,85,-1665,20.2,1542.6
1,6,1,6,0,0,17357,7.2,4111,2823,23.4,1735.7,1,6,0,1,0,13246,6.6,-4111,-2823,20.8,1324.6
0,2,4,2,0,0,14747,6.8,-1356,-501,24.5,1474.7,4,2,3,1,0,16103,7,1356,501,26.1,1610.3
0,6,5,9,1,0,15368,6.4,71,-679,16.9,1536.8,5,6,2,0,0,15297,6.4,-71,679,19.8,1529.7
1,5,2,5,1,0,15931,7,393,111,23.1,1593.1,2,5,3,0,0,15538,6.8,-393,-111,25.5,1553.8
0,8,8,5,0,0,17188,6.6,809,645,22.9,1718.8,8,8,10,1,0,16379,6.6,-809,-645,19.1,1637.9
1,7,6,12,1,0,17737,7,1126,549,22,1773.7,6,7,10,0,0,16611,7.2,-1126,-549,22.8,1661.1
1,4,4,3,1,0,15024,7,-1243,-1261,21.7,1502.4,4,4,6,1,0,16267,7,1243,1261,22.1,1626.7
1,12,5,11,1,0,19659,7.2,3745,1627,24.1,1965.9,5,12,6,0,0,15914,7,-3745,-1627,23,1591.4
0,8,7,8,1,0,17562,6.8,1269,739,20.3,1756.2,7,8,9,1,0,16293,6.8,-1269,-739,19.9,1629.3
0,3,8,5,1,0,14527,6.4,-4267,-2746,22.1,1452.7,8,3,8,1,0,18794,7.2,4267,2746,23.8,1879.4
0,3,2,6,0,0,14509,6.8,-1749,-1247,19.1,1450.9,2,3,3,2,0,16258,6.8,1749,1247,25.1,1625.8
1,9,2,8,1,0,18650,7.4,4128,3128,23.4,1865,2,9,2,0,0,14522,6.6,-4128,-3128,24.3,1452.2
1,7,4,8,0,0,15818,6.6,656,-439,20.5,1581.8,4,7,3,0,0,15162,6.8,-656,439,20,1516.2
0,5,5,4,1,0,15550,6.8,-1324,-615,21.8,1555,5,5,7,1,0,16874,6.8,1324,615,25.7,1687.4
0,7,5,9,0,0,16655,7.2,791,1064,20.8,1665.5,5,7,6,2,0,15864,6.8,-791,-1064,21.2,1586.4
1,2,6,2,0,0,14790,6.8,-3075,-244,22.3,1479,6,2,7,1,0,17865,7,3075,244,26.6,1786.5
1,7,3,10,0,0,17755,7.2,2864,3193,25.4,1775.5,3,7,3,0,0,14891,6.4,-2864,-3193,22.1,1489.1
1,8,5,7,2,0,17973,7,2038,1029,22.3,1797.3,5,8,6,0,0,15935,6.4,-2038,-1029,20.7,1593.5
0,5,6,10,1,0,14566,6.4,-2061,-2046,18.2,1456.6,6,5,7,1,0,16627,7,2061,2046,20,1662.7
1,5,4,8,1,0,15983,6.8,544,-289,21.9,1598.3,4,5,6,0,0,15439,6.8,-544,289,21.8,1543.9
0,6,5,4,1,0,15655,6.8,-693,-919,20.3,1565.5,5,6,5,0,0,16348,7,693,919,23.4,1634.8
1,8,3,7,0,0,17840,6.8,3047,1616,23.3,1784,3,8,3,1,0,14793,6.6,-3047,-1616,22.9,1479.3
0,4,5,3,2,0,16018,7.2,-599,192,21.5,1601.8,5,4,10,0,0,16617,6.8,599,-192,24.2,1661.7
1,1,6,1,0,0,13719,6.4,-3247,-3783,21.3,1371.9,6,1,5,2,0,16966,7.2,3247,3783,23.7,1696.6
1,9,6,9,0,0,17633,7.2,1703,1809,20.6,1763.3,6,9,7,0,0,15930,6.8,-1703,-1809,21,1593
1,6,6,12,0,0,17552,6.8,1189,-821,20.1,1755.2,6,6,5,1,0,16363,6.8,-1189,821,19.1,1636.3
1,6,7,14,1,0,20236,6.8,3424,1464,20.3,2023.6,7,6,6,0,0,16812,6.6,-3424,-1464,16.9,1681.2
1,2,7,4,1,0,14558,6.8,-2564,-1959,20.6,1455.8,7,2,8,1,0,17122,7.2,2564,1959,22.2,1712.2
0,4,3,3,1,0,15080,7,-401,-439,20.8,1508,3,4,3,0,0,15481,7.4,401,439,23.2,1548.1
1,10,2,12,1,0,19621,7.6,14,-28,20.9,1962.1,2,10,2,0,0,12918,7,-14,28,21.8,1291.8
1,3,5,3,0,0,15970,7,24,-286,24.5,1597,5,3,1,0,0,15946,6.8,-24,286,24.9,1594.6
0,4,5,2,1,0,15581,7,-460,935,23.9,1558.1,5,4,4,1,0,16041,7,460,-935,22.3,1604.1
1,13,3,14,0,0,16398,7.4,14,4379,25.3,1639.8,3,13,2,1,0,14310,6.6,-14,-4379,18.5,1431
1,6,3,8,1,0,17352,6.8,1963,804,25.7,1735.2,3,6,7,0,0,15389,6.8,-1963,-804,21,1538.9
1,4,7,6,1,0,15289,7,-1041,-1114,21,1528.9,7,4,5,1,0,16330,6.8,1041,1114,19.6,1633
1,7,2,6,1,0,17819,7.2,2979,1183,23.6,1781.9,2,7,1,1,0,14840,7,-2979,-1183,22.3,1484
1,7,3,9,1,0,16723,7,1489,604,23.3,1672.3,3,7,3,0,0,15234,7,-1489,-604,22.8,1523.4
0,8,4,11,1,0,17857,7.2,2374,1332,23.9,1785.7,4,8,3,0,0,15483,7,-2374,-1332,23.9,1548.3
0,7,5,10,1,0,16940,6.8,1523,-576,23.2,1694,5,7,6,1,0,15417,6.8,-1523,576,18.5,1541.7
0,9,6,9,1,0,17059,7,977,1247,21.4,1705.9,6,9,5,0,0,16082,6.6,-977,-1247,20.3,1608.2
0,4,6,5,0,0,15593,6.6,-416,-1639,22.5,1559.3,6,4,6,1,0,16009,7.2,416,1639,22.1,1600.9
1,6,5,12,0,0,17074,7.2,519,1436,24.2,1707.4,5,6,7,1,0,16555,6.6,-519,-1436,23.2,1655.5
1,7,6,4,0,0,16466,6.8,59,-305,18.5,1646.6,6,7,10,2,0,16407,7,-59,305,21,1640.7
1,12,3,11,2,0,19082,7.2,4305,2244,22.6,1908.2,3,12,2,0,0,14777,6.6,-4305,-2244,21.6,1477.7
1,6,6,8,1,0,16961,6.8,-33,-998,23.8,1696.1,6,6,4,1,0,16994,7,33,998,21.3,1699.4
0,5,5,4,0,0,16864,7,874,-554,24.7,1686.4,5,5,5,2,0,15990,7.2,-874,554,23.2,1599
0,5,9,6,0,0,14988,6.6,-2824,-2021,20,1498.8,9,5,10,0,0,17812,6.8,2824,2021,22.2,1781.2
1,13,10,13,0,0,18886,7.2,845,1049,18.8,1888.6,10,13,7,0,0,18041,7,-845,-1049,21.4,1804.1
1,2,6,6,0,0,15223,6.8,-713,-897,21.3,1522.3,6,2,3,0,0,15936,6.8,713,897,22.8,1593.6
1,5,3,6,2,0,15947,7,402,890,21.9,1594.7,3,5,3,0,0,15545,7,-402,-890,23.7,1554.5
0,4,5,1,0,0,14473,6.8,-2485,-1570,18.5,1447.3,5,4,2,1,0,16958,7.2,2485,1570,26.3,1695.8
0,7,4,5,1,0,17214,7,1746,2273,23.5,1721.4,4,7,6,0,0,15468,6.8,-1746,-2273,20.5,1546.8
0,3,9,6,0,0,14515,6.6,-4152,-1948,17.5,1451.5,9,3,14,1,0,18667,7,4152,1948,25.3,1866.7
0,7,6,8,1,0,15463,6.8,-1846,-1362,16.1,1546.3,6,7,3,1,0,17309,7,1846,1362,19.4,1730.9
0,4,10,7,0,0,15032,6.6,-4481,-1530,20.3,1503.2,10,4,6,1,0,19513,7,4481,1530,24.5,1951.3
0,4,13,4,0,0,14979,6.6,-4686,-2937,19.4,1497.9,13,4,13,1,0,19665,7.4,4686,2937,20.8,1966.5
0,1,2,2,0,0,13863,6.8,-1336,-1242,21.9,1386.3,2,1,1,1,0,15199,7,1336,1242,22.6,1519.9
1,4,1,7,0,0,15736,7.2,2112,2566,21.6,1573.6,1,4,2,1,0,13624,6.6,-2112,-2566,19.7,1362.4
0,5,6,5,0,0,15978,6.8,455,-1138,22.5,1597.8,6,5,7,0,0,15523,7,-455,1138,19.1,1552.3
0,9,7,10,0,0,18400,7.2,2746,1975,22.1,1840,7,9,10,1,0,15654,6.6,-2746,-1975,16.4,1565.4
0,6,10,6,2,0,15573,6.8,-4673,-1225,19.4,1557.3,10,6,10,0,0,20246,7.2,4673,1225,24.6,2024.6
0,4,6,7,1,0,15520,7,-1949,-1983,20.7,1552,6,4,10,1,0,17469,7.2,1949,1983,23,1746.9
0,2,9,3,0,0,13367,6.4,-4081,-1994,15.7,1336.7,9,2,11,1,0,17448,7.2,4081,1994,21.6,1744.8
1,10,5,7,1,0,17687,6.8,2159,2100,21.3,1768.7,5,10,5,0,0,15528,6.8,-2159,-2100,18,1552.8
1,11,8,8,0,0,17663,6.6,16,-639,19.3,1766.3,8,11,6,2,0,17647,7,-16,639,22.7,1764.7
0,6,10,5,0,0,16108,6.4,-1701,-771,21.1,1610.8,10,6,16,0,0,17809,6.8,1701,771,19,1780.9
1,3,3,5,1,0,14697,6.6,-780,-1068,22.9,1469.7,3,3,3,1,0,15477,7,780,1068,23.6,1547.7
0,5,9,4,0,0,15106,7,-2793,83,20,1510.6,9,5,12,1,0,17899,6.8,2793,-83,21.5,1789.9
0,7,3,12,0,0,16175,6.6,1426,524,20.2,1617.5,3,7,2,0,0,14749,6.6,-1426,-524,20.4,1474.9
1,10,8,10,1,0,18787,7,1876,1668,23.1,1878.7,8,10,10,0,0,16911,6.8,-1876,-1668,20.3,1691.1
1,9,3,10,0,0,17460,7,2338,1009,21.7,1746,3,9,3,1,0,15122,6.6,-2338,-1009,19.2,1512.2
0,9,5,5,1,0,16835,6.8,606,533,20,1683.5,5,9,6,0,0,16229,6.8,-606,-533,21.1,1622.9
0,8,10,11,2,0,17351,6.6,-780,63,20.4,1735.1,10,8,14,0,0,18131,6.8,780,-63,19.3,1813.1
1,6,2,4,0,0,16412,7,1211,751,23.5,1641.2,2,6,2,1,0,15201,6.6,-1211,-751,24.9,1520.1
1,5,4,8,1,0,15040,6.8,-1964,-963,19.7,1504,4,5,4,0,0,17004,7.2,1964,963,26,1700.4
0,5,4,3,0,0,16293,6.8,1006,1171,21.8,1629.3,4,5,5,1,0,15287,6.6,-1006,-1171,20.7,1528.7
0,6,4,5,1,0,16249,6.8,444,1056,22.1,1624.9,4,6,4,1,0,15805,7,-444,-1056,21.3,1580.5
1,2,4,2,1,0,15312,7,-961,-725,25,1531.2,4,2,3,0,0,16273,7.2,961,725,25,1627.3
1,6,3,6,1,0,16432,7,1804,1547,24,1643.2,3,6,3,0,0,14628,6.8,-1804,-1547,20,1462.8
1,8,3,10,2,0,18122,7.4,2696,3081,24.7,1812.2,3,8,3,0,0,15426,6.8,-2696,-3081,22.2,1542.6
0,6,9,7,0,0,16223,6.8,-605,-782,19.6,1622.3,9,6,7,1,0,16828,7,605,782,20.3,1682.8
0,6,8,7,1,0,16326,6.8,-1114,-417,23.6,1632.6,8,6,12,0,0,17440,7,1114,417,24.1,1744
0,0,5,0,0,0,13561,6.6,-1958,-1775,22,1356.1,5,0,4,1,0,15519,7,1958,1775,22.3,1551.9
1,5,6,3,0,0,15897,6.8,-453,659,21.9,1589.7,6,5,10,1,0,16350,7,453,-659,18.8,1635
0,6,8,6,1,0,16005,6.6,-1205,-1042,18.8,1600.5,8,6,6,1,0,17210,7.2,1205,1042,23.2,1721
0,5,6,6,1,0,15907,6.6,-393,-2719,21.1,1590.7,6,5,9,0,0,16300,7,393,2719,21.1,1630
0,9,2,12,0,0,17440,7,3422,1091,21.3,1744,2,9,1,0,0,14018,6.8,-3422,-1091,21.6,1401.8
0,1,5,2,0,0,14257,6.6,-3234,-2889,23,1425.7,5,1,9,0,0,17491,7.2,3234,2889,24.7,1749.1
0,7,10,11,0,0,15723,6.4,-4307,-2260,15.9,1572.3,10,7,13,1,0,20030,7,4307,2260,25.3,2003
0,2,10,1,0,0,14817,6.4,-3264,-1507,21.2,1481.7,10,2,11,1,0,18081,7,3264,1507,21.1,1808.1
0,0,1,0,0,0,14713,7,-388,-1004,26.1,1471.3,1,0,1,1,0,15101,7,388,1004,26.4,1510.1
0,6,6,11,0,0,16319,6.6,52,554,21.4,1631.9,6,6,6,1,0,16267,6.6,-52,-554,23.5,1626.7
0,10,8,14,1,0,18294,7.4,1058,527,20.4,1829.4,8,10,12,0,0,17236,7,-1058,-527,21,1723.6
0,3,7,2,0,0,14415,6.8,-3505,-1473,21.3,1441.5,7,3,9,1,0,17920,7.2,3505,1473,22.6,1792
0,10,6,6,0,0,17634,6.6,2031,1004,19.3,1763.4,6,10,6,0,0,15603,6.4,-2031,-1004,19.6,1560.3
1,6,2,7,1,0,17062,7.2,2436,2608,23.5,1706.2,2,6,3,1,0,14626,7,-2436,-2608,20.3,1462.6
0,12,9,6,0,0,19098,7,1769,2294,23,1909.8,9,12,14,1,0,17329,6.4,-1769,-2294,16.6,1732.9
0,8,12,8,0,0,17237,7,-1133,-714,21.3,1723.7,12,8,12,1,0,18370,7.4,1133,714,19.6,1837
1,10,6,8,0,0,18093,7.4,1864,1877,22.2,1809.3,6,10,7,1,0,16229,6.6,-1864,-1877,18.9,1622.9
0,7,7,9,0,0,16276,6.6,273,-1195,21.5,1627.6,7,7,2,1,0,16003,7.2,-273,1195,19.6,1600.3
1,6,5,6,0,0,16471,6.8,1450,763,24.6,1647.1,5,6,3,0,0,15021,6.8,-1450,-763,20,1502.1
0,6,11,5,0,0,15246,6.4,-4370,-4504,21.8,1524.6,11,6,12,1,0,19616,7.2,4370,4504,23.5,1961.6
1,8,2,10,1,0,18656,7.2,3761,1269,22.9,1865.6,2,8,2,0,0,14895,6.6,-3761,-1269,24.1,1489.5
1,5,1,5,2,0,16951,7.2,1341,-85,27,1695.1,1,5,1,0,0,15610,7.2,-1341,85,25.4,1561
1,7,5,8,0,0,17830,7,1299,8,21.4,1783,5,7,4,2,0,16531,7.2,-1299,-8,21.7,1653.1
0,11,8,13,0,0,16886,6.6,-2107,-1458,17.2,1688.6,8,11,8,1,0,18993,7.2,2107,1458,18.9,1899.3
0,4,3,5,1,0,16122,6.8,385,-1446,22.3,1612.2,3,4,2,1,0,15737,7.2,-385,1446,24,1573.7
1,7,6,7,0,0,19367,7.2,4507,2090,25.9,1936.7,6,7,2,1,0,14860,6.8,-4507,-2090,20.2,1486
1,9,2,8,1,0,20027,7.2,14,4889,25.7,2002.7,2,9,4,1,0,13237,6.2,-14,-4889,16.5,1323.7
0,12,10,16,1,0,19784,7,1680,473,24.1,1978.4,10,12,16,0,0,18104,7,-1680,-473,19.7,1810.4
1,3,5,3,1,0,15118,7.2,-769,891,22.2,1511.8,5,3,9,1,0,15887,7,769,-891,20.8,1588.7
1,6,3,6,0,0,16195,7,2254,1870,21.4,1619.5,3,6,1,0,0,13941,6.2,-2254,-1870,19.3,1394.1
1,2,2,2,0,0,15423,6.8,699,753,22.7,1542.3,2,2,3,1,0,14724,6.8,-699,-753,23.2,1472.4
0,9,5,8,0,0,18174,7,3242,2227,23.2,1817.4,5,9,7,1,0,14932,6.8,-3242,-2227,19.1,1493.2
1,7,4,6,0,0,16649,7,1535,220,21.2,1664.9,4,7,4,2,0,15114,7,-1535,-220,22.2,1511.4
1,9,8,9,0,0,16818,6.6,-141,222,20.8,1681.8,8,9,11,1,0,16959,6.8,141,-222,16.4,1695.9
0,5,10,8,0,0,15829,6.8,-3567,-1828,23.6,1582.9,10,5,11,2,0,19396,7.2,3567,1828,23.4,1939.6
0,3,4,3,0,0,15604,7,-557,625,22.7,1560.4,4,3,6,2,0,16161,6.8,557,-625,21.6,1616.1
1,4,11,3,0,0,14927,6.4,-2597,-1718,19.5,1492.7,11,4,10,1,0,17524,7,2597,1718,22.1,1752.4
1,5,7,4,0,0,16247,6.8,-820,-575,18.9,1624.7,7,5,6,1,0,17067,7,820,575,22.2,1706.7
1,14,5,11,1,0,20070,7.2,4235,3837,21.1,2007,5,14,8,0,0,15835,6.6,-4235,-3837,18.8,1583.5
0,5,4,6,0,0,16166,7,180,-192,19.8,1616.6,4,5,2,1,0,15986,7,-180,192,21.2,1598.6
0,3,5,2,0,0,15630,7,-1092,-324,25.4,1563,5,3,7,0,0,16722,7,1092,324,26.4,1672.2
1,8,7,11,1,0,18744,6.8,2858,1988,21,1874.4,7,8,7,0,0,15886,6.8,-2858,-1988,17.4,1588.6
0,5,9,4,0,0,15815,7,-2234,-1264,20.2,1581.5,9,5,8,2,0,18049,7.4,2234,1264,25.8,1804.9
1,6,7,6,0,0,16246,7,-766,-577,19.3,1624.6,7,6,9,1,0,17012,7.2,766,577,20.4,1701.2
0,5,6,4,0,0,15701,7,-662,-951,21.2,1570.1,6,5,3,2,0,16363,7,662,951,24.3,1636.3
0,8,12,5,0,0,16024,7,-2370,-2104,21.2,1602.4,12,8,10,1,0,18394,7.4,2370,2104,19.4,1839.4
0,6,13,2,0,0,15539,6.8,-4311,-2532,20.2,1553.9,13,6,14,1,0,19850,7.4,4311,2532,23.4,1985
1,11,2,8,1,0,19038,7.4,4090,2523,25.2,1903.8,2,11,3,0,0,14948,7,-4090,-2523,21.4,1494.8
1,5,7,10,1,0,14492,6.4,-2828,-1814,17.6,1449.2,7,5,4,1,0,17320,6.6,2828,1814,21.7,1732
0,3,8,6,0,0,15193,6.8,-1810,-2661,23.2,1519.3,8,3,2,1,0,17003,7,1810,2661,23.5,1700.3
0,4,8,0,0,0,13362,6.4,-4968,-4165,21.8,1336.2,8,4,4,1,0,18330,7.2,4968,4165,24,1833
1,1,3,1,1,0,14832,7,-196,-282,22.8,1483.2,3,1,4,0,0,15028,7,196,282,22.6,1502.8
1,9,2,12,1,0,17664,7,2946,1011,22.1,1766.4,2,9,4,0,0,14718,6.6,-2946,-1011,23.6,1471.8
1,6,7,8,1,0,17046,7.4,307,2085,21.7,1704.6,7,6,7,0,0,16739,7,-307,-2085,25.6,1673.9
0,3,0,3,0,0,15984,6.8,1916,632,26.1,1598.4,0,3,0,0,0,14068,6.8,-1916,-632,22.4,1406.8
1,12,9,6,0,0,18748,6.8,1212,77,19.5,1874.8,9,12,8,1,0,17536,7,-1212,-77,19.3,1753.6
1,5,1,6,0,0,16733,7.2,1901,1126,23.1,1673.3,1,5,1,2,0,14832,7,-1901,-1126,23.9,1483.2
0,6,12,12,1,0,15417,6.4,-4032,-2866,21.8,1541.7,12,6,11,0,0,19449,7,4032,2866,23.2,1944.9
0,10,6,7,1,0,18302,7.2,2617,1172,21.5,1830.2,6,10,4,1,0,15685,6.8,-2617,-1172,17.8,1568.5
1,3,3,2,0,0,15471,6.8,-251,560,21.9,1547.1,3,3,7,0,0,15722,7,251,-560,25.5,1572.2
1,6,4,11,1,0,16612,6.8,1094,287,21.8,1661.2,4,6,4,0,0,15518,6.8,-1094,-287,22.1,1551.8
1,6,4,3,0,0,16601,7,1235,1010,24.2,1660.1,4,6,5,0,0,15366,6.8,-1235,-1010,20.1,1536.6
1,9,1,13,2,0,18159,6.6,5302,3045,21.7,1815.9,1,9,2,0,0,12857,7,-5302,-3045,21.8,1285.7
0,5,7,9,0,0,14690,6.4,-5426,-3115,18.8,1469,7,5,9,1,0,20116,7,5426,3115,24.5,2011.6
1,9,3,9,0,0,16963,7,2609,681,24.5,1696.3,3,9,2,1,0,14354,7,-2609,-681,20.9,1435.4
0,5,8,4,0,0,16116,6.8,-89,-953,23.3,1611.6,8,5,3,1,0,16205,6.8,89,953,21.3,1620.5
0,5,12,5,0,0,15341,6.4,-3588,-1795,18.8,1534.1,12,5,13,1,0,18929,6.6,3588,1795,23,1892.9
0,2,8,2,0,0,14177,6.4,-2115,-2872,19.6,1417.7,8,2,6,1,0,16292,7,2115,2872,20,1629.2
0,7,4,11,0,0,17308,7.2,1589,-197,21.3,1730.8,4,7,1,2,0,15719,7,-1589,197,23.2,1571.9
0,4,5,5,0,0,15758,6.4,628,-558,21.1,1575.8,5,4,9,1,0,15130,6.8,-628,558,20.5,1513
0,8,10,14,1,0,17275,6.8,-604,-1254,20.4,1727.5,10,8,16,0,0,17879,7,604,1254,18.6,1787.9
0,7,10,4,1,0,16505,6.6,-1861,-1195,20.6,1650.5,10,7,11,0,0,18366,7,1861,1195,22.1,1836.6
0,8,3,13,0,0,18093,7.2,2774,1134,23.8,1809.3,3,8,3,1,0,15319,6.8,-2774,-1134,23,1531.9
0,7,9,5,0,0,15939,6.6,-1323,-1025,20.5,1593.9,9,7,6,0,0,17262,6.8,1323,1025,16.7,1726.2
0,0,1,0,1,0,14457,7,-832,541,23,1445.7,1,0,1,0,0,15289,7,832,-541,26.7,1528.9
1,11,5,12,1,0,16398,7.2,5418,3077,24.3,1639.8,5,11,8,0,0,15502,6.8,-5418,-3077,17.3,1550.2
1,7,0,8,0,0,16688,7.2,3060,2469,23.3,1668.8,0,7,0,1,0,13628,6.8,-3060,-2469,22.2,1362.8
0,2,7,1,0,0,14873,6.8,-2304,31,20.5,1487.3,7,2,9,1,0,17177,7,2304,-31,23.8,1717.7
0,4,7,4,0,0,15259,7,-1396,-92,21.4,1525.9,7,4,7,1,0,16655,6.6,1396,92,25,1665.5
1,10,3,9,1,0,18096,7.2,3738,4262,24.2,1809.6,3,10,4,0,0,14358,6.4,-3738,-4262,19.8,1435.8
1,5,3,5,1,0,16153,6.8,1184,-80,22.7,1615.3,3,5,3,1,0,14969,7,-1184,80,20.8,1496.9
1,7,9,10,1,0,19036,7.2,2346,751,24.8,1903.6,9,7,14,1,0,16690,7.4,-2346,-751,19.7,1669
0,10,11,12,0,0,17788,6.8,-275,-739,15.9,1778.8,11,10,7,0,0,18063,7,275,739,21.2,1806.3
1,8,3,6,0,0,16532,7.2,1558,785,22.9,1653.2,3,8,2,1,0,14974,7,-1558,-785,20.6,1497.4
0,3,6,4,0,0,15742,7,-750,-276,21.4,1574.2,6,3,6,1,0,16492,7.2,750,276,23.2,1649.2
1,4,3,0,0,0,15960,7.4,1479,2350,25.3,1596,3,4,3,0,0,14481,6.4,-1479,-2350,22.8,1448.1
0,6,8,6,0,0,16132,6.8,-1850,-1016,19.9,1613.2,8,6,9,1,0,17982,7.4,1850,1016,24.3,1798.2
0,9,8,10,0,0,17350,7.2,620,874,20.2,1735,8,9,8,0,0,16730,6.6,-620,-874,21.1,1673
0,3,8,2,0,0,13875,6.6,-3866,-1987,20.9,1387.5,8,3,10,1,0,17741,7.2,3866,1987,22.7,1774.1
1,1,1,1,1,0,14969,6.8,1089,33,25.2,1496.9,1,1,0,0,0,13880,6.8,-1089,-33,21.2,1388
1,9,7,6,2,0,17195,7.2,827,1271,17.8,1719.5,7,9,7,0,0,16368,6.8,-827,-1271,20.1,1636.8
0,4,5,3,0,0,15347,7,-1374,-1041,23.4,1534.7,5,4,7,2,0,16721,6.8,1374,1041,23.8,1672.1
1,10,3,13,1,0,18290,7.6,3943,4243,24.8,1829,3,10,4,0,0,14347,6.4,-3943,-4243,20,1434.7
0,5,3,5,1,0,16176,7.2,543,1065,22.1,1617.6,3,5,4,0,0,15633,6.8,-543,-1065,25.7,1563.3
0,6,6,7,1,0,16148,6.8,-1106,-1434,20,1614.8,6,6,9,1,0,17254,6.6,1106,1434,21.6,1725.4
1,3,4,4,2,0,15612,7,-1011,-309,21.4,1561.2,4,3,6,0,0,16623,7.2,1011,309,23.9,1662.3
1,5,4,7,1,0,16104,7,1039,589,23.1,1610.4,4,5,3,1,0,15065,6.8,-1039,-589,20.5,1506.5
0,8,9,8,0,0,15372,6.8,-3616,-3352,16.1,1537.2,9,8,4,1,0,18988,7.6,3616,3352,24.8,1898.8
0,4,4,5,0,0,15694,6.8,217,709,24.2,1569.4,4,4,4,1,0,15477,7,-217,-709,21.4,1547.7
1,9,7,11,1,0,17578,7.2,1641,1439,20.9,1757.8,7,9,10,0,0,15937,7,-1641,-1439,17.5,1593.7
1,10,5,11,1,0,18436,7,1990,-86,20.9,1843.6,5,10,4,1,0,16446,6.8,-1990,86,22.6,1644.6
0,7,4,7,1,0,16620,7.2,273,255,21.1,1662,4,7,7,1,0,16347,7,-273,-255,22.6,1634.7
0,5,2,4,2,0,16419,7,1994,2643,24.8,1641.9,2,5,3,0,0,14425,6.6,-1994,-2643,23.8,1442.5
1,5,5,5,0,0,16384,7.4,759,2511,22.9,1638.4,5,5,7,1,0,15625,6.6,-759,-2511,20.5,1562.5
0,3,8,3,1,0,15330,7,-2105,-1066,23,1533,8,3,8,1,0,17435,7.2,2105,1066,22.5,1743.5
1,10,1,6,2,0,19008,7.2,4319,2388,23.9,1900.8,1,10,2,0,0,14689,6.6,-4319,-2388,24,1468.9
0,5,2,7,0,0,16238,7,428,374,26,1623.8,2,5,1,1,0,15810,7.2,-428,-374,23.2,1581
1,5,4,7,0,0,16094,6.8,956,1998,21.9,1609.4,4,5,4,0,0,15138,6.6,-956,-1998,18.3,1513.8
0,5,14,5,0,0,15099,6.8,-5206,-1622,21.8,1509.9,14,5,8,0,0,20305,7,5206,1622,22.6,2030.5
0,2,10,0,0,0,14143,6.6,-5891,-3716,18.3,1414.3,10,2,7,2,0,20034,7.4,5891,3716,26.4,2003.4
0,3,10,4,1,0,14385,6.4,-4413,-3109,19.5,1438.5,10,3,12,1,0,18798,7,4413,3109,23.4,1879.8
0,3,4,6,0,0,14725,6.8,-1680,-1155,20.4,1472.5,4,3,3,2,0,16405,7.4,1680,1155,25.8,1640.5
0,6,5,7,0,0,16543,7,192,-656,24.5,1654.3,5,6,7,1,0,16351,7.2,-192,656,24.5,1635.1
0,2,3,4,0,0,14505,6.8,-1183,-182,23,1450.5,3,2,4,1,0,15688,7,1183,182,25.3,1568.8
0,7,4,5,0,0,16681,7,1403,389,26.5,1668.1,4,7,5,0,0,15278,7,-1403,-389,22.4,1527.8
0,6,7,11,0,0,15844,6.8,-151,-895,19.7,1584.4,7,6,5,2,0,15995,6.8,151,895,20.5,1599.5
1,5,5,7,0,0,15843,7,380,-245,23.3,1584.3,5,5,5,1,0,15463,7,-380,245,22.1,1546.3
1,9,2,12,1,0,17913,7.4,3453,1775,21.8,1791.3,2,9,2,0,0,14460,6.8,-3453,-1775,21.5,1446
0,3,6,4,0,0,15057,6.8,-3443,-1347,21.8,1505.7,6,3,10,1,0,18500,7.2,3443,1347,21.9,1850
1,5,9,5,0,0,14630,6.6,-2167,-2045,17.7,1463,9,5,10,1,0,16797,7,2167,2045,21.4,1679.7
1,4,4,4,0,0,16156,6.8,152,-722,26,1615.6,4,4,3,0,0,16004,7,-152,722,24.9,1600.4
0,2,5,1,1,0,13352,6.6,-3059,-2718,18.8,1335.2,5,2,3,1,0,16411,7,3059,2718,25.2,1641.1
0,4,5,4,1,0,16042,7,-236,711,24,1604.2,5,4,8,0,0,16278,6.8,236,-711,24.1,1627.8
1,5,8,5,1,0,15420,6.8,-2178,-1407,17.6,1542,8,5,7,1,0,17598,7,2178,1407,21.9,1759.8
0,2,5,0,0,0,15080,6.8,-1267,427,26.2,1508,5,2,6,2,0,16347,7,1267,-427,25.5,1634.7
1,4,7,5,1,0,15766,7,-1035,582,23.2,1576.6,7,4,7,0,0,16801,7,1035,-582,20.2,1680.1
1,11,8,16,1,0,16398,7.2,4639,3197,20.7,1639.8,8,11,10,1,0,16000,6.2,-4639,-3197,15.9,1600
0,0,9,0,0,0,13345,6.6,-5508,-3648,23,1334.5,9,0,10,1,0,18853,7.2,5508,3648,23.5,1885.3
1,10,7,9,1,0,17712,7,2370,3795,20.7,1771.2,7,10,6,0,0,15342,6.4,-2370,-3795,18.6,1534.2
1,11,4,13,1,0,18866,7,3992,2506,22.5,1886.6,4,11,3,0,0,14874,6.4,-3992,-2506,18.9,1487.4
1,11,4,11,1,0,19035,7.4,2739,1170,23.2,1903.5,4,11,5,1,0,16296,7.2,-2739,-1170,26.8,1629.6
1,3,9,3,0,0,15292,6.8,-2513,-2247,22.3,1529.2,9,3,8,1,0,17805,7.2,2513,2247,23.1,1780.5
1,1,1,1,0,0,15082,6.8,1389,894,23.9,1508.2,1,1,0,1,0,13693,6.4,-1389,-894,20.9,1369.3
1,6,8,7,0,0,15818,6.6,-1492,-1925,16.2,1581.8,8,6,5,1,0,17310,7.2,1492,1925,21.4,1731
0,11,10,10,1,0,18145,7.2,-139,-652,21.1,1814.5,10,11,8,1,0,18284,7.2,139,652,23.6,1828.4
1,5,3,2,0,0,15934,7,943,505,25.1,1593.4,3,5,2,1,0,14991,7,-943,-505,23.1,1499.1
1,8,5,12,1,0,17846,7,2425,824,19.2,1784.6,5,8,4,1,0,15421,6.8,-2425,-824,21.5,1542.1
1,6,5,9,1,0,17025,6.8,1128,-45,20.7,1702.5,5,6,4,1,0,15897,7,-1128,45,22.6,1589.7
0,11,8,9,2,0,17598,7.2,1380,1402,22.5,1759.8,8,11,8,0,0,16218,6.8,-1380,-1402,19.2,1621.8
0,4,3,2,1,0,16220,7,688,415,23.9,1622,3,4,4,1,0,15532,7,-688,-415,22.1,1553.2
0,11,6,13,1,0,18395,6.6,2933,1905,20.6,1839.5,6,11,6,0,0,15462,6.2,-2933,-1905,16.7,1546.2
0,6,12,4,1,0,15727,6.2,-2467,-1494,17.1,1572.7,12,6,13,0,0,18194,7,2467,1494,20.2,1819.4
1,4,3,3,0,0,15832,7.2,755,436,25.7,1583.2,3,4,4,2,0,15077,7,-755,-436,21.7,1507.7
1,10,2,12,1,0,18549,7.2,4378,3157,20.3,1854.9,2,10,2,0,0,14171,6.6,-4378,-3157,21.4,1417.1
0,8,10,5,1,0,16589,6.8,-1302,-90,22.1,1658.9,10,8,14,0,0,17891,7,1302,90,20.7,1789.1
1,5,2,4,0,0,14945,6.8,-145,850,16.8,1494.5,2,5,2,1,0,15090,6.6,145,-850,23.3,1509
1,9,4,6,1,0,19279,7.6,4305,3750,23,1927.9,4,9,4,1,0,14974,6.4,-4305,-3750,18.2,1497.4
1,5,11,5,0,0,15871,6.6,-3162,-23,20,1587.1,11,5,15,0,0,19033,6.4,3162,23,19.5,1903.3
1,8,9,7,2,0,18790,7.2,1726,-196,22.4,1879,9,8,13,0,0,17064,7.2,-1726,196,19.5,1706.4
0,9,7,8,1,0,16616,7,350,689,18.2,1661.6,7,9,5,1,0,16266,6.8,-350,-689,20.6,1626.6
1,5,9,7,0,0,15701,6.8,-2760,-2274,18.6,1570.1,9,5,9,1,0,18461,7.2,2760,2274,24.7,1846.1
0,9,7,9,0,0,17556,7.2,805,1723,21.4,1755.6,7,9,12,1,0,16751,6.8,-805,-1723,23,1675.1
0,1,8,1,1,0,13591,6.6,-3754,-2371,20.1,1359.1,8,1,6,0,0,17345,7.2,3754,2371,25.6,1734.5
1,10,4,8,1,0,17637,7,2216,949,19.8,1763.7,4,10,2,1,0,15421,6.8,-2216,-949,23.6,1542.1
1,7,2,4,0,0,17047,7,3135,1888,22.4,1704.7,2,7,1,1,0,13912,6.8,-3135,-1888,20.1,1391.2
0,9,5,14,2,0,17821,7.2,1855,1520,21.5,1782.1,5,9,4,0,0,15966,6.6,-1855,-1520,23.3,1596.6
0,5,4,7,0,0,15694,7,-451,591,20.9,1569.4,4,5,5,1,0,16145,7,451,-591,24.1,1614.5
0,8,9,8,0,0,16640,6.6,-1939,-2911,22.2,1664,9,8,15,2,0,18579,7.4,1939,2911,23.3,1857.9
1,4,3,4,1,0,16235,7,584,370,26,1623.5,3,4,7,0,0,15651,7,-584,-370,22.1,1565.1
0,3,9,2,1,0,14423,7.2,-2911,-286,18.8,1442.3,9,3,12,0,0,17334,6.8,2911,286,20.1,1733.4
0,6,6,4,0,0,15911,6.6,-194,-1106,22.4,1591.1,6,6,7,0,0,16105,7.2,194,1106,19.3,1610.5
0,3,9,3,0,0,14232,6.8,-3082,-646,18.6,1423.2,9,3,14,1,0,17314,6.8,3082,646,20.8,1731.4
0,5,8,2,0,0,15429,6.6,-1480,-1366,22.7,1542.9,8,5,10,0,0,16909,6.8,1480,1366,21.8,1690.9
0,2,5,1,0,0,14349,7,-2289,-277,19.9,1434.9,5,2,4,1,0,16638,7.2,2289,277,24.6,1663.8
1,10,12,15,1,0,17877,6.8,-920,-1562,18.6,1787.7,12,10,9,1,0,18797,7.2,920,1562,23.1,1879.7
1,8,10,8,0,0,15968,6.4,-1912,-19,21.8,1596.8,10,8,13,1,0,17880,6.6,1912,19,19.1,1788
1,7,8,5,2,0,17931,7,-546,-104,21,1793.1,8,7,13,0,0,18477,7,546,104,21.7,1847.7
0,9,7,10,0,0,17082,7.2,188,-498,22.3,1708.2,7,9,11,1,0,16894,7,-188,498,21.5,1689.4
0,7,8,6,1,0,17147,7,-142,-1193,20.5,1714.7,8,7,2,1,0,17289,7.4,142,1193,24.2,1728.9
1,12,4,14,0,0,18338,7,3054,2510,21.1,1833.8,4,12,2,1,0,15284,6.6,-3054,-2510,19,1528.4
0,4,9,3,1,0,15367,6.6,-2572,-2642,21.4,1536.7,9,4,12,1,0,17939,7,2572,2642,19.8,1793.9
1,2,4,3,1,0,14408,6.6,-1147,-1842,21.2,1440.8,4,2,4,0,0,15555,6.8,1147,1842,21.8,1555.5
1,5,4,6,0,0,14991,6.8,-274,-406,19.3,1499.1,4,5,3,1,0,15265,7,274,406,21.7,1526.5
1,5,1,6,1,0,16144,7,2237,1009,22.6,1614.4,1,5,1,0,0,13907,6.8,-2237,-1009,22.6,1390.7
0,6,8,6,0,0,15186,6.8,-2666,-1972,20.4,1518.6,8,6,14,1,0,17852,7,2666,1972,21.8,1785.2
1,7,3,11,1,0,17072,7,1782,1234,22.7,1707.2,3,7,1,0,0,15290,7,-1782,-1234,21.2,1529
0,2,6,2,1,0,15381,6.6,-2545,-1960,24.9,1538.1,6,2,6,1,0,17926,7,2545,1960,24.3,1792.6
1,0,3,0,1,0,13610,6.6,-1817,-1854,19.9,1361,3,0,1,0,0,15427,7,1817,1854,23.8,1542.7
1,7,4,9,0,0,16535,7,443,-1176,23,1653.5,4,7,3,0,0,16092,7,-443,1176,21.6,1609.2
0,3,11,4,0,0,15145,6.6,-3472,-3059,20,1514.5,11,3,6,1,0,18617,7.4,3472,3059,22.7,1861.7
0,8,8,4,0,0,15686,6.8,-2594,-1150,19.5,1568.6,8,8,9,0,0,18280,7,2594,1150,23.6,1828
1,10,5,14,1,0,17379,7,1138,-7,20,1737.9,5,10,3,0,0,16241,7,-1138,7,24.6,1624.1
0,10,6,12,0,0,18051,6.8,-2224,-2008,20.1,1805.1,6,10,13,1,0,20275,7.4,2224,2008,22.6,2027.5
1,3,2,3,1,0,16075,7.2,597,559,25.1,1607.5,2,3,3,0,0,15478,7,-597,-559,24.4,1547.8
1,3,3,6,2,0,14854,7,-630,-865,21.2,1485.4,3,3,2,0,0,15484,7,630,865,20.3,1548.4
1,4,2,5,1,0,15770,7,669,-483,22.9,1577,2,4,1,0,0,15101,7,-669,483,26.1,1510.1
1,7,8,8,0,0,16308,7.2,-1464,-1575,19.9,1630.8,8,7,3,0,0,17772,7.4,1464,1575,25,1777.2
0,3,3,4,1,0,15008,7,-37,1144,21.1,1500.8,3,3,3,0,0,15045,6.8,37,-1144,22.1,1504.5
1,5,5,5,0,0,15238,6.8,-719,825,18.4,1523.8,5,5,4,0,0,15957,6.8,719,-825,21.1,1595.7
1,4,4,2,2,0,15534,7,-483,-442,22.3,1553.4,4,4,5,0,0,16017,7.2,483,442,26.6,1601.7
0,8,8,6,1,0,16707,6.6,-164,343,21.7,1670.7,8,8,12,0,0,16871,6.8,164,-343,17.4,1687.1
0,3,4,5,0,0,17200,7,1266,612,23.7,1720,4,3,3,1,0,15934,7,-1266,-612,23.9,1593.4
0,3,11,3,0,0,14830,6.6,-4299,-3010,22.1,1483,11,3,6,0,0,19129,7.4,4299,3010,22.8,1912.9
1,6,6,7,1,0,16620,6.8,1156,168,21.2,1662,6,6,6,1,0,15464,6.6,-1156,-168,20,1546.4
1,9,2,12,2,0,17611,7,3878,3016,23.2,1761.1,2,9,4,0,0,13733,6.4,-3878,-3016,20.5,1373.3
1,9,7,12,1,0,17908,7,1717,775,22,1790.8,7,9,9,1,0,16191,6.6,-1717,-775,21.2,1619.1
1,7,5,9,1,0,17791,7,2037,2483,24.4,1779.1,5,7,5,0,0,15754,6.6,-2037,-2483,20.9,1575.4
0,2,6,3,0,0,15509,7,-1098,-966,23.5,1550.9,6,2,4,2,0,16607,7.2,1098,966,20.4,1660.7
1,6,5,4,0,0,16304,6.8,-794,-951,20.9,1630.4,5,6,3,0,0,17098,7.2,794,951,22,1709.8
0,7,3,14,1,0,16594,7,611,290,21.7,1659.4,3,7,1,0,0,15983,6.8,-611,-290,23.9,1598.3
0,4,7,3,0,0,14732,6.6,-2749,-3335,18.6,1473.2,7,4,6,1,0,17481,7.6,2749,3335,22.2,1748.1
1,9,8,5,1,0,17149,6.8,-417,-1028,21.1,1714.9,8,9,6,1,0,17566,7,417,1028,21.5,1756.6
1,7,1,9,0,0,18408,7.4,4119,2320,25,1840.8,1,7,1,2,0,14289,6.8,-4119,-2320,23.4,1428.9
0,0,5,0,0,0,14211,6.6,-3051,-2114,23.2,1421.1,5,0,3,2,0,17262,7.2,3051,2114,25,1726.2
1,3,2,4,2,0,15698,7,-451,-1374,25.3,1569.8,2,3,1,0,0,16149,7.2,451,1374,25.5,1614.9
0,7,8,8,1,0,15956,6.6,-916,-1466,20,1595.6,8,7,6,0,0,16872,7.2,916,1466,20.4,1687.2
1,12,1,6,1,0,20289,7.2,14,4860,24.5,2028.9,1,12,1,0,0,13250,6.4,-14,-4860,21.8,1325
1,7,12,5,0,0,16948,7,-2581,-1304,20.7,1694.8,12,7,12,1,0,19529,7.2,2581,1304,25.2,1952.9
0,4,5,7,0,0,15900,7,-688,-230,18.7,1590,5,4,4,1,0,16588,6.8,688,230,23.6,1658.8
0,4,10,3,0,0,15690,6.8,-2802,-1606,22.3,1569,10,4,16,2,0,18492,7.4,2802,1606,22.7,1849.2
1,5,3,5,2,0,17018,7.4,1496,1664,26.2,1701.8,3,5,2,0,0,15522,7.2,-1496,-1664,25.3,1552.2
1,10,6,12,2,0,19639,7.2,2778,1130,24.1,1963.9,6,10,8,0,0,16861,7.2,-2778,-1130,24,1686.1
1,6,6,6,1,0,16019,6.6,-612,-167,19.3,1601.9,6,6,8,0,0,16631,7,612,167,21.8,1663.1
0,2,9,3,0,0,14525,7,-3207,-1327,21.4,1452.5,9,2,9,1,0,17732,7.2,3207,1327,24.1,1773.2
0,4,6,7,1,0,14931,6.4,-2698,-2458,19.9,1493.1,6,4,11,1,0,17629,7,2698,2458,23.9,1762.9
1,10,2,7,2,0,16398,7.6,14,4411,25.6,1639.8,2,10,1,0,0,13619,6.6,-14,-4411,18.6,1361.9
1,2,1,3,0,0,14895,6.8,773,320,23.6,1489.5,1,2,0,1,0,14122,6.8,-773,-320,21.2,1412.2
0,2,14,3,0,0,14584,6.4,-4788,-2570,19.8,1458.4,14,2,6,1,0,19372,7.2,4788,2570,21.4,1937.2
1,5,2,3,0,0,15757,6.8,603,-461,22.9,1575.7,2,5,0,1,0,15154,7,-603,461,24.6,1515.4
0,7,4,5,0,0,16477,7.2,435,564,19.8,1647.7,4,7,2,1,0,16042,7,-435,-564,25.8,1604.2
0,5,2,5,0,0,15048,6.4,384,872,18.2,1504.8,2,5,2,1,0,14664,6.6,-384,-872,22.9,1466.4
1,7,4,10,1,0,17197,7.2,2348,1047,22.4,1719.7,4,7,4,0,0,14849,6.6,-2348,-1047,20.6,1484.9
0,7,7,7,1,0,16956,6.8,314,611,22.3,1695.6,7,7,7,1,0,16642,7.2,-314,-611,23.5,1664.2
0,4,11,3,0,0,14958,6.6,-5089,-4890,18.4,1495.8,11,4,7,1,0,20047,7.8,5089,4890,24.3,2004.7
0,5,9,5,1,0,17006,7.2,-1682,-1153,24.5,1700.6,9,5,12,0,0,18688,7.2,1682,1153,26,1868.8
1,11,7,14,0,0,19866,7.6,3128,2919,20.2,1986.6,7,11,5,0,0,16738,6.8,-3128,-2919,20.2,1673.8
0,6,7,3,0,0,15720,6.8,-1862,-1326,18.7,1572,7,6,6,1,0,17582,7.2,1862,1326,24,1758.2
0,10,13,7,0,0,17938,7,-1415,-1826,21.8,1793.8,13,10,7,0,0,19353,7.6,1415,1826,19.6,1935.3
0,7,6,6,0,0,17197,7.2,1125,-141,23.8,1719.7,6,7,6,0,0,16072,7,-1125,141,20.5,1607.2
1,3,7,4,0,0,14343,6.6,-3049,-2220,20.9,1434.3,7,3,9,0,0,17392,7.2,3049,2220,24.1,1739.2
0,2,6,0,0,0,14485,6.8,-1422,-861,23.3,1448.5,6,2,7,1,0,15907,7,1422,861,23.5,1590.7
1,6,3,6,0,0,17671,7,2135,1254,25,1767.1,3,6,4,1,0,15536,7,-2135,-1254,23.1,1553.6
0,4,10,6,0,0,15430,6.8,-2763,-1881,20.7,1543,10,4,13,0,0,18193,7,2763,1881,21.8,1819.3
0,3,5,3,1,0,15072,7,-1247,-2320,23.3,1507.2,5,3,6,1,0,16319,7.4,1247,2320,22.2,1631.9
0,1,10,1,2,0,13815,6.8,-4898,-3736,21.9,1381.5,10,1,13,0,0,18713,7.4,4898,3736,26.1,1871.3
0,7,12,5,0,0,17080,7,-758,-516,21.9,1708,12,7,10,1,0,17838,7.2,758,516,20.9,1783.8
1,7,2,7,1,0,17103,7,2481,2112,22.1,1710.3,2,7,2,0,0,14622,7,-2481,-2112,21,1462.2
0,10,7,10,1,0,18312,6.8,1250,-226,23.9,1831.2,7,10,5,1,0,17062,6.8,-1250,226,20.6,1706.2
1,7,4,2,1,0,15924,7,961,1114,21.1,1592.4,4,7,3,0,0,14963,6.6,-961,-1114,19.9,1496.3
0,4,7,3,0,0,15122,6.8,-1740,-46,21.6,1512.2,7,4,7,0,0,16862,7,1740,46,19.5,1686.2
0,11,7,14,1,0,18361,7,1531,1680,23.4,1836.1,7,11,13,1,0,16830,6.8,-1531,-1680,20.7,1683
1,4,6,3,0,0,15888,6.8,-209,-732,22.9,1588.8,6,4,8,1,0,16097,6.8,209,732,23.2,1609.7
0,5,8,6,1,0,15717,6.6,-646,-960,19.6,1571.7,8,5,8,1,0,16363,6.8,646,960,22.2,1636.3
1,9,3,11,0,0,19153,7.4,4003,2755,26.2,1915.3,3,9,3,1,0,15150,7.2,-4003,-2755,22.5,1515
1,9,6,7,1,0,17530,6.8,2063,1430,23.8,1753,6,9,3,0,0,15467,6.8,-2063,-1430,18.9,1546.7
1,10,3,9,0,0,18389,7,5191,4111,22.7,1838.9,3,10,3,0,0,13198,6.2,-5191,-4111,16.2,1319.8
0,7,2,8,0,0,17381,7.2,2389,892,25.8,1738.1,2,7,2,1,0,14992,7,-2389,-892,21.6,1499.2
1,4,3,6,0,0,15091,7.2,-1516,-441,21.5,1509.1,3,4,3,1,0,16607,7,1516,441,26.7,1660.7
0,2,8,1,0,0,15097,7,-2575,-982,22.3,1509.7,8,2,9,1,0,17672,7.2,2575,982,22.6,1767.2
1,7,3,6,1,0,16272,7,1471,806,23.2,1627.2,3,7,3,0,0,14801,6.8,-1471,-806,23.9,1480.1
1,6,8,6,2,0,16618,7,-702,746,20.6,1661.8,8,6,11,0,0,17320,6.4,702,-746,20.6,1732
0,2,8,1,0,0,14826,6.6,-1635,-1544,22.2,1482.6,8,2,12,2,0,16461,6.8,1635,1544,21,1646.1
1,11,2,8,2,0,19354,7.2,5462,3677,25.1,1935.4,2,11,2,0,0,13892,6.8,-5462,-3677,19.2,1389.2
1,7,4,12,0,0,17380,6.8,2615,2028,23.2,1738,4,7,3,0,0,14765,6.6,-2615,-2028,18.1,1476.5
1,5,3,9,0,0,16952,7.2,790,83,23.9,1695.2,3,5,3,0,0,16162,7.2,-790,-83,25.1,1616.2
1,4,5,11,0,0,16316,6.6,1193,1453,24.1,1631.6,5,4,5,0,0,15123,6.4,-1193,-1453,20.8,1512.3
0,0,8,0,0,0,13608,6.6,-4785,-3229,22.9,1360.8,8,0,11,2,0,18393,7.2,4785,3229,23.9,1839.3
0,8,14,9,1,0,16227,6.6,-3055,-2672,19.7,1622.7,14,8,15,0,0,19282,7.2,3055,2672,21.4,1928.2
1,8,10,5,1,0,16285,6.4,-1655,-1008,18.3,1628.5,10,8,9,0,0,17940,6.6,1655,1008,18.9,1794
1,6,10,6,1,0,19407,7.4,1259,550,21.7,1940.7,10,6,11,0,0,18148,7,-1259,-550,19.3,1814.8
0,8,8,10,0,0,17208,7.2,-737,667,23.1,1720.8,8,8,10,0,0,17945,6.8,737,-667,23.9,1794.5
0,2,5,1,1,0,15915,7.2,-255,-545,24.5,1591.5,5,2,7,1,0,16170,7.2,255,545,19.7,1617
1,13,6,12,0,0,19012,7.2,2194,1814,21,1901.2,6,13,9,0,0,16818,6.8,-2194,-1814,19.5,1681.8
1,13,5,14,1,0,16398,7,5245,2754,21.3,1639.8,5,13,7,0,0,15616,6.4,-5245,-2754,19.5,1561.6
0,5,5,5,0,0,16051,6.8,-290,-1061,23.5,1605.1,5,5,7,1,0,16341,6.8,290,1061,24.5,1634.1
0,5,3,9,1,0,16380,6.8,-115,480,22.9,1638,3,5,3,1,0,16495,7,115,-480,22.5,1649.5
0,4,4,4,1,0,15420,6.6,-634,-1526,18.5,1542,4,4,4,1,0,16054,6.8,634,1526,23.6,1605.4
1,8,4,11,1,0,18320,7,3461,1985,24.4,1832,4,8,2,0,0,14859,6.6,-3461,-1985,21.7,1485.9
1,6,6,5,2,0,16604,7,867,420,24,1660.4,6,6,3,0,0,15737,6.8,-867,-420,20.5,1573.7
0,4,5,5,0,0,15610,7,-215,155,18.4,1561,5,4,5,0,0,15825,7,215,-155,22.1,1582.5
0,10,5,8,0,0,17403,7,1515,1112,18.1,1740.3,5,10,7,1,0,15888,7,-1515,-1112,23.1,1588.8
1,7,5,7,1,0,16030,6.8,-114,433,18,1603,5,7,4,0,0,16144,6.8,114,-433,23.3,1614.4
0,2,6,2,0,0,14756,6.8,-1942,-407,21.7,1475.6,6,2,6,1,0,16698,6.6,1942,407,21.2,1669.8
0,4,7,3,0,0,14156,6.6,-3906,-2509,17.7,1415.6,7,4,7,0,0,18062,7.2,3906,2509,23.3,1806.2
0,7,8,7,0,0,16927,6.8,-498,-861,22.3,1692.7,8,7,7,0,0,17425,7,498,861,22.8,1742.5
1,7,3,11,1,0,17365,6.8,2208,-313,22.3,1736.5,3,7,6,0,0,15157,6.8,-2208,313,19.2,1515.7
1,4,5,2,0,0,15226,6.8,-1667,-654,16.8,1522.6,5,4,6,0,0,16893,6.8,1667,654,22.7,1689.3
0,8,7,7,0,0,17123,6.8,1110,974,19,1712.3,7,8,9,1,0,16013,6.8,-1110,-974,16.1,1601.3
0,3,7,2,1,0,14663,6.8,-1984,-715,20.6,1466.3,7,3,9,0,0,16647,7,1984,715,20.5,1664.7
0,9,6,8,1,0,17897,7.2,1692,1998,21.7,1789.7,6,9,8,1,0,16205,7,-1692,-1998,20.6,1620.5
0,2,11,2,0,0,13418,7,-5710,-4952,17.5,1341.8,11,2,15,2,0,19128,7.2,5710,4952,21.3,1912.8
0,6,6,7,1,0,15928,6.8,806,371,19.5,1592.8,6,6,7,1,0,15122,6.8,-806,-371,20,1512.2
0,3,12,2,1,0,15111,6.8,-3620,-2690,21,1511.1,12,3,9,1,0,18731,7.2,3620,2690,23.6,1873.1
1,8,2,8,0,0,17101,7,3056,1805,23.7,1710.1,2,8,2,0,0,14045,6.6,-3056,-1805,19.4,1404.5
1,8,5,10,1,0,17194,7.2,2562,3016,20,1719.4,5,8,4,0,0,14632,6.4,-2562,-3016,18.4,1463.2
1,6,5,2,1,0,16565,7,824,521,21.4,1656.5,5,6,2,1,0,15741,6.8,-824,-521,21.2,1574.1
0,8,10,10,1,0,16943,6.8,-1074,-1632,20.8,1694.3,10,8,10,1,0,18017,7,1074,1632,22.9,1801.7
1,7,4,8,1,0,17568,7.2,1975,802,24.1,1756.8,4,7,5,0,0,15593,7,-1975,-802,22.9,1559.3
0,6,8,10,0,0,17250,7.2,86,467,20.6,1725,8,6,9,2,0,17164,7,-86,-467,19.7,1716.4
1,4,2,5,1,0,16559,7,1928,257,21.6,1655.9,2,4,1,1,0,14631,6.6,-1928,-257,24.8,1463.1
0,1,3,0,0,0,14351,6.6,-982,-1614,21.8,1435.1,3,1,2,1,0,15333,7.4,982,1614,21.9,1533.3
0,2,5,4,0,0,14735,6.6,-1751,-2530,23.6,1473.5,5,2,6,0,0,16486,7,1751,2530,22.3,1648.6
1,9,1,6,2,0,18070,7.2,3828,2447,23.5,1807,1,9,0,0,0,14242,6.6,-3828,-2447,21.4,1424.2
0,4,3,5,1,0,15449,6.8,423,-315,20.6,1544.9,3,4,1,0,0,15026,6.6,-423,315,25.4,1502.6
1,8,5,6,0,0,17581,7,1839,312,24.3,1758.1,5,8,2,1,0,15742,7.2,-1839,-312,22.1,1574.2
0,4,6,3,1,0,15505,6.8,-875,-363,21.5,1550.5,6,4,4,1,0,16380,7.2,875,363,23.2,1638
1,8,8,12,0,0,16873,6.8,375,296,21.5,1687.3,8,8,14,1,0,16498,7,-375,-296,20.2,1649.8
0,4,10,7,0,0,14755,6.2,-4095,-1033,21.3,1475.5,10,4,6,1,0,18850,6.6,4095,1033,19.9,1885
1,10,6,11,0,0,18081,7,2273,1714,20.7,1808.1,6,10,10,0,0,15808,6.8,-2273,-1714,22,1580.8
1,5,9,7,0,0,15791,7,-1892,-580,19.2,1579.1,9,5,12,0,0,17683,7.2,1892,580,20.5,1768.3
0,1,6,0,1,0,13480,6.4,-3137,-2097,21.5,1348,6,1,10,0,0,16617,7,3137,2097,23.3,1661.7
1,8,7,10,0,0,17946,7.2,2401,727,20.4,1794.6,7,8,5,0,0,15545,6.8,-2401,-727,18.7,1554.5
1,10,10,10,1,0,17754,7,292,1026,19.5,1775.4,10,10,12,1,0,17462,6.8,-292,-1026,19,1746.2
1,4,9,3,0,0,16172,6.8,-1460,-1134,22.1,1617.2,9,4,15,1,0,17632,7.2,1460,1134,22.3,1763.2
0,2,2,0,0,0,14828,7.2,-507,343,23.7,1482.8,2,2,3,1,0,15335,7,507,-343,26,1533.5
1,7,10,5,0,0,16589,7,-3242,-950,18.8,1658.9,10,7,11,1,0,19831,7.2,3242,950,25.3,1983.1
1,3,7,5,0,0,15521,7,-1079,233,21,1552.1,7,3,14,1,0,16600,7,1079,-233,21.5,1660
1,6,3,9,1,0,16198,6.8,1873,1987,22.6,1619.8,3,6,4,0,0,14325,6.4,-1873,-1987,17.9,1432.5
0,1,10,1,0,0,13125,6.2,-4596,-2815,16.7,1312.5,10,1,11,1,0,17721,7.2,4596,2815,24.3,1772.1
1,7,3,10,1,0,16065,6.8,1322,148,20,1606.5,3,7,2,0,0,14743,6.6,-1322,-148,21.3,1474.3
1,6,7,5,0,0,16940,7.2,566,-57,24.6,1694,7,6,11,0,0,16374,7.2,-566,57,21.9,1637.4
0,7,9,9,1,0,17655,6.4,-134,-1518,20.3,1765.5,9,7,16,1,0,17789,7,134,1518,21.7,1778.9
0,8,6,9,1,0,16707,6.8,-724,1250,19.3,1670.7,6,8,7,0,0,17431,6.4,724,-1250,21.6,1743.1
0,6,11,5,0,0,15214,7,-3709,-1635,17.1,1521.4,11,6,10,0,0,18923,7.2,3709,1635,22.8,1892.3
1,12,5,13,0,0,19835,7.4,4675,3054,22.3,1983.5,5,12,5,1,0,15160,6.8,-4675,-3054,16.9,1516
1,1,3,3,0,0,14289,6.8,-1222,-874,24.6,1428.9,3,1,3,2,0,15511,6.8,1222,874,24.8,1551.1
0,8,2,8,1,0,16846,7.4,2487,1963,22.4,1684.6,2,8,1,0,0,14359,6.8,-2487,-1963,22.3,1435.9
0,6,12,3,1,0,15488,6.8,-4858,-1631,19.6,1548.8,12,6,15,1,0,20346,6.8,4858,1631,21.4,2034.6
1,7,10,8,0,0,16855,6.8,-1678,-959,21.8,1685.5,10,7,14,1,0,18533,7,1678,959,23.2,1853.3
1,5,5,4,1,0,16660,7,785,1439,21.7,1666,5,5,6,0,0,15875,6.8,-785,-1439,20,1587.5
0,10,5,9,1,0,18611,7.6,2819,3222,22.5,1861.1,5,10,6,0,0,15792,6.8,-2819,-3222,21.1,1579.2
0,8,8,5,1,0,18233,7.4,363,-533,25.6,1823.3,8,8,13,1,0,17870,7.6,-363,533,23.9,1787
0,6,5,10,1,0,16616,6.6,930,2011,21.5,1661.6,5,6,7,0,0,15686,6.2,-930,-2011,16.8,1568.6
1,6,7,8,0,0,16107,7.2,-621,-23,23.1,1610.7,7,6,9,1,0,16728,6.8,621,23,21.6,1672.8
1,7,5,12,0,0,16674,6.8,111,-199,20.4,1667.4,5,7,5,2,0,16563,7,-111,199,22.1,1656.3
1,7,2,12,1,0,16671,6.8,2644,1400,21.6,1667.1,2,7,1,1,0,14027,6.4,-2644,-1400,22.8,1402.7
1,9,6,6,1,0,17261,7,1704,2023,21.9,1726.1,6,9,8,0,0,15557,6.6,-1704,-2023,18.2,1555.7
1,6,2,4,2,0,16886,7.2,2881,2005,24.2,1688.6,2,6,2,0,0,14005,6.8,-2881,-2005,18.6,1400.5
0,10,7,7,2,0,18226,7.2,1063,1153,21.1,1822.6,7,10,8,0,0,17163,7,-1063,-1153,22.9,1716.3
1,11,6,13,1,0,18136,7,649,343,19.4,1813.6,6,11,8,0,0,17487,7,-649,-343,23.9,1748.7
0,1,0,0,1,0,14712,7,-132,-1473,25.3,1471.2,0,1,0,1,0,14844,7,132,1473,26.4,1484.4
1,7,8,4,1,0,16420,7,-1250,-1034,22.4,1642,8,7,6,1,0,17670,7.2,1250,1034,23.9,1767
1,9,10,9,0,0,17678,6.8,-1213,848,19,1767.8,10,9,6,1,0,18891,6.6,1213,-848,18.2,1889.1
0,9,7,10,0,0,17126,6.8,1386,679,19.5,1712.6,7,9,4,1,0,15740,6.6,-1386,-679,20.2,1574
0,4,14,4,0,0,15001,6.6,-5120,-4011,20.5,1500.1,14,4,16,1,0,20121,7.4,5120,4011,23.3,2012.1
0,4,6,2,0,0,15416,7.2,-2219,-677,21.4,1541.6,6,4,7,2,0,17635,7.2,2219,677,23.7,1763.5
0,5,8,3,0,0,15177,6.6,-2399,-2317,20.6,1517.7,8,5,7,1,0,17576,7,2399,2317,24.3,1757.6
0,4,4,2,0,0,15853,6.8,20,-1382,22.9,1585.3,4,4,3,1,0,15833,7.4,-20,1382,23.2,1583.3
0,8,5,10,1,0,17513,7,834,861,23.4,1751.3,5,8,7,0,0,16679,6.8,-834,-861,21.5,1667.9
0,8,8,9,0,0,16345,7,-1208,-213,20.6,1634.5,8,8,9,2,0,17553,7,1208,213,22.3,1755.3
0,5,9,6,0,0,14826,6.8,-2907,-3389,17.6,1482.6,9,5,2,1,0,17733,7.4,2907,3389,22.9,1773.3
0,7,6,7,0,0,16440,6.8,-635,-1449,19.7,1644,6,7,8,1,0,17075,7,635,1449,24.6,1707.5
1,4,3,4,1,0,16571,7.2,1749,1270,25.8,1657.1,3,4,3,0,0,14822,6.6,-1749,-1270,23.2,1482.2
0,4,10,10,0,0,15928,6.8,-2760,-1949,20.4,1592.8,10,4,13,1,0,18688,7.2,2760,1949,23.3,1868.8
0,7,10,11,1,0,17759,7.2,-695,-2159,24.6,1775.9,10,7,6,0,0,18454,7.4,695,2159,21.4,1845.4
1,2,4,1,0,0,13995,7,-1171,-854,17.6,1399.5,4,2,6,1,0,15166,7,1171,854,21.8,1516.6
1,5,8,5,1,0,16607,7,-1001,-543,22.3,1660.7,8,5,10,1,0,17608,7,1001,543,22.9,1760.8
1,6,4,6,1,0,16398,7.4,14,-28,23.4,1639.8,4,6,5,1,0,15019,7,-14,28,18.9,1501.9
0,3,7,1,0,0,14114,6.8,-3063,-2014,21.5,1411.4,7,3,12,1,0,17177,7.4,3063,2014,22.7,1717.7
1,6,3,4,2,0,18704,7.6,3917,2196,26,1870.4,3,6,1,0,0,14787,7,-3917,-2196,21.6,1478.7
1,6,3,8,0,0,18236,7.2,3586,3431,23.4,1823.6,3,6,4,0,0,14650,6.6,-3586,-3431,22.1,1465
0,5,7,4,0,0,15437,7,-2205,-1308,19.5,1543.7,7,5,6,1,0,17642,7.2,2205,1308,27,1764.2
0,7,10,7,1,0,15842,6.6,-3572,-1330,21.6,1584.2,10,7,10,0,0,19414,7,3572,1330,22.5,1941.4
1,4,4,5,1,0,16476,6.6,896,-140,22.5,1647.6,4,4,1,1,0,15580,6.8,-896,140,22.7,1558
1,8,7,9,1,0,17075,7,399,-182,19.8,1707.5,7,8,6,1,0,16676,7,-399,182,21.9,1667.6
1,10,5,6,1,0,18327,7.2,2980,1865,21.9,1832.7,5,10,3,0,0,15347,6.8,-2980,-1865,23.3,1534.7
0,5,8,6,0,0,15432,7,-2228,-745,22.5,1543.2,8,5,8,1,0,17660,7,2228,745,24.7,1766
0,2,3,3,0,0,14510,6.8,-1456,-251,24.7,1451,3,2,5,2,0,15966,7,1456,251,25.2,1596.6
0,2,8,1,1,0,14426,6.6,-2709,-1468,21,1442.6,8,2,9,0,0,17135,7,2709,1468,23.9,1713.5
1,11,5,9,1,0,19632,7,4648,2498,22.2,1963.2,5,11,7,0,0,14984,6.4,-4648,-2498,18.1,1498.4
1,9,8,6,1,0,17923,7,-37,-100,18.9,1792.3,8,9,9,0,0,17960,7,37,100,20.2,1796
1,4,4,3,0,0,16297,6.8,1772,1255,23.7,1629.7,4,4,4,0,0,14525,6.6,-1772,-1255,20.2,1452.5
1,9,3,9,0,0,20026,7.2,14,-28,24.6,2002.6,3,9,4,1,0,13253,6.2,-14,28,21.8,1325.3
0,5,4,3,1,0,15926,6.6,-299,-1889,24.7,1592.6,4,5,4,0,0,16225,7,299,1889,23,1622.5
1,4,8,5,1,0,15579,6.8,-2227,-1077,20.3,1557.9,8,4,6,1,0,17806,7.2,2227,1077,25.4,1780.6
1,3,7,4,0,0,15270,7,-1429,1040,23.5,1527,7,3,8,0,0,16699,6.4,1429,-1040,20.4,1669.9
0,4,10,4,1,0,15994,7,-2519,-1610,22.9,1599.4,10,4,15,0,0,18513,7.2,2519,1610,23.8,1851.3
0,3,3,3,0,0,16064,7.2,1117,472,24.7,1606.4,3,3,0,2,0,14947,6.8,-1117,-472,22.9,1494.7
1,8,8,12,1,0,16796,6.6,700,1221,18.5,1679.6,8,8,14,0,0,16096,6.2,-700,-1221,17.5,1609.6
1,5,7,4,0,0,15553,6.6,-977,-2180,20.3,1555.3,7,5,5,2,0,16530,7,977,2180,22.2,1653
0,4,6,4,0,0,14838,7,-6265,-3518,18,1483.8,6,4,6,1,0,16378,7,6265,3518,19.4,1637.8
1,4,4,4,0,0,15506,6.6,-154,663,22.9,1550.6,4,4,7,1,0,15660,6.6,154,-663,22.2,1566
0,6,10,3,0,0,16531,7.4,-1114,-398,22.6,1653.1,10,6,10,1,0,17645,7.4,1114,398,19.9,1764.5
0,7,12,9,0,0,16000,6.4,-2111,-2875,19,1600,12,7,11,0,0,18111,7.2,2111,2875,22.1,1811.1
0,6,11,5,0,0,16281,6.8,-2082,-2125,20.9,1628.1,11,6,9,1,0,18363,7.4,2082,2125,20.6,1836.3
1,7,8,7,1,0,17442,6.8,153,-519,23.6,1744.2,8,7,8,0,0,17289,6.8,-153,519,22.6,1728.9
1,10,6,12,1,0,18692,7.4,2830,1589,24.8,1869.2,6,10,4,0,0,15862,6.8,-2830,-1589,21,1586.2
1,5,6,4,1,0,17028,7,1761,2297,23.5,1702.8,6,5,9,1,0,15267,6.6,-1761,-2297,17.7,1526.7
0,0,3,0,1,0,13787,6.8,-2153,-1344,22.5,1378.7,3,0,3,0,0,15940,7.2,2153,1344,23.7,1594
1,5,2,3,2,0,17956,7,4594,2745,27.1,1795.6,2,5,6,0,0,13362,6.4,-4594,-2745,18.7,1336.2
0,2,5,6,1,0,15476,6.8,-781,-1559,23.7,1547.6,5,2,3,1,0,16257,7.2,781,1559,22.7,1625.7
1,4,4,3,2,0,15875,6.8,455,1305,23.4,1587.5,4,4,6,0,0,15420,6.4,-455,-1305,23.3,1542
1,8,9,9,2,0,17030,6.8,-493,-986,20.6,1703,9,8,13,0,0,17523,7.2,493,986,18.6,1752.3
0,3,6,1,0,0,14719,6.6,-2418,-2255,21.4,1471.9,6,3,7,0,0,17137,7,2418,2255,24,1713.7
1,7,4,8,1,0,17617,6.6,241,307,19.9,1761.7,4,7,7,1,0,17376,6.6,-241,-307,21.4,1737.6
0,5,4,6,1,0,16457,7,1023,1754,22.9,1645.7,4,5,7,0,0,15434,6.6,-1023,-1754,21.9,1543.4
0,5,6,9,0,0,15885,6.6,-75,-1566,20.3,1588.5,6,5,1,2,0,15960,7,75,1566,21.1,1596
1,10,4,10,1,0,19107,7.4,3799,2856,23,1910.7,4,10,3,0,0,15308,6.8,-3799,-2856,21,1530.8
1,7,4,10,0,0,16507,6.4,1114,-1294,21.2,1650.7,4,7,5,0,0,15393,6.8,-1114,1294,22.1,1539.3
1,6,4,11,1,0,16538,7.2,1585,1348,23.5,1653.8,4,6,4,0,0,14953,6.6,-1585,-1348,18.9,1495.3
0,3,10,3,0,0,15067,6.6,-2968,-3336,18.6,1506.7,10,3,11,1,0,18035,7.4,2968,3336,21.4,1803.5
0,7,13,11,0,0,16571,6.4,-1624,-3004,17.8,1657.1,13,7,15,0,0,18195,7.2,1624,3004,20.7,1819.5
0,5,8,6,0,0,16530,7.4,-1347,-1433,23.1,1653,8,5,6,1,0,17877,7.6,1347,1433,23.1,1787.7
1,6,6,9,1,0,16239,7,36,-234,20.3,1623.9,6,6,3,0,0,16203,7.2,-36,234,22.4,1620.3
0,6,4,7,0,0,16624,6.8,115,-256,20.8,1662.4,4,6,6,2,0,16509,7,-115,256,23.9,1650.9
0,7,11,7,1,0,15890,6.4,-3280,-2301,20.1,1589,11,7,14,1,0,19170,7.4,3280,2301,22.3,1917
1,13,4,6,0,0,18957,7.4,2842,1659,22.2,1895.7,4,13,7,1,0,16115,6.8,-2842,-1659,23.8,1611.5
1,11,5,10,1,0,18307,7.2,3223,2804,22.8,1830.7,5,11,3,0,0,15084,6.6,-3223,-2804,19.8,1508.4
1,2,3,2,2,0,16394,7.4,1447,1753,26.4,1639.4,3,2,1,0,0,14947,6.8,-1447,-1753,22.7,1494.7
1,3,12,3,1,0,15096,6.2,-2483,-1696,21.2,1509.6,12,3,16,1,0,17579,6.6,2483,1696,21.8,1757.9
1,3,3,5,1,0,15200,6.8,662,33,23,1520,3,3,3,0,0,14538,6.6,-662,-33,20.2,1453.8
1,3,5,3,1,0,14684,6.8,-2212,-1666,21.7,1468.4,5,3,4,0,0,16896,7.2,2212,1666,25.8,1689.6
1,8,8,7,1,0,16228,6.6,-412,22,19.4,1622.8,8,8,9,0,0,16640,6.6,412,-22,20.8,1664
1,9,7,10,1,0,18101,7.2,1645,1489,21.3,1810.1,7,9,5,0,0,16456,6.8,-1645,-1489,18.7,1645.6
0,14,3,15,1,0,16398,7.2,14,-28,21.9,1639.8,3,14,3,1,0,14311,7,-14,28,16.6,1431.1
0,4,5,2,0,0,13933,6.4,-2215,-1879,19.9,1393.3,5,4,6,2,0,16148,6.8,2215,1879,21.2,1614.8
1,11,7,13,1,0,19497,7.2,3611,2847,22.1,1949.7,7,11,9,0,0,15886,6.4,-3611,-2847,16.5,1588.6
1,3,4,1,0,0,15236,7.2,-297,548,23.6,1523.6,4,3,4,1,0,15533,7,297,-548,20.5,1553.3
0,5,3,5,1,0,16700,7.2,1928,1297,24.2,1670,3,5,1,0,0,14772,6.6,-1928,-1297,24.3,1477.2
1,5,1,11,2,0,16506,7,2663,864,21.3,1650.6,1,5,0,0,0,13843,6.6,-2663,-864,22.4,1384.3
1,7,4,11,1,0,16482,6.6,1086,756,22.2,1648.2,4,7,6,0,0,15396,6.4,-1086,-756,21.2,1539.6
1,3,4,2,0,0,15694,7,764,-29,24.1,1569.4,4,3,1,1,0,14930,7,-764,29,22.1,1493
1,7,8,9,1,0,16276,7,-1216,-629,19.5,1627.6,8,7,10,0,0,17492,7,1216,629,21,1749.2
0,12,14,14,1,0,18331,7,-1572,-208,18.1,1833.1,14,12,6,1,0,19903,7,1572,208,22.8,1990.3
1,9,3,10,1,0,17347,7,2547,1386,23,1734.7,3,9,7,0,0,14800,6.6,-2547,-1386,20.8,1480
0,0,9,0,0,0,15090,7,-1931,-299,23.8,1509,9,0,13,1,0,17021,7.2,1931,299,22,1702.1
1,10,8,6,1,0,17799,7,-333,-359,19,1779.9,8,10,7,1,0,18132,7.2,333,359,24.1,1813.2
0,4,8,6,0,0,15694,6.6,-3531,-2649,20.2,1569.4,8,4,8,1,0,19225,7.2,3531,2649,26.5,1922.5
1,7,0,8,0,0,17269,7.2,3425,3823,24.4,1726.9,0,7,0,1,0,13844,6.6,-3425,-3823,22.8,1384.4
1,6,6,3,1,0,16662,7,619,35,23.7,1666.2,6,6,7,0,0,16043,7.2,-619,-35,21.2,1604.3
0,5,9,4,0,0,17292,7,-689,-266,23.8,1729.2,9,5,6,1,0,17981,7,689,266,21.4,1798.1
0,2,5,4,1,0,14772,6.8,-2395,-2173,21.4,1477.2,5,2,5,1,0,17167,7.4,2395,2173,25.8,1716.7
0,2,8,1,1,0,15157,6.8,-1082,-1819,22.8,1515.7,8,2,4,1,0,16239,7,1082,1819,22.9,1623.9
1,7,6,8,0,0,16124,6.8,-467,-86,19.2,1612.4,6,7,8,2,0,16591,6.8,467,86,21.1,1659.1
1,7,5,11,1,0,17881,7.2,3135,2366,25.7,1788.1,5,7,7,0,0,14746,6.6,-3135,-2366,20.1,1474.6
1,10,9,12,2,0,17676,6.8,1209,1019,18.6,1767.6,9,10,7,0,0,16467,6.8,-1209,-1019,18.9,1646.7
0,3,5,3,1,0,15809,6.8,-1462,-1833,21.4,1580.9,5,3,8,1,0,17271,7.4,1462,1833,23.2,1727.1
0,7,4,5,1,0,16960,6.8,-60,10,21.5,1696,4,7,7,1,0,17020,6.8,60,-10,22.2,1702
0,3,4,4,0,0,15372,6.8,-6,-1746,23.4,1537.2,4,3,0,1,0,15378,7.2,6,1746,23.6,1537.8
0,8,9,7,1,0,16527,6.6,-233,-754,19.4,1652.7,9,8,12,1,0,16760,6.8,233,754,19.7,1676
1,6,0,9,0,0,17774,6.8,4232,1501,22.6,1777.4,0,6,0,0,0,13542,7,-4232,-1501,21.8,1354.2
1,3,7,3,1,0,16074,7,-283,-484,23.7,1607.4,7,3,6,0,0,16357,7.2,283,484,22,1635.7
0,4,1,5,2,0,15612,7,1518,1208,23.4,1561.2,1,4,2,0,0,14094,6.8,-1518,-1208,21.3,1409.4
0,10,6,7,0,0,16759,6.4,-4236,-4211,16.3,1675.9,6,10,15,1,0,16378,7.4,4236,4211,18.7,1637.8
0,3,2,5,1,0,14911,6.8,-224,-1942,22.8,1491.1,2,3,2,0,0,15135,7.2,224,1942,24.8,1513.5
1,8,6,14,1,0,16980,6.8,-53,559,21.8,1698,6,8,4,0,0,17033,7,53,-559,24,1703.3
0,3,4,5,0,0,15776,7,969,1563,26.1,1577.6,4,3,5,1,0,14807,6.8,-969,-1563,20.7,1480.7
0,4,7,2,0,0,14961,6.8,-2090,-916,21.5,1496.1,7,4,7,1,0,17051,7,2090,916,23.9,1705.1
1,4,3,6,1,0,16031,7,687,510,22.3,1603.1,3,4,1,0,0,15344,6.6,-687,-510,25.4,1534.4
1,5,5,4,1,0,16313,7,-152,-537,24.2,1631.3,5,5,5,0,0,16465,7.2,152,537,21.3,1646.5
0,6,5,7,1,0,15964,6.8,-68,963,21.7,1596.4,5,6,9,1,0,16032,6.8,68,-963,19.8,1603.2
1,13,9,12,1,0,16398,7.4,2368,1767,26,1639.8,9,13,16,0,0,18173,6.8,-2368,-1767,16.9,1817.3
0,8,4,8,1,0,17415,6.8,2791,1911,23.2,1741.5,4,8,8,0,0,14624,6.2,-2791,-1911,20.5,1462.4
0,6,10,5,1,0,16878,7,-2636,-1390,18.5,1687.8,10,6,9,1,0,19514,7.4,2636,1390,22.7,1951.4
1,5,6,5,1,0,15901,6.8,324,-409,21.3,1590.1,6,5,6,0,0,15577,6.6,-324,409,20.7,1557.7
1,4,6,6,1,0,16040,6.8,-572,35,23.5,1604,6,4,13,0,0,16612,7,572,-35,22.1,1661.2
1,9,4,11,1,0,18140,7.2,2793,3324,20.4,1814,4,9,3,0,0,15347,6.8,-2793,-3324,22.2,1534.7
1,11,6,9,1,0,17229,7,354,736,19.1,1722.9,6,11,6,0,0,16875,6.8,-354,-736,20.2,1687.5
1,5,4,5,1,0,15916,6.8,73,-806,23.7,1591.6,4,5,4,1,0,15843,7,-73,806,23.8,1584.3
0,6,4,8,1,0,15452,7,-1039,827,19.1,1545.2,4,6,4,1,0,16491,6.8,1039,-827,21.5,1649.1
1,5,9,4,0,0,15999,6.8,-1189,-1741,20.3,1599.9,9,5,5,1,0,17188,7.2,1189,1741,22.4,1718.8
0,3,6,3,0,0,14399,6.6,-3656,-2866,22.1,1439.9,6,3,4,0,0,18055,7.4,3656,2866,23.2,1805.5
0,1,7,2,1,0,13449,6.6,-4357,-4959,20.5,1344.9,7,1,9,0,0,17806,7.6,4357,4959,22.6,1780.6
0,3,9,2,1,0,13876,6.6,-3248,-1706,17.5,1387.6,9,3,8,0,0,17124,7,3248,1706,19.4,1712.4
0,5,12,3,0,0,15776,6.8,-3587,-2861,20.9,1577.6,12,5,10,2,0,19363,7.2,3587,2861,19.7,1936.3
0,4,3,2,1,0,15282,7,-35,317,23.2,1528.2,3,4,4,0,0,15317,6.8,35,-317,20.6,1531.7
0,2,7,3,1,0,14258,6.6,-3903,-2516,19.8,1425.8,7,2,8,0,0,18161,7.2,3903,2516,26.1,1816.1
0,2,11,1,0,0,14316,6.6,-4885,-2721,21.4,1431.6,11,2,12,2,0,19201,7.4,4885,2721,24.9,1920.1
1,3,4,3,0,0,15482,6.8,36,-928,24.3,1548.2,4,3,1,2,0,15446,7.2,-36,928,22.6,1544.6
0,5,4,6,0,0,16402,7,1678,1857,25,1640.2,4,5,3,1,0,14724,6.6,-1678,-1857,17.3,1472.4
0,10,7,8,1,0,18822,7,2830,1605,22.4,1882.2,7,10,5,1,0,15992,6.6,-2830,-1605,19.5,1599.2
1,11,4,6,0,0,17702,7.2,1741,675,21.6,1770.2,4,11,2,0,0,15961,6.8,-1741,-675,21.1,1596.1
0,3,6,2,0,0,16178,7,-183,257,25.8,1617.8,6,3,5,1,0,16361,7.2,183,-257,22.6,1636.1
0,5,3,5,0,0,15897,7,485,858,22.6,1589.7,3,5,3,0,0,15412,6.8,-485,-858,23.8,1541.2
1,6,6,5,0,0,16248,7.4,131,1207,20.4,1624.8,6,6,4,0,0,16117,7,-131,-1207,21.1,1611.7
0,3,7,4,1,0,15797,6.8,-1234,26,22.6,1579.7,7,3,8,1,0,17031,7,1234,-26,22.2,1703.1
1,5,6,3,0,0,15678,6.8,-596,774,21.1,1567.8,6,5,9,0,0,16274,6.8,596,-774,22.3,1627.4
1,6,8,7,1,0,16006,6.8,-1493,-1266,23.3,1600.6,8,6,11,0,0,17499,7,1493,1266,24.7,1749.9
1,5,7,3,1,0,16590,7,-283,84,25.1,1659,7,5,8,0,0,16873,7.2,283,-84,20.8,1687.3
0,4,6,5,1,0,14939,6.6,-798,-1418,18.9,1493.9,6,4,13,1,0,15737,6.8,798,1418,21,1573.7
0,5,6,6,1,0,16787,7,-240,-694,24.8,1678.7,6,5,8,1,0,17027,7.2,240,694,21.6,1702.7
1,6,6,4,0,0,17388,7.2,1994,230,25,1738.8,6,6,2,1,0,15394,7.2,-1994,-230,20.5,1539.4
0,2,3,1,0,0,14868,7,-539,-852,25.7,1486.8,3,2,4,1,0,15407,7.2,539,852,24.3,1540.7
0,3,6,3,0,0,15676,6.8,-703,-1216,26.7,1567.6,6,3,8,1,0,16379,6.8,703,1216,22.4,1637.9
0,2,6,1,0,0,14230,6.6,-2647,-1872,23.2,1423,6,2,6,2,0,16877,7,2647,1872,25.4,1687.7
1,5,3,10,0,0,16981,6.8,384,-465,21.4,1698.1,3,5,2,2,0,16597,7,-384,465,22.4,1659.7
0,9,7,13,0,0,16374,6.6,1057,-143,21.8,1637.4,7,9,6,1,0,15317,6.6,-1057,143,19.6,1531.7
0,7,6,6,0,0,17227,7,1687,2040,21.8,1722.7,6,7,7,1,0,15540,6.8,-1687,-2040,20.5,1554
1,7,2,4,0,0,16631,7.2,2088,1774,23.4,1663.1,2,7,3,1,0,14543,6.8,-2088,-1774,20.9,1454.3
0,5,5,4,0,0,15888,6.8,-149,645,21.8,1588.8,5,5,4,1,0,16037,6.6,149,-645,20.4,1603.7
0,3,6,4,0,0,15688,6.8,-1434,-1422,23.9,1568.8,6,3,5,1,0,17122,7,1434,1422,23.7,1712.2
0,5,9,6,0,0,16462,7,-922,-1305,22.3,1646.2,9,5,11,2,0,17384,7.2,922,1305,22.7,1738.4
0,3,7,3,2,0,14548,6.6,-2408,-2325,20.4,1454.8,7,3,5,0,0,16956,7.2,2408,2325,25.3,1695.6
1,11,5,8,1,0,18128,7.2,1851,2008,20.5,1812.8,5,11,9,0,0,16277,6.8,-1851,-2008,21.1,1627.7
1,4,9,3,0,0,15162,6.8,-3051,-2198,22,1516.2,9,4,8,2,0,18213,7.4,3051,2198,25,1821.3
1,2,6,2,0,0,14767,6.6,-1233,-1450,23,1476.7,6,2,7,1,0,16000,6.8,1233,1450,19.3,1600
0,11,2,11,1,0,17384,7,3390,2090,20.2,1738.4,2,11,4,0,0,13994,6.6,-3390,-2090,20.1,1399.4
0,6,4,7,1,0,16159,6.6,1656,1298,20.8,1615.9,4,6,4,0,0,14503,6.4,-1656,-1298,20,1450.3
0,1,4,0,0,0,13046,6.2,-2264,-964,19.7,1304.6,4,1,2,0,0,15310,6.6,2264,964,22.2,1531
0,1,6,1,0,0,15459,7,-2483,-1894,24.3,1545.9,6,1,7,2,0,17942,7.4,2483,1894,25.4,1794.2
0,4,7,3,0,0,13886,7,-4582,-3594,17.8,1388.6,7,4,6,2,0,18468,6.8,4582,3594,21,1846.8
0,6,9,4,1,0,15928,6.8,-1938,-1993,20.6,1592.8,9,6,8,1,0,17866,7.2,1938,1993,24.4,1786.6
0,2,2,1,1,0,14687,6.8,-668,-300,23.4,1468.7,2,2,2,0,0,15355,6.8,668,300,25.5,1535.5
1,5,6,4,1,0,17146,7,954,1154,24,1714.6,6,5,8,1,0,16192,7,-954,-1154,21.2,1619.2
1,13,3,15,1,0,19814,7.6,5468,-28,22.4,1981.4,3,13,3,0,0,14346,6.2,-5468,28,19.7,1434.6
0,10,8,8,0,0,17945,7.4,209,1647,20.6,1794.5,8,10,3,1,0,17736,6.8,-209,-1647,19.6,1773.6
0,6,2,7,1,0,16646,7.2,2352,1002,22.6,1664.6,2,6,2,1,0,14294,6.8,-2352,-1002,21,1429.4
0,9,7,12,0,0,17604,6.8,1538,1118,19.4,1760.4,7,9,7,1,0,16066,6.8,-1538,-1118,16.8,1606.6
0,7,5,5,0,0,16089,6.8,-490,-217,19.8,1608.9,5,7,4,1,0,16579,6.8,490,217,22.9,1657.9
0,6,14,9,1,0,15544,6.2,-4625,-3447,17.6,1554.4,14,6,6,1,0,20169,7.2,4625,3447,23.9,2016.9
0,9,6,11,0,0,17434,7,-3478,-2027,18.8,1743.4,6,9,6,1,0,16378,7.4,3478,2027,19.6,1637.8
0,4,3,5,0,0,15945,7.2,405,487,20.4,1594.5,3,4,2,0,0,15540,7,-405,-487,23.6,1554
0,3,7,2,0,0,15692,7,-560,476,23.4,1569.2,7,3,4,1,0,16252,6.8,560,-476,19.9,1625.2
1,9,6,8,1,0,17469,7.2,2278,2188,20.6,1746.9,6,9,11,0,0,15191,6.4,-2278,-2188,17.4,1519.1
0,4,11,4,0,0,16314,6.8,-2665,-900,25,1631.4,11,4,14,2,0,18979,7,2665,900,20,1897.9
1,6,3,10,0,0,16299,7,1049,-291,23.4,1629.9,3,6,1,0,0,15250,7,-1049,291,24,1525
0,5,7,10,1,0,15844,6.6,-2270,-2033,20.9,1584.4,7,5,9,0,0,18114,7.2,2270,2033,24.3,1811.4
0,5,7,5,0,0,15856,7,295,630,22.4,1585.6,7,5,6,0,0,15561,6.8,-295,-630,17.3,1556.1
0,6,9,5,0,0,15967,6.6,-2162,-2253,21.7,1596.7,9,6,9,0,0,18129,7.2,2162,2253,22.4,1812.9
0,4,2,6,0,0,15236,6.8,194,143,19.6,1523.6,2,4,3,1,0,15042,6.8,-194,-143,25.4,1504.2
0,1,9,2,0,0,12941,6.4,-5519,-28,17.8,1294.1,9,1,10,2,0,18460,7.6,5519,28,25.3,1846
1,10,8,6,1,0,17513,6.6,332,-200,17.4,1751.3,8,10,13,0,0,17181,6.4,-332,200,20.9,1718.1
1,7,4,3,2,0,16700,7,1039,1629,21.8,1670,4,7,3,0,0,15661,7,-1039,-1629,24.8,1566.1
0,7,5,15,0,0,18038,7,3107,2223,24.1,1803.8,5,7,6,1,0,14931,6.4,-3107,-2223,21.8,1493.1
1,5,10,5,0,0,15491,6.4,-2183,-2010,19.4,1549.1,10,5,6,0,0,17674,6.8,2183,2010,22.4,1767.4
0,7,13,9,0,0,16090,6.6,-4191,-2861,18.2,1609,13,7,6,1,0,20281,7.4,4191,2861,21.9,2028.1
1,8,7,6,1,0,17204,7,1072,1587,23.6,1720.4,7,8,7,0,0,16132,6.6,-1072,-1587,22.2,1613.2
1,3,6,2,2,0,15032,6.8,-1920,-363,20.7,1503.2,6,3,8,0,0,16952,7,1920,363,24.6,1695.2
0,8,11,8,0,0,17739,6.6,377,-597,21.5,1773.9,11,8,12,2,0,17362,6.8,-377,597,19.7,1736.2
0,8,9,11,1,0,16894,6.6,-1529,82,20.3,1689.4,9,8,11,1,0,18423,6.8,1529,-82,23.2,1842.3
0,2,6,2,0,0,14944,6.8,-2150,-1318,23.7,1494.4,6,2,11,1,0,17094,7.2,2150,1318,24.1,1709.4
0,3,4,3,0,0,14623,6.4,-1585,-2306,20,1462.3,4,3,6,1,0,16208,6.8,1585,2306,25.3,1620.8
0,5,9,2,0,0,15278,6.8,-3315,-1641,21.9,1527.8,9,5,7,1,0,18593,7.2,3315,1641,22.7,1859.3
0,5,2,6,0,0,17126,7,2361,1802,24.9,1712.6,2,5,2,2,0,14765,6.8,-2361,-1802,23,1476.5
0,4,10,4,1,0,15494,6.8,-2846,-2039,21.1,1549.4,10,4,12,0,0,18340,7.4,2846,2039,21.3,1834
1,6,6,3,1,0,16904,7.2,406,782,24.5,1690.4,6,6,9,1,0,16498,6.8,-406,-782,21,1649.8
1,6,4,8,0,0,17214,7.2,2045,1938,24.4,1721.4,4,6,5,1,0,15169,6.8,-2045,-1938,22,1516.9
1,6,4,8,0,0,16352,7,209,-6,23,1635.2,4,6,6,1,0,16143,7,-209,6,24.3,1614.3
0,4,7,4,0,0,14696,6.6,-2688,-1172,20.2,1469.6,7,4,5,1,0,17384,7,2688,1172,21.2,1738.4
1,4,5,3,0,0,15392,7,-982,-1613,22.2,1539.2,5,4,3,1,0,16374,7.4,982,1613,23.4,1637.4
1,3,1,3,1,0,15928,7.4,1468,1205,26.6,1592.8,1,3,2,0,0,14460,6.8,-1468,-1205,22.8,1446
1,9,4,6,0,0,18417,7.2,3910,3400,23.1,1841.7,4,9,3,2,0,14507,6.6,-3910,-3400,20.6,1450.7
1,2,5,1,0,0,14981,7,-1607,-48,22.2,1498.1,5,2,6,1,0,16588,7.2,1607,48,25.9,1658.8
1,5,7,4,1,0,15994,6.8,-144,1497,22.5,1599.4,7,5,12,0,0,16138,6.4,144,-1497,18.3,1613.8
1,11,8,13,0,0,18420,7,1472,1838,21.8,1842,8,11,9,0,0,16948,6.8,-1472,-1838,20.9,1694.8
0,7,6,6,0,0,17421,7.2,1053,1304,24.1,1742.1,6,7,4,2,0,16368,7.2,-1053,-1304,22.3,1636.8
0,2,11,2,0,0,13671,6.8,-5751,-4242,20.2,1367.1,11,2,12,1,0,19422,7.6,5751,4242,25.9,1942.2
1,6,5,9,1,0,17544,7,1092,1401,23,1754.4,5,6,9,0,0,16452,6.8,-1092,-1401,25.8,1645.2
0,4,8,6,1,0,15589,7,-2268,-1810,21.9,1558.9,8,4,8,0,0,17857,7.4,2268,1810,26.1,1785.7
1,6,1,10,0,0,16702,7.2,1868,1041,23.4,1670.2,1,6,1,1,0,14834,7,-1868,-1041,23,1483.4
1,10,3,12,2,0,18211,7.4,3608,3085,20.9,1821.1,3,10,3,0,0,14603,6.8,-3608,-3085,18.3,1460.3
0,4,9,3,0,0,14640,6.6,-3116,-1994,22.4,1464,9,4,14,1,0,17756,7.2,3116,1994,21.5,1775.6
1,6,7,4,1,0,16211,7.2,-706,-306,20.7,1621.1,7,6,5,0,0,16917,7,706,306,23.9,1691.7
0,6,5,7,0,0,16517,6.4,1402,-566,21.9,1651.7,5,6,3,1,0,15115,7,-1402,566,20.6,1511.5
1,2,3,2,2,0,15723,7.2,139,260,24.6,1572.3,3,2,2,0,0,15584,7.4,-139,-260,25.3,1558.4
0,2,5,3,0,0,14993,6.6,-1481,-1877,24.1,1499.3,5,2,5,1,0,16474,7.2,1481,1877,22.6,1647.4
1,12,5,12,1,0,19576,7.2,4417,2933,23.6,1957.6,5,12,9,0,0,15159,6.2,-4417,-2933,19.8,1515.9
1,5,4,6,0,0,15217,7,-784,754,19.5,1521.7,4,5,5,1,0,16001,6.6,784,-754,23.8,1600.1
1,4,3,5,0,0,15502,7,243,-31,22.3,1550.2,3,4,5,1,0,15259,6.8,-243,31,21.4,1525.9
0,4,7,2,1,0,15125,6.8,-2302,-702,20,1512.5,7,4,9,0,0,17427,6.8,2302,702,20.7,1742.7
1,6,9,3,0,0,15845,6.6,-1018,-981,19.5,1584.5,9,6,7,0,0,16863,7.2,1018,981,21.3,1686.3
1,6,6,8,0,0,16433,7,-350,49,22.9,1643.3,6,6,4,0,0,16783,7,350,-49,22.4,1678.3
1,9,1,11,1,0,18824,7.2,5240,2335,23.7,1882.4,1,9,0,0,0,13584,7,-5240,-2335,21.7,1358.4
1,6,4,4,1,0,16360,6.8,1447,-149,23.4,1636,4,6,2,0,0,14913,7,-1447,149,21.4,1491.3
0,6,8,8,1,0,15128,6.2,-1187,-1137,17.2,1512.8,8,6,9,0,0,16315,6.8,1187,1137,17.9,1631.5
1,11,7,6,1,0,18317,7.2,2214,1305,22.9,1831.7,7,11,8,0,0,16103,7,-2214,-1305,20.4,1610.3
0,6,6,4,1,0,16248,7,174,1511,22,1624.8,6,6,7,0,0,16074,6.6,-174,-1511,21.1,1607.4
0,4,7,3,0,0,15871,6.8,-967,-1216,23.4,1587.1,7,4,8,1,0,16838,7.2,967,1216,21.4,1683.8
1,9,4,10,1,0,17779,7.2,2178,1829,22,1777.9,4,9,2,0,0,15601,6.8,-2178,-1829,24.4,1560.1
0,8,5,9,0,0,16785,6.8,-860,214,18.6,1678.5,5,8,7,1,0,17645,6.6,860,-214,23.6,1764.5
1,5,6,3,2,0,15524,6.8,-700,83,18.2,1552.4,6,5,7,0,0,16224,6.8,700,-83,19.4,1622.4
1,6,7,7,0,0,16592,7,813,1232,22.1,1659.2,7,6,8,0,0,15779,7,-813,-1232,19.5,1577.9
1,7,0,9,2,0,19148,7,14,-28,23.2,1914.8,0,7,0,0,0,16378,7,-14,28,21.8,1637.8
0,8,5,7,0,0,17337,7,2429,2405,22.8,1733.7,5,8,5,1,0,14908,6.6,-2429,-2405,19.8,1490.8
1,5,6,7,0,0,16003,6.6,-954,-1007,21.3,1600.3,6,5,14,1,0,16957,7,954,1007,26.1,1695.7
1,8,3,9,1,0,17370,7.4,2279,2409,24.9,1737,3,8,7,1,0,15091,7,-2279,-2409,22.9,1509.1
1,10,5,5,0,0,18036,7.4,2203,1534,24.3,1803.6,5,10,5,1,0,15833,7,-2203,-1534,19.3,1583.3
1,3,5,2,1,0,14711,7,-1244,-548,20.9,1471.1,5,3,6,1,0,15955,7.2,1244,548,23.4,1595.5
0,7,4,5,2,0,16468,6.8,142,-58,22.4,1646.8,4,7,6,0,0,16326,7,-142,58,20.9,1632.6
0,4,9,2,0,0,15285,6.8,-974,-815,19.4,1528.5,9,4,12,1,0,16259,6.6,974,815,18.4,1625.9
0,10,6,5,1,0,17151,7,267,553,19.5,1715.1,6,10,5,0,0,16884,6.8,-267,-553,23.4,1688.4
1,10,7,12,0,0,17951,6.6,2095,628,21.1,1795.1,7,10,4,0,0,15856,6.8,-2095,-628,17.1,1585.6
0,6,9,4,0,0,15917,6.8,-3142,-2289,20,1591.7,9,6,8,0,0,19059,7.4,3142,2289,24.3,1905.9
0,8,8,11,1,0,17399,7,381,865,24.5,1739.9,8,8,9,0,0,17018,6.4,-381,-865,23.7,1701.8
1,7,3,7,1,0,17639,7.2,2392,1200,24.7,1763.9,3,7,3,0,0,15247,6.8,-2392,-1200,21.4,1524.7
0,11,10,6,0,0,17183,7,157,1673,20.8,1718.3,10,11,14,1,0,17026,6.8,-157,-1673,18.8,1702.6
0,8,8,7,0,0,17130,6.8,690,664,22.1,1713,8,8,14,0,0,16440,6.8,-690,-664,20.8,1644
0,4,6,6,0,0,15920,6.6,-905,-2229,22.9,1592,6,4,12,2,0,16825,7,905,2229,22.4,1682.5
0,10,9,10,0,0,17818,6.8,-1272,-1634,20.4,1781.8,9,10,9,0,0,19090,7.2,1272,1634,25.8,1909
0,3,3,3,2,0,15956,6.8,656,526,21.5,1595.6,3,3,5,0,0,15300,6.8,-656,-526,21.2,1530
1,4,4,7,0,0,15582,6.4,977,134,23.8,1558.2,4,4,7,1,0,14605,6.4,-977,-134,20.4,1460.5
0,5,10,5,2,0,16486,7,-2249,-1547,24.4,1648.6,10,5,12,0,0,18735,7.4,2249,1547,21.4,1873.5
1,6,3,9,1,0,15692,6.8,189,-99,21.7,1569.2,3,6,2,0,0,15503,6.6,-189,99,24.4,1550.3
0,4,8,5,0,0,14232,6.6,-3089,-3265,19.7,1423.2,8,4,7,1,0,17321,7.2,3089,3265,25.1,1732.1
1,7,8,10,1,0,18133,7,1025,-1153,21.5,1813.3,8,7,5,1,0,17108,6.8,-1025,1153,21.8,1710.8
1,6,6,6,1,0,16398,7,14,1865,20.8,1639.8,6,6,9,0,0,15605,6.4,-14,-1865,17.1,1560.5
1,4,6,6,2,0,15564,7,-1075,378,21.4,1556.4,6,4,11,0,0,16639,7,1075,-378,24,1663.9
1,3,3,3,1,0,14977,7,98,161,22.3,1497.7,3,3,4,0,0,14879,6.8,-98,-161,22.4,1487.9
0,5,10,7,0,0,16263,6.8,-1911,-2325,19.8,1626.3,10,5,7,1,0,18174,7.2,1911,2325,22,1817.4
1,7,2,7,1,0,18477,7.2,4458,3839,27.5,1847.7,2,7,4,0,0,14019,6.2,-4458,-3839,18.8,1401.9
0,7,7,11,2,0,16484,7,-375,-752,20.2,1648.4,7,7,5,0,0,16859,7.2,375,752,21.9,1685.9
0,2,2,2,1,0,15167,6.8,7,-659,24.4,1516.7,2,2,3,0,0,15160,7.2,-7,659,24.2,1516
0,5,8,5,0,0,16007,7.2,-1534,-167,20.7,1600.7,8,5,9,2,0,17541,6.8,1534,167,19.6,1754.1
1,8,6,8,0,0,18093,7,1882,1490,23.1,1809.3,6,8,8,0,0,16211,6.8,-1882,-1490,20.3,1621.1
1,10,8,10,0,0,18588,7.2,2382,2614,22.5,1858.8,8,10,7,0,0,16206,6.8,-2382,-2614,19.2,1620.6
1,8,1,8,1,0,16853,7,2751,1464,22.6,1685.3,1,8,0,0,0,14102,6.8,-2751,-1464,19.9,1410.2
1,7,7,9,0,0,16323,7.2,-451,336,21.3,1632.3,7,7,10,1,0,16774,6.8,451,-336,21.9,1677.4
1,4,6,2,0,0,15063,6.8,-1213,-1013,20.6,1506.3,6,4,2,1,0,16276,7,1213,1013,25.3,1627.6
0,4,7,10,0,0,14929,6.2,-3291,-2502,22.3,1492.9,7,4,8,2,0,18220,7.2,3291,2502,24.8,1822
1,6,3,5,2,0,17119,7.2,2031,1967,23.3,1711.9,3,6,3,0,0,15088,6.8,-2031,-1967,20.9,1508.8
0,9,7,10,2,0,19049,7,1618,-74,20.2,1904.9,7,9,8,0,0,17431,6.8,-1618,74,20.9,1743.1
0,14,5,6,1,0,19452,7,3682,1284,20.9,1945.2,5,14,6,0,0,15770,6.6,-3682,-1284,20.7,1577
0,1,12,0,1,0,13981,6.6,-5870,-3642,22,1398.1,12,1,6,0,0,19851,7.4,5870,3642,23.4,1985.1
0,7,11,7,0,0,15418,6.4,-3531,-3889,20.3,1541.8,11,7,15,2,0,18949,7.4,3531,3889,21.5,1894.9
1,8,5,9,1,0,17636,7.2,2360,2396,21.8,1763.6,5,8,4,0,0,15276,6.6,-2360,-2396,18.8,1527.6
1,6,7,8,1,0,17026,7.2,326,85,22.9,1702.6,7,6,6,0,0,16700,6.8,-326,-85,21.7,1670
0,8,3,10,1,0,17084,7.2,2148,1700,21.9,1708.4,3,8,2,0,0,14936,6.4,-2148,-1700,21.7,1493.6
0,3,7,3,0,0,14501,6.6,-2930,-2779,19.5,1450.1,7,3,5,1,0,17431,7.2,2930,2779,23.9,1743.1
1,4,5,7,0,0,15745,6.8,-1300,-652,23.6,1574.5,5,4,10,1,0,17045,7.2,1300,652,25.2,1704.5
1,5,7,6,1,0,16571,7,88,413,22,1657.1,7,5,7,0,0,16483,7,-88,-413,20.2,1648.3
0,5,7,7,0,0,17224,6.8,631,-265,22.9,1722.4,7,5,6,1,0,16593,7.2,-631,265,21.8,1659.3
1,9,1,14,0,0,18518,7.4,4619,2904,22.4,1851.8,1,9,2,1,0,13899,6.6,-4619,-2904,20.5,1389.9
0,5,11,5,0,0,17155,7.2,-1516,391,22.4,1715.5,11,5,12,1,0,18671,7,1516,-391,22.8,1867.1
1,5,5,6,1,0,16046,6.8,699,18,23.4,1604.6,5,5,6,0,0,15347,6.6,-699,-18,19.9,1534.7
0,6,3,6,0,0,16986,7,2587,1971,22.6,1698.6,3,6,4,1,0,14399,6.6,-2587,-1971,20.8,1439.9
1,4,6,5,1,0,16368,7,-180,-890,21.6,1636.8,6,4,5,1,0,16548,7.4,180,890,22.4,1654.8
0,4,10,4,0,0,15302,6.8,-3051,-2123,21,1530.2,10,4,12,1,0,18353,7,3051,2123,21.5,1835.3
0,5,6,3,1,0,15367,7.2,-2021,-768,21.7,1536.7,6,5,7,0,0,17388,7.4,2021,768,23.8,1738.8
0,2,3,4,1,0,15178,6.8,-673,-1332,23.6,1517.8,3,2,5,1,0,15851,7.2,673,1332,25.2,1585.1
0,4,7,3,0,0,13824,6.2,-5059,-28,16.7,1382.4,7,4,9,2,0,18883,7.6,5059,28,23.5,1888.3
0,7,11,8,0,0,15919,6.8,-2604,-1096,20,1591.9,11,7,10,0,0,18523,7,2604,1096,18.3,1852.3
0,5,11,2,1,0,16627,7,-844,737,22.9,1662.7,11,5,14,0,0,17471,7,844,-737,20.6,1747.1
0,1,5,2,1,0,14032,6.4,-1935,-1534,22,1403.2,5,1,5,0,0,15967,7.2,1935,1534,23.1,1596.7
1,13,5,6,1,0,18787,7,3886,1777,19.3,1878.7,5,13,5,0,0,14901,6.6,-3886,-1777,17.5,1490.1
0,2,5,3,0,0,15205,6.6,-977,-1320,24.8,1520.5,5,2,8,0,0,16182,7,977,1320,18.6,1618.2
0,4,8,4,1,0,15651,6.8,-1990,-3002,20.1,1565.1,8,4,6,0,0,17641,7.4,1990,3002,22.6,1764.1
0,7,2,6,0,0,17376,7,2809,1740,23.8,1737.6,2,7,3,1,0,14567,6.6,-2809,-1740,23.4,1456.7
0,4,11,5,1,0,15788,6.6,-3084,-3141,22.3,1578.8,11,4,9,0,0,18872,7.6,3084,3141,23,1887.2
0,4,6,4,0,0,15688,6.6,-162,-553,22.6,1568.8,6,4,10,0,0,15850,7,162,553,23.3,1585
1,4,6,2,1,0,15374,6.8,-780,107,22.3,1537.4,6,4,6,1,0,16154,7.2,780,-107,23.1,1615.4
0,2,5,0,1,0,13418,6.4,-2958,-1733,18.9,1341.8,5,2,5,1,0,16376,7,2958,1733,22,1637.6
0,4,11,4,0,0,16398,7,14,-28,21.8,1639.8,11,4,14,0,0,18932,6.4,-14,28,20.3,1893.2
1,8,10,8,0,0,15984,6.6,-2111,-1573,20.6,1598.4,10,8,14,1,0,18095,6.8,2111,1573,20.8,1809.5
1,3,5,3,0,0,15908,7.4,-1194,-1133,22,1590.8,5,3,4,1,0,17102,7.2,1194,1133,25.5,1710.2
0,6,11,6,0,0,15240,7,-3562,-2590,16.2,1524,11,6,8,1,0,18802,7.4,3562,2590,22.1,1880.2
1,3,4,3,1,0,14943,6.8,-626,61,22.3,1494.3,4,3,8,0,0,15569,6.8,626,-61,23.3,1556.9
1,4,6,7,0,0,15634,7.2,-1848,-617,23.5,1563.4,6,4,9,1,0,17482,7.2,1848,617,25.6,1748.2
1,6,7,10,1,0,17071,7.2,374,1465,24.5,1707.1,7,6,10,0,0,16697,6.8,-374,-1465,20.9,1669.7
1,4,7,7,1,0,15726,7.2,-1614,-418,22.2,1572.6,7,4,9,1,0,17340,7,1614,418,23.9,1734
0,3,2,4,0,0,15249,7.2,-162,1520,24,1524.9,2,3,3,2,0,15411,6.8,162,-1520,24.8,1541.1
1,6,2,8,1,0,16055,7,583,439,20.8,1605.5,2,6,1,0,0,15472,7.2,-583,-439,25.9,1547.2
0,2,8,1,0,0,13446,6.4,-4676,-3551,19,1344.6,8,2,9,2,0,18122,7.2,4676,3551,24.3,1812.2
0,4,4,5,1,0,15903,7,428,400,23.9,1590.3,4,4,6,0,0,15475,6.8,-428,-400,21.7,1547.5
0,9,5,7,0,0,16940,7.2,893,256,20.3,1694,5,9,5,1,0,16047,7,-893,-256,22.8,1604.7
1,8,4,7,1,0,16882,7.2,1632,1767,22.1,1688.2,4,8,4,0,0,15250,6.6,-1632,-1767,17.9,1525
0,6,7,3,0,0,15894,7,-1019,-1564,21.2,1589.4,7,6,4,1,0,16913,7.2,1019,1564,22.9,1691.3
1,4,1,13,2,0,16047,7,1976,1778,24.4,1604.7,1,4,1,0,0,14071,6.8,-1976,-1778,22.2,1407.1
0,4,8,2,0,0,14709,6.6,-2591,-1250,21.7,1470.9,8,4,10,1,0,17300,7.2,2591,1250,23.6,1730
1,6,6,9,1,0,16368,7,-1314,-1708,23.4,1636.8,6,6,4,1,0,17682,7.2,1314,1708,23,1768.2
0,7,8,9,1,0,17394,6.8,188,-676,26.1,1739.4,8,7,7,0,0,17206,7,-188,676,21.2,1720.6
1,6,6,7,1,0,15950,6.8,175,-234,19.6,1595,6,6,4,0,0,15775,6.8,-175,234,22.1,1577.5
0,2,7,3,0,0,15268,6.8,-880,179,21.4,1526.8,7,2,8,0,0,16148,6.6,880,-179,19.8,1614.8
1,10,2,12,0,0,18274,6.8,4693,2968,23.2,1827.4,2,10,1,0,0,13581,6.4,-4693,-2968,17.9,1358.1
0,5,7,6,0,0,15993,6.8,-645,-448,20.6,1599.3,7,5,9,1,0,16638,6.8,645,448,19.7,1663.8
0,3,6,7,1,0,14857,6.8,-959,-1248,22.6,1485.7,6,3,3,1,0,15816,6.8,959,1248,19.5,1581.6
1,9,4,11,1,0,18503,7.4,2527,1695,25,1850.3,4,9,9,0,0,15976,7,-2527,-1695,21,1597.6
1,8,7,11,1,0,17442,7.2,-347,966,21,1744.2,7,8,10,0,0,17789,7.2,347,-966,21.8,1778.9
0,4,13,5,0,0,14478,6.2,-5087,-4618,17.1,1447.8,13,4,12,0,0,19565,7.2,5087,4618,19.9,1956.5
1,6,4,10,2,0,17086,7,1838,-689,22.9,1708.6,4,6,7,0,0,15248,7.2,-1838,689,23.1,1524.8
1,5,7,6,1,0,18075,7.2,600,289,23.3,1807.5,7,5,6,1,0,17475,7,-600,-289,22.4,1747.5
1,5,4,5,1,0,15965,7,725,1773,20.8,1596.5,4,5,5,1,0,15240,6.8,-725,-1773,20.2,1524
1,4,7,1,0,0,15261,7,-1461,-69,22.3,1526.1,7,4,8,1,0,16722,7,1461,69,21.5,1672.2
1,1,2,0,1,0,14603,7,670,1446,23.2,1460.3,2,1,5,0,0,13933,6.8,-670,-1446,19.7,1393.3
0,1,3,0,1,0,13836,6.6,-1798,-674,21.3,1383.6,3,1,4,1,0,15634,6.8,1798,674,25.1,1563.4
1,7,1,5,1,0,17170,7,3234,2427,25.1,1717,1,7,1,0,0,13936,6.8,-3234,-2427,20.3,1393.6
0,9,12,12,1,0,16198,7,-2121,-1038,16.5,1619.8,12,9,7,1,0,18319,7.4,2121,1038,18.7,1831.9
1,5,3,2,0,0,16923,7.2,1974,1712,22.2,1692.3,3,5,5,1,0,14949,6.8,-1974,-1712,20.2,1494.9
0,4,5,5,2,0,15131,6.8,-727,343,21.4,1513.1,5,4,2,0,0,15858,6.8,727,-343,24.8,1585.8
1,7,7,9,0,0,17155,7,756,1,23.1,1715.5,7,7,8,1,0,16399,7,-756,-1,21.6,1639.9
1,12,6,13,0,0,18573,7.2,2639,2364,20.7,1857.3,6,12,6,0,0,15934,6.6,-2639,-2364,19.7,1593.4
1,7,4,5,1,0,17765,7.2,2519,2469,21.1,1776.5,4,7,7,0,0,15246,6.8,-2519,-2469,22.9,1524.6
1,6,4,8,1,0,16238,7.2,782,888,23.3,1623.8,4,6,3,0,0,15456,7,-782,-888,20.6,1545.6
0,6,7,5,0,0,15903,7,-2416,-1877,21,1590.3,7,6,11,1,0,18319,7.4,2416,1877,26.1,1831.9
0,2,3,3,1,0,14459,6.6,-839,-1085,22.4,1445.9,3,2,1,0,0,15298,7.2,839,1085,24.7,1529.8
1,6,6,5,0,0,16266,7,927,-58,20.7,1626.6,6,6,4,1,0,15339,6.8,-927,58,20.1,1533.9
